{"info":{"_postman_id":"0340397a-9e2e-43c4-b1ea-fa621001a7ce","name":"Swagger Petstore","description":"This is a sample server Petstore server.  You can find out more about     Swagger at [http://swagger.io](http://swagger.io) or on [irc.freenode.net, #swagger](http://swagger.io/irc/).      For this sample, you can use the api key `special-key` to test the authorization     filters.\n\nContact Support:\n Email: apiteam@swagger.io","schema":"https://schema.getpostman.com/json/collection/v2.1.0/collection.json"},"item":[{"name":"pet","item":[{"name":"{pet Id}","item":[{"name":"Find pet by ID","id":"4b04a2c6-3a43-4d36-8b53-e69fdc7948f1","protocolProfileBehavior":{"disableBodyPruning":true},"request":{"auth":{"type":"apikey","apikey":[{"key":"key","value":"api_key","type":"string"},{"key":"value","value":"<API Key>","type":"string"},{"key":"in","value":"header","type":"string"}]},"method":"GET","header":[{"key":"Accept","value":"application/xml"}],"url":{"raw":"{{baseUrl}}/pet/:petId","host":["{{baseUrl}}"],"path":["pet",":petId"],"variable":[{"id":"87088ff4-dd6b-4c51-bbeb-687f917b4384","key":"petId","value":"11120738","description":"(Required) ID of pet to return"}]},"description":"Returns a single pet"},"response":[{"id":"e6f49800-6c78-4690-abef-868645d926d3","name":"successful operation","originalRequest":{"method":"GET","header":[{"description":"Added as a part of security scheme: apikey","key":"api_key","value":"<API Key>"}],"url":{"raw":"{{baseUrl}}/pet/:petId","host":["{{baseUrl}}"],"path":["pet",":petId"],"variable":[{"key":"petId","value":"11120738","description":"(Required) ID of pet to return"}]}},"status":"OK","code":200,"_postman_previewlanguage":"json","header":[{"key":"Content-Type","value":"application/json"}],"cookie":[],"responseTime":null,"body":"{\n  \"name\": \"doggie\",\n  \"photoUrls\": [\n    \"occaecat sunt ex\",\n    \"non ullamco\"\n  ],\n  \"id\": 6402090,\n  \"category\": {\n    \"id\": 81479411,\n    \"name\": \"aliqua Ut\"\n  },\n  \"tags\": [\n    {\n      \"id\": -9537701,\n      \"name\": \"nostrud ea\"\n    },\n    {\n      \"id\": -73031071,\n      \"name\": \"nulla ipsum magna aliqua\"\n    }\n  ],\n  \"status\": \"pending\"\n}"},{"id":"c57555b1-4eae-45a8-bc51-8406fd6b2f77","name":"Invalid ID supplied","originalRequest":{"method":"GET","header":[{"description":"Added as a part of security scheme: apikey","key":"api_key","value":"<API Key>"}],"url":{"raw":"{{baseUrl}}/pet/:petId","host":["{{baseUrl}}"],"path":["pet",":petId"],"variable":[{"key":"petId","value":"11120738","description":"(Required) ID of pet to return"}]}},"status":"Bad Request","code":400,"_postman_previewlanguage":"text","header":[{"key":"Content-Type","value":"text/plain"}],"cookie":[],"responseTime":null,"body":""},{"id":"c41a5de2-d9a3-46b4-994d-84465fc0c56c","name":"Pet not found","originalRequest":{"method":"GET","header":[{"description":"Added as a part of security scheme: apikey","key":"api_key","value":"<API Key>"}],"url":{"raw":"{{baseUrl}}/pet/:petId","host":["{{baseUrl}}"],"path":["pet",":petId"],"variable":[{"key":"petId","value":"11120738","description":"(Required) ID of pet to return"}]}},"status":"Not Found","code":404,"_postman_previewlanguage":"text","header":[{"key":"Content-Type","value":"text/plain"}],"cookie":[],"responseTime":null,"body":""}]},{"name":"Updates a pet in the store with form data","id":"3c08e219-79c7-426e-bb5c-09145446413a","protocolProfileBehavior":{"disableBodyPruning":true},"request":{"auth":{"type":"oauth2","oauth2":[{"key":"scope","value":"write:pets read:pets","type":"string"},{"key":"authUrl","value":"http://petstore.swagger.io/oauth/dialog","type":"string"},{"key":"grant_type","value":"implicit","type":"string"}]},"method":"POST","header":[{"key":"Content-Type","value":"application/x-www-form-urlencoded"}],"body":{"mode":"urlencoded","urlencoded":[{"key":"name","value":"occaecat dolor incididunt ad minim","description":"Updated name of the pet"},{"key":"status","value":"veniam laboris","description":"Updated status of the pet"}]},"url":{"raw":"{{baseUrl}}/pet/:petId","host":["{{baseUrl}}"],"path":["pet",":petId"],"variable":[{"id":"08a61ce8-5e54-42eb-936c-c221115ad6b6","key":"petId","value":"11120738","description":"(Required) ID of pet that needs to be updated"}]}},"response":[{"id":"551dd810-42d9-4233-a1e6-43286c87c04a","name":"Invalid input","originalRequest":{"method":"POST","header":[{"description":"Added as a part of security scheme: oauth2","key":"Authorization","value":"<token>"}],"body":{"mode":"urlencoded","urlencoded":[{"description":"Updated name of the pet","key":"name","value":"occaecat dolor incididunt ad minim"},{"description":"Updated status of the pet","key":"status","value":"veniam laboris"}]},"url":{"raw":"{{baseUrl}}/pet/:petId","host":["{{baseUrl}}"],"path":["pet",":petId"],"variable":[{"key":"petId","value":"11120738","description":"(Required) ID of pet that needs to be updated"}]}},"status":"Method Not Allowed","code":405,"_postman_previewlanguage":"text","header":[{"key":"Content-Type","value":"text/plain"}],"cookie":[],"responseTime":null,"body":""}]},{"name":"Deletes a pet","id":"0f86cb74-0646-4f07-a42b-b56ac8d332fd","protocolProfileBehavior":{"disableBodyPruning":true},"request":{"auth":{"type":"oauth2","oauth2":[{"key":"scope","value":"write:pets read:pets","type":"string"},{"key":"authUrl","value":"http://petstore.swagger.io/oauth/dialog","type":"string"},{"key":"grant_type","value":"implicit","type":"string"}]},"method":"DELETE","header":[{"key":"api_key","value":"dolor in id do"}],"url":{"raw":"{{baseUrl}}/pet/:petId","host":["{{baseUrl}}"],"path":["pet",":petId"],"variable":[{"id":"cefac8ae-ce87-4eb6-b707-29d4c021cbb0","key":"petId","value":"11120738","description":"(Required) Pet id to delete"}]}},"response":[{"id":"b552e2b9-417c-4f4e-aec8-65bcc3c50efa","name":"Invalid ID supplied","originalRequest":{"method":"DELETE","header":[{"description":"Added as a part of security scheme: oauth2","key":"Authorization","value":"<token>"},{"key":"api_key","value":"dolor in id do"}],"url":{"raw":"{{baseUrl}}/pet/:petId","host":["{{baseUrl}}"],"path":["pet",":petId"],"variable":[{"key":"petId","value":"11120738","description":"(Required) Pet id to delete"}]}},"status":"Bad Request","code":400,"_postman_previewlanguage":"text","header":[{"key":"Content-Type","value":"text/plain"}],"cookie":[],"responseTime":null,"body":""},{"id":"b61af18a-3e67-4f15-8326-a402821bc1d5","name":"Pet not found","originalRequest":{"method":"DELETE","header":[{"description":"Added as a part of security scheme: oauth2","key":"Authorization","value":"<token>"},{"key":"api_key","value":"dolor in id do"}],"url":{"raw":"{{baseUrl}}/pet/:petId","host":["{{baseUrl}}"],"path":["pet",":petId"],"variable":[{"key":"petId","value":"11120738","description":"(Required) Pet id to delete"}]}},"status":"Not Found","code":404,"_postman_previewlanguage":"text","header":[{"key":"Content-Type","value":"text/plain"}],"cookie":[],"responseTime":null,"body":""}]},{"name":"uploads an image","id":"dca3a3b9-9573-4be6-b8ed-49bb09d901a3","protocolProfileBehavior":{"disableBodyPruning":true},"request":{"auth":{"type":"oauth2","oauth2":[{"key":"scope","value":"write:pets read:pets","type":"string"},{"key":"authUrl","value":"http://petstore.swagger.io/oauth/dialog","type":"string"},{"key":"grant_type","value":"implicit","type":"string"}]},"method":"POST","header":[{"key":"Content-Type","value":"multipart/form-data"},{"key":"Accept","value":"application/json"}],"body":{"mode":"formdata","formdata":[{"key":"additionalMetadata","value":"enim non exercitation","type":"text","description":"Additional data to pass to server"},{"key":"file","type":"file","description":"file to upload","value":null}]},"url":{"raw":"{{baseUrl}}/pet/:petId/uploadImage","host":["{{baseUrl}}"],"path":["pet",":petId","uploadImage"],"variable":[{"id":"b149d254-04b7-4377-92d1-4c6221ee4d8b","key":"petId","value":"11120738","description":"(Required) ID of pet to update"}]}},"response":[{"id":"5fadc1ec-3a89-43c8-b358-69010be67f39","name":"successful operation","originalRequest":{"method":"POST","header":[{"description":"Added as a part of security scheme: oauth2","key":"Authorization","value":"<token>"}],"body":{"mode":"formdata","formdata":[{"description":"Additional data to pass to server","key":"additionalMetadata","value":"enim non exercitation","type":"text"},{"description":"file to upload","key":"file","type":"file"}]},"url":{"raw":"{{baseUrl}}/pet/:petId/uploadImage","host":["{{baseUrl}}"],"path":["pet",":petId","uploadImage"],"variable":[{"key":"petId","value":"11120738","description":"(Required) ID of pet to update"}]}},"status":"OK","code":200,"_postman_previewlanguage":"json","header":[{"key":"Content-Type","value":"application/json"}],"cookie":[],"responseTime":null,"body":"{\n  \"code\": -17573719,\n  \"type\": \"nostrud amet\",\n  \"message\": \"mollit quis magna\"\n}"}]}],"id":"db201400-c8c7-4e6a-82a8-401f07a68d8a"},{"name":"Update an existing pet","id":"d04958e7-e483-4d2b-8a35-db9869f1c93e","protocolProfileBehavior":{"disableBodyPruning":true},"request":{"auth":{"type":"oauth2","oauth2":[{"key":"scope","value":"write:pets read:pets","type":"string"},{"key":"authUrl","value":"http://petstore.swagger.io/oauth/dialog","type":"string"},{"key":"grant_type","value":"implicit","type":"string"}]},"method":"PUT","header":[{"key":"Content-Type","value":"application/json"}],"body":{"mode":"raw","raw":"{\n  \"name\": \"doggie\",\n  \"photoUrls\": [\n    \"irure tempor\",\n    \"nostrud nulla\"\n  ],\n  \"id\": 43847100,\n  \"category\": {\n    \"id\": 29821869,\n    \"name\": \"deserunt enim irure\"\n  },\n  \"tags\": [\n    {\n      \"id\": -99210630,\n      \"name\": \"sunt ut et\"\n    },\n    {\n      \"id\": 86085238,\n      \"name\": \"est in Duis\"\n    }\n  ],\n  \"status\": \"pending\"\n}","options":{"raw":{"language":"json"}}},"url":{"raw":"{{baseUrl}}/pet","host":["{{baseUrl}}"],"path":["pet"]}},"response":[{"id":"883224e7-f88e-40b4-b805-1b4d548c30f3","name":"Invalid ID supplied","originalRequest":{"method":"PUT","header":[{"description":"Added as a part of security scheme: oauth2","key":"Authorization","value":"<token>"}],"body":{"mode":"raw","raw":"{\n  \"name\": \"doggie\",\n  \"photoUrls\": [\n    \"occaecat sunt ex\",\n    \"non ullamco\"\n  ],\n  \"id\": 6402090,\n  \"category\": {\n    \"id\": 81479411,\n    \"name\": \"aliqua Ut\"\n  },\n  \"tags\": [\n    {\n      \"id\": -9537701,\n      \"name\": \"nostrud ea\"\n    },\n    {\n      \"id\": -73031071,\n      \"name\": \"nulla ipsum magna aliqua\"\n    }\n  ],\n  \"status\": \"pending\"\n}","options":{"raw":{"language":"json"}}},"url":{"raw":"{{baseUrl}}/pet","host":["{{baseUrl}}"],"path":["pet"]}},"status":"Bad Request","code":400,"_postman_previewlanguage":"text","header":[{"key":"Content-Type","value":"text/plain"}],"cookie":[],"responseTime":null,"body":""},{"id":"0661ae07-de49-408d-bf74-6e3e5b4e7988","name":"Pet not found","originalRequest":{"method":"PUT","header":[{"description":"Added as a part of security scheme: oauth2","key":"Authorization","value":"<token>"}],"body":{"mode":"raw","raw":"{\n  \"name\": \"doggie\",\n  \"photoUrls\": [\n    \"occaecat sunt ex\",\n    \"non ullamco\"\n  ],\n  \"id\": 6402090,\n  \"category\": {\n    \"id\": 81479411,\n    \"name\": \"aliqua Ut\"\n  },\n  \"tags\": [\n    {\n      \"id\": -9537701,\n      \"name\": \"nostrud ea\"\n    },\n    {\n      \"id\": -73031071,\n      \"name\": \"nulla ipsum magna aliqua\"\n    }\n  ],\n  \"status\": \"pending\"\n}","options":{"raw":{"language":"json"}}},"url":{"raw":"{{baseUrl}}/pet","host":["{{baseUrl}}"],"path":["pet"]}},"status":"Not Found","code":404,"_postman_previewlanguage":"text","header":[{"key":"Content-Type","value":"text/plain"}],"cookie":[],"responseTime":null,"body":""},{"id":"705ebe70-79dc-4cc4-bf9e-b51f7545bd23","name":"Validation exception","originalRequest":{"method":"PUT","header":[{"description":"Added as a part of security scheme: oauth2","key":"Authorization","value":"<token>"}],"body":{"mode":"raw","raw":"{\n  \"name\": \"doggie\",\n  \"photoUrls\": [\n    \"occaecat sunt ex\",\n    \"non ullamco\"\n  ],\n  \"id\": 6402090,\n  \"category\": {\n    \"id\": 81479411,\n    \"name\": \"aliqua Ut\"\n  },\n  \"tags\": [\n    {\n      \"id\": -9537701,\n      \"name\": \"nostrud ea\"\n    },\n    {\n      \"id\": -73031071,\n      \"name\": \"nulla ipsum magna aliqua\"\n    }\n  ],\n  \"status\": \"pending\"\n}","options":{"raw":{"language":"json"}}},"url":{"raw":"{{baseUrl}}/pet","host":["{{baseUrl}}"],"path":["pet"]}},"status":"Method Not Allowed","code":405,"_postman_previewlanguage":"text","header":[{"key":"Content-Type","value":"text/plain"}],"cookie":[],"responseTime":null,"body":""}]},{"name":"Add a new pet to the store","id":"3b2338a9-284b-4911-881f-94c1c274de41","protocolProfileBehavior":{"disableBodyPruning":true},"request":{"auth":{"type":"oauth2","oauth2":[{"key":"scope","value":"write:pets read:pets","type":"string"},{"key":"authUrl","value":"http://petstore.swagger.io/oauth/dialog","type":"string"},{"key":"grant_type","value":"implicit","type":"string"}]},"method":"POST","header":[{"key":"Content-Type","value":"application/json"}],"body":{"mode":"raw","raw":"{\n  \"name\": \"doggie\",\n  \"photoUrls\": [\n    \"occaecat sunt ex\",\n    \"non ullamco\"\n  ],\n  \"id\": 6402090,\n  \"category\": {\n    \"id\": 81479411,\n    \"name\": \"aliqua Ut\"\n  },\n  \"tags\": [\n    {\n      \"id\": -9537701,\n      \"name\": \"nostrud ea\"\n    },\n    {\n      \"id\": -73031071,\n      \"name\": \"nulla ipsum magna aliqua\"\n    }\n  ],\n  \"status\": \"pending\"\n}","options":{"raw":{"language":"json"}}},"url":{"raw":"{{baseUrl}}/pet","host":["{{baseUrl}}"],"path":["pet"]}},"response":[{"id":"174f9092-7254-4749-96d7-c18ff956c3da","name":"Invalid input","originalRequest":{"method":"POST","header":[{"description":"Added as a part of security scheme: oauth2","key":"Authorization","value":"<token>"}],"body":{"mode":"raw","raw":"{\n  \"name\": \"doggie\",\n  \"photoUrls\": [\n    \"occaecat sunt ex\",\n    \"non ullamco\"\n  ],\n  \"id\": 6402090,\n  \"category\": {\n    \"id\": 81479411,\n    \"name\": \"aliqua Ut\"\n  },\n  \"tags\": [\n    {\n      \"id\": -9537701,\n      \"name\": \"nostrud ea\"\n    },\n    {\n      \"id\": -73031071,\n      \"name\": \"nulla ipsum magna aliqua\"\n    }\n  ],\n  \"status\": \"pending\"\n}","options":{"raw":{"language":"json"}}},"url":{"raw":"{{baseUrl}}/pet","host":["{{baseUrl}}"],"path":["pet"]}},"status":"Method Not Allowed","code":405,"_postman_previewlanguage":"text","header":[{"key":"Content-Type","value":"text/plain"}],"cookie":[],"responseTime":null,"body":""}]},{"name":"Finds Pets by status","id":"29e32082-304b-41b6-a147-56fd8be162c2","protocolProfileBehavior":{"disableBodyPruning":true},"request":{"auth":{"type":"oauth2","oauth2":[{"key":"scope","value":"write:pets read:pets","type":"string"},{"key":"authUrl","value":"http://petstore.swagger.io/oauth/dialog","type":"string"},{"key":"grant_type","value":"implicit","type":"string"}]},"method":"GET","header":[{"key":"Accept","value":"application/xml"}],"url":{"raw":"{{baseUrl}}/pet/findByStatus?status=available&status=available","host":["{{baseUrl}}"],"path":["pet","findByStatus"],"query":[{"key":"status","value":"available","description":"(Required) Status values that need to be considered for filter"},{"key":"status","value":"available","description":"(Required) Status values that need to be considered for filter"}]},"description":"Multiple status values can be provided with comma separated strings"},"response":[{"id":"963d4f9c-376c-4563-a71b-df4d5af8b13b","name":"successful operation","originalRequest":{"method":"GET","header":[{"description":"Added as a part of security scheme: oauth2","key":"Authorization","value":"<token>"}],"url":{"raw":"{{baseUrl}}/pet/findByStatus?status=available&status=available","host":["{{baseUrl}}"],"path":["pet","findByStatus"],"query":[{"key":"status","value":"available"},{"key":"status","value":"available"}]}},"status":"OK","code":200,"_postman_previewlanguage":"json","header":[{"key":"Content-Type","value":"application/json"}],"cookie":[],"responseTime":null,"body":"[\n  {\n    \"name\": \"doggie\",\n    \"photoUrls\": [\n      \"elit in ut\",\n      \"aute velit\"\n    ],\n    \"id\": -76291678,\n    \"category\": {\n      \"id\": -9403765,\n      \"name\": \"ut proident\"\n    },\n    \"tags\": [\n      {\n        \"id\": 57491804,\n        \"name\": \"veniam\"\n      },\n      {\n        \"id\": -16804240,\n        \"name\": \"ea nisi ipsum\"\n      }\n    ],\n    \"status\": \"sold\"\n  },\n  {\n    \"name\": \"doggie\",\n    \"photoUrls\": [\n      \"non esse\",\n      \"proident dolore ea\"\n    ],\n    \"id\": 6178144,\n    \"category\": {\n      \"id\": -99993198,\n      \"name\": \"sed U\"\n    },\n    \"tags\": [\n      {\n        \"id\": 33638491,\n        \"name\": \"sint in esse Lorem et\"\n      },\n      {\n        \"id\": 40336613,\n        \"name\": \"irure in velit\"\n      }\n    ],\n    \"status\": \"available\"\n  }\n]"},{"id":"309f2ed7-ee25-4f4e-b817-e65e73b98151","name":"Invalid status value","originalRequest":{"method":"GET","header":[{"description":"Added as a part of security scheme: oauth2","key":"Authorization","value":"<token>"}],"url":{"raw":"{{baseUrl}}/pet/findByStatus?status=available&status=available","host":["{{baseUrl}}"],"path":["pet","findByStatus"],"query":[{"key":"status","value":"available"},{"key":"status","value":"available"}]}},"status":"Bad Request","code":400,"_postman_previewlanguage":"text","header":[{"key":"Content-Type","value":"text/plain"}],"cookie":[],"responseTime":null,"body":""}]},{"name":"Finds Pets by tags","id":"4e2334d4-80a9-432b-9cc3-1bd4d5f406cf","protocolProfileBehavior":{"disableBodyPruning":true},"request":{"auth":{"type":"oauth2","oauth2":[{"key":"scope","value":"write:pets read:pets","type":"string"},{"key":"authUrl","value":"http://petstore.swagger.io/oauth/dialog","type":"string"},{"key":"grant_type","value":"implicit","type":"string"}]},"method":"GET","header":[{"key":"Accept","value":"application/xml"}],"url":{"raw":"{{baseUrl}}/pet/findByTags?tags=esse laboris Ut consequat adipisicing&tags=commodo incididunt","host":["{{baseUrl}}"],"path":["pet","findByTags"],"query":[{"key":"tags","value":"esse laboris Ut consequat adipisicing","description":"(Required) Tags to filter by"},{"key":"tags","value":"commodo incididunt","description":"(Required) Tags to filter by"}]},"description":"Muliple tags can be provided with comma separated strings. Use         tag1, tag2, tag3 for testing."},"response":[{"id":"1c343744-5a92-46fa-aeff-7ce3bbd5625d","name":"successful operation","originalRequest":{"method":"GET","header":[{"description":"Added as a part of security scheme: oauth2","key":"Authorization","value":"<token>"}],"url":{"raw":"{{baseUrl}}/pet/findByTags?tags=veniam exercitation irure&tags=ut et commodo laborum","host":["{{baseUrl}}"],"path":["pet","findByTags"],"query":[{"key":"tags","value":"veniam exercitation irure"},{"key":"tags","value":"ut et commodo laborum"}]}},"status":"OK","code":200,"_postman_previewlanguage":"json","header":[{"key":"Content-Type","value":"application/json"}],"cookie":[],"responseTime":null,"body":"[\n  {\n    \"name\": \"doggie\",\n    \"photoUrls\": [\n      \"elit in ut\",\n      \"aute velit\"\n    ],\n    \"id\": -76291678,\n    \"category\": {\n      \"id\": -9403765,\n      \"name\": \"ut proident\"\n    },\n    \"tags\": [\n      {\n        \"id\": 57491804,\n        \"name\": \"veniam\"\n      },\n      {\n        \"id\": -16804240,\n        \"name\": \"ea nisi ipsum\"\n      }\n    ],\n    \"status\": \"sold\"\n  },\n  {\n    \"name\": \"doggie\",\n    \"photoUrls\": [\n      \"non esse\",\n      \"proident dolore ea\"\n    ],\n    \"id\": 6178144,\n    \"category\": {\n      \"id\": -99993198,\n      \"name\": \"sed U\"\n    },\n    \"tags\": [\n      {\n        \"id\": 33638491,\n        \"name\": \"sint in esse Lorem et\"\n      },\n      {\n        \"id\": 40336613,\n        \"name\": \"irure in velit\"\n      }\n    ],\n    \"status\": \"available\"\n  }\n]"},{"id":"f3f008fc-b332-4648-8277-7a745792d4c6","name":"Invalid tag value","originalRequest":{"method":"GET","header":[{"description":"Added as a part of security scheme: oauth2","key":"Authorization","value":"<token>"}],"url":{"raw":"{{baseUrl}}/pet/findByTags?tags=veniam exercitation irure&tags=ut et commodo laborum","host":["{{baseUrl}}"],"path":["pet","findByTags"],"query":[{"key":"tags","value":"veniam exercitation irure"},{"key":"tags","value":"ut et commodo laborum"}]}},"status":"Bad Request","code":400,"_postman_previewlanguage":"text","header":[{"key":"Content-Type","value":"text/plain"}],"cookie":[],"responseTime":null,"body":""}]}],"id":"589b49af-b5f0-4743-a271-636db883971f"},{"name":"store","item":[{"name":"order","item":[{"name":"{order Id}","item":[{"name":"Find purchase order by ID","id":"e6a9fad8-468e-4ed8-bf1e-f8992b40fbce","protocolProfileBehavior":{"disableBodyPruning":true},"request":{"method":"GET","header":[{"key":"Accept","value":"application/xml"}],"url":{"raw":"{{baseUrl}}/store/order/:orderId","host":["{{baseUrl}}"],"path":["store","order",":orderId"],"variable":[{"id":"47639617-371e-4707-b4b1-0b5a69562d6f","key":"orderId","value":"2","description":"(Required) ID of pet that needs to be fetched"}]},"description":"For valid response try integer IDs with value >= 1 and <= 10.         Other values will generated exceptions"},"response":[{"id":"b71256df-8ba8-4253-8ee9-e914a6ed332c","name":"successful operation","originalRequest":{"method":"GET","header":[],"url":{"raw":"{{baseUrl}}/store/order/:orderId","host":["{{baseUrl}}"],"path":["store","order",":orderId"],"variable":[{"key":"orderId","value":"2","description":"(Required) ID of pet that needs to be fetched"}]}},"status":"OK","code":200,"_postman_previewlanguage":"json","header":[{"key":"Content-Type","value":"application/json"}],"cookie":[],"responseTime":null,"body":"{\n  \"id\": -38911959,\n  \"petId\": 70554598,\n  \"quantity\": 47716951,\n  \"shipDate\": \"2003-01-26T04:32:21.284Z\",\n  \"status\": \"delivered\",\n  \"complete\": false\n}"},{"id":"e102ab7e-700e-43ba-a5bb-25ca90785541","name":"Invalid ID supplied","originalRequest":{"method":"GET","header":[],"url":{"raw":"{{baseUrl}}/store/order/:orderId","host":["{{baseUrl}}"],"path":["store","order",":orderId"],"variable":[{"key":"orderId","value":"2","description":"(Required) ID of pet that needs to be fetched"}]}},"status":"Bad Request","code":400,"_postman_previewlanguage":"text","header":[{"key":"Content-Type","value":"text/plain"}],"cookie":[],"responseTime":null,"body":""},{"id":"227fab08-e2ed-4d4a-afe1-efe67a76cc31","name":"Order not found","originalRequest":{"method":"GET","header":[],"url":{"raw":"{{baseUrl}}/store/order/:orderId","host":["{{baseUrl}}"],"path":["store","order",":orderId"],"variable":[{"key":"orderId","value":"2","description":"(Required) ID of pet that needs to be fetched"}]}},"status":"Not Found","code":404,"_postman_previewlanguage":"text","header":[{"key":"Content-Type","value":"text/plain"}],"cookie":[],"responseTime":null,"body":""}]},{"name":"Delete purchase order by ID","id":"31ae1c40-b13b-4b9f-872f-3938bb5d8333","protocolProfileBehavior":{"disableBodyPruning":true},"request":{"method":"DELETE","header":[],"url":{"raw":"{{baseUrl}}/store/order/:orderId","host":["{{baseUrl}}"],"path":["store","order",":orderId"],"variable":[{"id":"4850cc42-082b-44c6-a0c2-53ee69586ae8","key":"orderId","value":"37880519","description":"(Required) ID of the order that needs to be deleted"}]},"description":"For valid response try integer IDs with positive integer value.         Negative or non-integer values will generate API errors"},"response":[{"id":"c27e7e10-99b6-4fae-9682-3cb8cdc302c6","name":"Invalid ID supplied","originalRequest":{"method":"DELETE","header":[],"url":{"raw":"{{baseUrl}}/store/order/:orderId","host":["{{baseUrl}}"],"path":["store","order",":orderId"],"variable":[{"key":"orderId","value":"37880519","description":"(Required) ID of the order that needs to be deleted"}]}},"status":"Bad Request","code":400,"_postman_previewlanguage":"text","header":[{"key":"Content-Type","value":"text/plain"}],"cookie":[],"responseTime":null,"body":""},{"id":"ccc459d9-0b65-458c-96b5-a23b3ee3f3d5","name":"Order not found","originalRequest":{"method":"DELETE","header":[],"url":{"raw":"{{baseUrl}}/store/order/:orderId","host":["{{baseUrl}}"],"path":["store","order",":orderId"],"variable":[{"key":"orderId","value":"37880519","description":"(Required) ID of the order that needs to be deleted"}]}},"status":"Not Found","code":404,"_postman_previewlanguage":"text","header":[{"key":"Content-Type","value":"text/plain"}],"cookie":[],"responseTime":null,"body":""}]}],"id":"51a3640a-72bf-4b6c-bb5d-91ed644e3d3d"},{"name":"Place an order for a pet","id":"2ce2e180-985f-4778-843b-e8897122cd27","protocolProfileBehavior":{"disableBodyPruning":true},"request":{"method":"POST","header":[{"key":"Content-Type","value":"*/*"},{"key":"Accept","value":"application/xml"}],"body":{"mode":"raw","raw":"[object Object]"},"url":{"raw":"{{baseUrl}}/store/order","host":["{{baseUrl}}"],"path":["store","order"]}},"response":[{"id":"884a8a75-462b-4d06-9e1c-d1909b3d4bd0","name":"successful operation","originalRequest":{"method":"POST","header":[],"body":{"mode":"raw","raw":"[object Object]"},"url":{"raw":"{{baseUrl}}/store/order","host":["{{baseUrl}}"],"path":["store","order"]}},"status":"OK","code":200,"_postman_previewlanguage":"json","header":[{"key":"Content-Type","value":"application/json"}],"cookie":[],"responseTime":null,"body":"{\n  \"id\": -38911959,\n  \"petId\": 70554598,\n  \"quantity\": 47716951,\n  \"shipDate\": \"2003-01-26T04:32:21.284Z\",\n  \"status\": \"delivered\",\n  \"complete\": false\n}"},{"id":"eeea5244-6a03-4c15-ae73-0e69f0b1ef01","name":"Invalid Order","originalRequest":{"method":"POST","header":[],"body":{"mode":"raw","raw":"[object Object]"},"url":{"raw":"{{baseUrl}}/store/order","host":["{{baseUrl}}"],"path":["store","order"]}},"status":"Bad Request","code":400,"_postman_previewlanguage":"text","header":[{"key":"Content-Type","value":"text/plain"}],"cookie":[],"responseTime":null,"body":""}]}],"id":"14eeb262-f81d-4b8b-bab0-5edfdff53d26"},{"name":"Returns pet inventories by status","id":"0c8d7d41-8d4c-449d-9a6e-20e85c344034","protocolProfileBehavior":{"disableBodyPruning":true},"request":{"auth":{"type":"apikey","apikey":[{"key":"key","value":"api_key","type":"string"},{"key":"value","value":"<API Key>","type":"string"},{"key":"in","value":"header","type":"string"}]},"method":"GET","header":[{"key":"Accept","value":"application/json"}],"url":{"raw":"{{baseUrl}}/store/inventory","host":["{{baseUrl}}"],"path":["store","inventory"]},"description":"Returns a map of status codes to quantities"},"response":[{"id":"d42663f5-c0cb-4775-a545-2c9e0dd95158","name":"successful operation","originalRequest":{"method":"GET","header":[{"description":"Added as a part of security scheme: apikey","key":"api_key","value":"<API Key>"}],"url":{"raw":"{{baseUrl}}/store/inventory","host":["{{baseUrl}}"],"path":["store","inventory"]}},"status":"OK","code":200,"_postman_previewlanguage":"json","header":[{"key":"Content-Type","value":"application/json"}],"cookie":[],"responseTime":null,"body":"{\n  \"eiusmod__1\": -27644965,\n  \"eu_33\": 91821604,\n  \"elita40\": 2814572,\n  \"in_c1\": 51983969\n}"}]}],"id":"616bce8a-3681-4337-b0fc-5283f8017d82"},{"name":"user","item":[{"name":"{username}","item":[{"name":"Get user by user name","id":"a0c0b511-0a3a-474c-a98f-e34824f4402d","protocolProfileBehavior":{"disableBodyPruning":true},"request":{"method":"GET","header":[{"key":"Accept","value":"application/xml"}],"url":{"raw":"{{baseUrl}}/user/:username","host":["{{baseUrl}}"],"path":["user",":username"],"variable":[{"id":"90a37928-3634-4577-a30a-84ad89f2cfad","key":"username","value":"dolor in id do","description":"(Required) The name that needs to be fetched. Use user1 for testing. "}]}},"response":[{"id":"05cf6e08-8a9e-4bd9-8a4b-e0b0b91f4232","name":"successful operation","originalRequest":{"method":"GET","header":[],"url":{"raw":"{{baseUrl}}/user/:username","host":["{{baseUrl}}"],"path":["user",":username"],"variable":[{"key":"username","value":"dolor in id do","description":"(Required) The name that needs to be fetched. Use user1 for testing. "}]}},"status":"OK","code":200,"_postman_previewlanguage":"json","header":[{"key":"Content-Type","value":"application/json"}],"cookie":[],"responseTime":null,"body":"{\n  \"id\": -19114284,\n  \"username\": \"culpa in\",\n  \"firstName\": \"id ea dolore Lorem\",\n  \"lastName\": \"anim cupidatat f\",\n  \"email\": \"ut mollit\",\n  \"password\": \"dolore et do exercitation\",\n  \"phone\": \"velit\",\n  \"userStatus\": 53109351\n}"},{"id":"8e314677-7200-48dc-90c0-b8bf4f79104d","name":"Invalid username supplied","originalRequest":{"method":"GET","header":[],"url":{"raw":"{{baseUrl}}/user/:username","host":["{{baseUrl}}"],"path":["user",":username"],"variable":[{"key":"username","value":"dolor in id do","description":"(Required) The name that needs to be fetched. Use user1 for testing. "}]}},"status":"Bad Request","code":400,"_postman_previewlanguage":"text","header":[{"key":"Content-Type","value":"text/plain"}],"cookie":[],"responseTime":null,"body":""},{"id":"ed0b96c8-844c-4497-990c-696f44ab2262","name":"User not found","originalRequest":{"method":"GET","header":[],"url":{"raw":"{{baseUrl}}/user/:username","host":["{{baseUrl}}"],"path":["user",":username"],"variable":[{"key":"username","value":"dolor in id do","description":"(Required) The name that needs to be fetched. Use user1 for testing. "}]}},"status":"Not Found","code":404,"_postman_previewlanguage":"text","header":[{"key":"Content-Type","value":"text/plain"}],"cookie":[],"responseTime":null,"body":""}]},{"name":"Updated user","id":"6fa7a3c2-7d5c-4b2a-a31a-95d2345c381a","protocolProfileBehavior":{"disableBodyPruning":true},"request":{"method":"PUT","header":[{"key":"Content-Type","value":"*/*"}],"body":{"mode":"raw","raw":"[object Object]"},"url":{"raw":"{{baseUrl}}/user/:username","host":["{{baseUrl}}"],"path":["user",":username"],"variable":[{"id":"57a1dc13-efbc-4bb6-90bf-79237be079dd","key":"username","value":"dolor in id do","description":"(Required) name that need to be updated"}]},"description":"This can only be done by the logged in user."},"response":[{"id":"d002edb6-8b7a-47dc-958a-e05ca162bf30","name":"Invalid user supplied","originalRequest":{"method":"PUT","header":[],"body":{"mode":"raw","raw":"[object Object]"},"url":{"raw":"{{baseUrl}}/user/:username","host":["{{baseUrl}}"],"path":["user",":username"],"variable":[{"key":"username","value":"dolor in id do","description":"(Required) name that need to be updated"}]}},"status":"Bad Request","code":400,"_postman_previewlanguage":"text","header":[{"key":"Content-Type","value":"text/plain"}],"cookie":[],"responseTime":null,"body":""},{"id":"cdac6982-b20e-446c-a501-f5b24f8f8ff1","name":"User not found","originalRequest":{"method":"PUT","header":[],"body":{"mode":"raw","raw":"[object Object]"},"url":{"raw":"{{baseUrl}}/user/:username","host":["{{baseUrl}}"],"path":["user",":username"],"variable":[{"key":"username","value":"dolor in id do","description":"(Required) name that need to be updated"}]}},"status":"Not Found","code":404,"_postman_previewlanguage":"text","header":[{"key":"Content-Type","value":"text/plain"}],"cookie":[],"responseTime":null,"body":""}]},{"name":"Delete user","id":"baf55798-1f82-4937-a11a-028b8491fa64","protocolProfileBehavior":{"disableBodyPruning":true},"request":{"method":"DELETE","header":[],"url":{"raw":"{{baseUrl}}/user/:username","host":["{{baseUrl}}"],"path":["user",":username"],"variable":[{"id":"45ef3576-eba9-497f-ab6a-9b7ffa49a565","key":"username","value":"dolor in id do","description":"(Required) The name that needs to be deleted"}]},"description":"This can only be done by the logged in user."},"response":[{"id":"67e8be34-6038-4e84-9acf-5822edfc0965","name":"Invalid username supplied","originalRequest":{"method":"DELETE","header":[],"url":{"raw":"{{baseUrl}}/user/:username","host":["{{baseUrl}}"],"path":["user",":username"],"variable":[{"key":"username","value":"dolor in id do","description":"(Required) The name that needs to be deleted"}]}},"status":"Bad Request","code":400,"_postman_previewlanguage":"text","header":[{"key":"Content-Type","value":"text/plain"}],"cookie":[],"responseTime":null,"body":""},{"id":"f796c36b-4b9f-4216-9691-c535e4cdaf4f","name":"User not found","originalRequest":{"method":"DELETE","header":[],"url":{"raw":"{{baseUrl}}/user/:username","host":["{{baseUrl}}"],"path":["user",":username"],"variable":[{"key":"username","value":"dolor in id do","description":"(Required) The name that needs to be deleted"}]}},"status":"Not Found","code":404,"_postman_previewlanguage":"text","header":[{"key":"Content-Type","value":"text/plain"}],"cookie":[],"responseTime":null,"body":""}]}],"id":"11aa6116-238b-4424-b05d-dfcad2caa688"},{"name":"Create user","id":"0cc4965d-e692-4b5b-ac71-052bbb80e9b5","protocolProfileBehavior":{"disableBodyPruning":true},"request":{"method":"POST","header":[{"key":"Content-Type","value":"*/*"}],"body":{"mode":"raw","raw":"[object Object]"},"url":{"raw":"{{baseUrl}}/user","host":["{{baseUrl}}"],"path":["user"]},"description":"This can only be done by the logged in user."},"response":[{"id":"c15190e7-3905-489a-a30c-fdec8d950984","name":"successful operation","originalRequest":{"method":"POST","header":[],"body":{"mode":"raw","raw":"[object Object]"},"url":{"raw":"{{baseUrl}}/user","host":["{{baseUrl}}"],"path":["user"]}},"status":"Internal Server Error","code":500,"_postman_previewlanguage":"text","header":[{"key":"Content-Type","value":"text/plain"}],"cookie":[],"responseTime":null,"body":""}]},{"name":"Creates list of users with given input array","id":"13deb54d-cc94-4a29-97d3-f8a80da41023","protocolProfileBehavior":{"disableBodyPruning":true},"request":{"method":"POST","header":[{"key":"Content-Type","value":"*/*"}],"body":{"mode":"raw","raw":"[object Object],[object Object]"},"url":{"raw":"{{baseUrl}}/user/createWithArray","host":["{{baseUrl}}"],"path":["user","createWithArray"]}},"response":[{"id":"718797c9-bf61-44e3-9cee-c11b0f3f7d34","name":"successful operation","originalRequest":{"method":"POST","header":[],"body":{"mode":"raw","raw":"[object Object],[object Object]"},"url":{"raw":"{{baseUrl}}/user/createWithArray","host":["{{baseUrl}}"],"path":["user","createWithArray"]}},"status":"Internal Server Error","code":500,"_postman_previewlanguage":"text","header":[{"key":"Content-Type","value":"text/plain"}],"cookie":[],"responseTime":null,"body":""}]},{"name":"Creates list of users with given input array","id":"0aaba84b-4195-4ac3-865a-54c4772c5cb8","protocolProfileBehavior":{"disableBodyPruning":true},"request":{"method":"POST","header":[{"key":"Content-Type","value":"*/*"}],"body":{"mode":"raw","raw":"[object Object],[object Object]"},"url":{"raw":"{{baseUrl}}/user/createWithList","host":["{{baseUrl}}"],"path":["user","createWithList"]}},"response":[{"id":"b3b1f7b5-94e6-4272-9b94-430543dbe023","name":"successful operation","originalRequest":{"method":"POST","header":[],"body":{"mode":"raw","raw":"[object Object],[object Object]"},"url":{"raw":"{{baseUrl}}/user/createWithList","host":["{{baseUrl}}"],"path":["user","createWithList"]}},"status":"Internal Server Error","code":500,"_postman_previewlanguage":"text","header":[{"key":"Content-Type","value":"text/plain"}],"cookie":[],"responseTime":null,"body":""}]},{"name":"Logs user into the system","id":"8c6104af-0045-495f-91b4-514ff40680e4","protocolProfileBehavior":{"disableBodyPruning":true},"request":{"method":"GET","header":[{"key":"Accept","value":"application/xml"}],"url":{"raw":"{{baseUrl}}/user/login?username=dolor in id do&password=dolor in id do","host":["{{baseUrl}}"],"path":["user","login"],"query":[{"key":"username","value":"dolor in id do","description":"(Required) The user name for login"},{"key":"password","value":"dolor in id do","description":"(Required) The password for login in clear text"}]}},"response":[{"id":"36c965e6-e86f-4db4-a67e-063bf96a1568","name":"successful operation","originalRequest":{"method":"GET","header":[],"url":{"raw":"{{baseUrl}}/user/login?username=dolor in id do&password=dolor in id do","host":["{{baseUrl}}"],"path":["user","login"],"query":[{"key":"username","value":"dolor in id do"},{"key":"password","value":"dolor in id do"}]}},"status":"OK","code":200,"_postman_previewlanguage":"json","header":[{"disabled":false,"description":"calls per hour allowed by the user","key":"X-Rate-Limit","value":"-79868338"},{"disabled":false,"description":"date in UTC when token expires","key":"X-Expires-After","value":"1979-07-10T19:46:30.993Z"},{"key":"Content-Type","value":"application/json"}],"cookie":[],"responseTime":null,"body":"\"dolor in id do\""},{"id":"387bf6bd-1f8c-4630-a570-7f8fd99d5fe8","name":"Invalid username/password supplied","originalRequest":{"method":"GET","header":[],"url":{"raw":"{{baseUrl}}/user/login?username=dolor in id do&password=dolor in id do","host":["{{baseUrl}}"],"path":["user","login"],"query":[{"key":"username","value":"dolor in id do"},{"key":"password","value":"dolor in id do"}]}},"status":"Bad Request","code":400,"_postman_previewlanguage":"text","header":[{"key":"Content-Type","value":"text/plain"}],"cookie":[],"responseTime":null,"body":""}]},{"name":"Logs out current logged in user session","id":"79d4bdbc-ddb1-4ead-9ed8-02a9b17a79a1","protocolProfileBehavior":{"disableBodyPruning":true},"request":{"method":"GET","header":[],"url":{"raw":"{{baseUrl}}/user/logout","host":["{{baseUrl}}"],"path":["user","logout"]}},"response":[{"id":"cb93811d-db47-402c-973e-aa3f0b9467ca","name":"successful operation","originalRequest":{"method":"GET","header":[],"url":{"raw":"{{baseUrl}}/user/logout","host":["{{baseUrl}}"],"path":["user","logout"]}},"status":"Internal Server Error","code":500,"_postman_previewlanguage":"text","header":[{"key":"Content-Type","value":"text/plain"}],"cookie":[],"responseTime":null,"body":""}]}],"id":"ad069cc5-daf1-449d-a139-2d5776b778da"}],"variable":[{"id":"7457c272-7b62-4877-842d-a30533a31e35","key":"baseUrl","value":"https://petstore.swagger.io/v2","type":"string"}]}