{"info":{"_postman_id":"046b3ad4-16a3-4f05-a983-3fb4e189f13d","name":"New Collection","schema":"https://schema.getpostman.com/json/collection/v2.1.0/collection.json"},"item":[{"name":"Advent of code","id":"073483ce-3e74-4377-9a10-b26a16d71de5","protocolProfileBehavior":{"disableBodyPruning":true},"request":{"method":"GET","header":[{"key":"Cookie","value":"session=53616c7465645f5f87b14837191701d4d289088033417514b8813fbd1d7104bb9c6f482c2183138e6ec62e4c928d3001758419c300245d7c18da61347eddb4bb","type":"text"}],"url":{"raw":"https://adventofcode.com/2022/day/3/input","protocol":"https","host":["adventofcode","com"],"path":["2022","day","3","input"]}},"response":[]}]}