{"info":{"_postman_id":"0d600a86-7fc8-468d-aa2a-5783cc858052","name":"Receipt Images","description":"Allows for the management of receipt images attached to expense reports, expense entries, and payment requests. You can retrieve existing images by Image ID, and upload new images to a User. This API allows you to upload images in a predefined format and size targeting a specific resource or user in SAP Concur. You can also pull images down from SAP Concur by either displaying them in the browser or downloading the image content to save locally. Note: This API is not designed to obtain the receipt images attached to an expense report. If you are an Enterprise Partner creating integrations that are intended to obtain final-approved Expense or Invoice data, and the accompanying receipt images that substantiate those transactions you will need to use Image v1.","schema":"https://schema.getpostman.com/json/collection/v2.1.0/collection.json"},"item":[{"name":"expense","item":[{"name":"receiptimages","item":[{"name":"{id}","item":[{"name":"Get a receipt image URL","id":"7f562ca1-e534-4dc7-acca-c9af71e6f1df","protocolProfileBehavior":{"disableBodyPruning":true},"request":{"method":"GET","header":[{"key":"Accept","value":"application/json"}],"url":{"raw":"{{baseUrl}}/expense/receiptimages/:id?user=<string>","host":["{{baseUrl}}"],"path":["expense","receiptimages",":id"],"query":[{"description":"The login ID of the user. Optional. The user must have the Web Services Admin (Professional) or Can Administer (Standard) user role to use this parameter.","key":"user","value":"<string>"}],"variable":[{"id":"93cef056-0e46-4011-b482-e71789159e3b","key":"id","value":"<string>"}]},"description":"Get a receipt image URL by image ID."},"response":[{"id":"f94868c2-4f8b-4899-bbdd-f510a1217da2","name":"Success","originalRequest":{"method":"GET","header":[{"key":"Accept","value":"application/json"},{"description":"Added as a part of security scheme: oauth2","key":"Authorization","value":"<token>"}],"url":{"raw":"{{baseUrl}}/expense/receiptimages/:id?user=<string>","host":["{{baseUrl}}"],"path":["expense","receiptimages",":id"],"query":[{"description":"The login ID of the user. Optional. The user must have the Web Services Admin (Professional) or Can Administer (Standard) user role to use this parameter.","key":"user","value":"<string>"}],"variable":[{"key":"id"}]}},"status":"OK","code":200,"_postman_previewlanguage":"json","header":[{"key":"Content-Type","value":"application/json"}],"cookie":[],"responseTime":null,"body":"{\n  \"ID\": \"<string>\",\n  \"URI\": \"<string>\"\n}"}]},{"name":"Append a receipt image","id":"0ef67984-cd88-4ecd-861b-d773d1fded81","protocolProfileBehavior":{"disableBodyPruning":true},"request":{"method":"PUT","header":[{"key":"Content-Type","value":"application/json"},{"key":"Accept","value":"application/json"}],"body":{"mode":"raw","raw":"{}","options":{"raw":{"headerFamily":"json","language":"json"}}},"url":{"raw":"{{baseUrl}}/expense/receiptimages/:id?user=<string>","host":["{{baseUrl}}"],"path":["expense","receiptimages",":id"],"query":[{"description":"The login ID of the user. Optional. The user must have the Web Services Admin (Professional) or Can Administer (Standard) user role to use this parameter.","key":"user","value":"<string>"}],"variable":[{"id":"978f00a0-e382-4be8-ad18-a97ee4d217fb","key":"id","value":"<string>"}]},"description":"Appends a receipt image to an existing image. The resulting image will be a consolidated PDF."},"response":[{"id":"a3b22c52-dc2f-46e8-8bb2-837f71983311","name":"Success","originalRequest":{"method":"PUT","header":[{"key":"Content-Type","value":"application/json"},{"key":"Accept","value":"application/json"},{"description":"Added as a part of security scheme: oauth2","key":"Authorization","value":"<token>"}],"body":{"mode":"raw","raw":"{}","options":{"raw":{"headerFamily":"json","language":"json"}}},"url":{"raw":"{{baseUrl}}/expense/receiptimages/:id?user=<string>","host":["{{baseUrl}}"],"path":["expense","receiptimages",":id"],"query":[{"description":"The login ID of the user. Optional. The user must have the Web Services Admin (Professional) or Can Administer (Standard) user role to use this parameter.","key":"user","value":"<string>"}],"variable":[{"key":"id"}]}},"status":"OK","code":200,"_postman_previewlanguage":"json","header":[{"key":"Content-Type","value":"application/json"}],"cookie":[],"responseTime":null,"body":"{}"},{"id":"04e82d70-7891-47dc-ba95-d5683a322f4c","name":"Bad Request","originalRequest":{"method":"PUT","header":[{"key":"Content-Type","value":"application/json"},{"key":"Accept","value":"application/json"},{"description":"Added as a part of security scheme: oauth2","key":"Authorization","value":"<token>"}],"body":{"mode":"raw","raw":"{}","options":{"raw":{"headerFamily":"json","language":"json"}}},"url":{"raw":"{{baseUrl}}/expense/receiptimages/:id?user=<string>","host":["{{baseUrl}}"],"path":["expense","receiptimages",":id"],"query":[{"description":"The login ID of the user. Optional. The user must have the Web Services Admin (Professional) or Can Administer (Standard) user role to use this parameter.","key":"user","value":"<string>"}],"variable":[{"key":"id"}]}},"status":"Bad Request","code":400,"_postman_previewlanguage":"json","header":[{"key":"Content-Type","value":"application/json"}],"cookie":[],"responseTime":null,"body":"{}"}]},{"name":"Delete a receipt image by ID","id":"9bfcae3c-1fca-4369-b96c-4bf3e93d454b","protocolProfileBehavior":{"disableBodyPruning":true},"request":{"method":"DELETE","header":[{"key":"Accept","value":"application/json"}],"url":{"raw":"{{baseUrl}}/expense/receiptimages/:id?user=<string>","host":["{{baseUrl}}"],"path":["expense","receiptimages",":id"],"query":[{"description":"The login ID of the user. Optional. The user must have the Web Services Admin (Professional) or Can Administer (Standard) user role to use this parameter.","key":"user","value":"<string>"}],"variable":[{"id":"7ddbeae0-b672-4758-8d78-ad07a39eb2a3","key":"id","value":"<string>"}]},"description":"Deletes the specified receipt image"},"response":[{"id":"b5c90c55-de87-43b6-b614-b2e6ad3991f8","name":"Success","originalRequest":{"method":"DELETE","header":[{"key":"Accept","value":"application/json"},{"description":"Added as a part of security scheme: oauth2","key":"Authorization","value":"<token>"}],"url":{"raw":"{{baseUrl}}/expense/receiptimages/:id?user=<string>","host":["{{baseUrl}}"],"path":["expense","receiptimages",":id"],"query":[{"description":"The login ID of the user. Optional. The user must have the Web Services Admin (Professional) or Can Administer (Standard) user role to use this parameter.","key":"user","value":"<string>"}],"variable":[{"key":"id"}]}},"status":"OK","code":200,"_postman_previewlanguage":"json","header":[{"key":"Content-Type","value":"application/json"}],"cookie":[],"responseTime":null,"body":"{}"},{"id":"d79d696b-2109-4462-bcba-165694317d2a","name":"Bad Request","originalRequest":{"method":"DELETE","header":[{"key":"Accept","value":"application/json"},{"description":"Added as a part of security scheme: oauth2","key":"Authorization","value":"<token>"}],"url":{"raw":"{{baseUrl}}/expense/receiptimages/:id?user=<string>","host":["{{baseUrl}}"],"path":["expense","receiptimages",":id"],"query":[{"description":"The login ID of the user. Optional. The user must have the Web Services Admin (Professional) or Can Administer (Standard) user role to use this parameter.","key":"user","value":"<string>"}],"variable":[{"key":"id"}]}},"status":"Bad Request","code":400,"_postman_previewlanguage":"json","header":[{"key":"Content-Type","value":"application/json"}],"cookie":[],"responseTime":null,"body":"{}"}]}],"id":"0e453a01-29fa-4d27-ad8f-7156658aaff0"},{"name":"Get all receipt IDs by user","id":"eec0fd20-15bb-4df3-b55e-ab6475e8b550","protocolProfileBehavior":{"disableBodyPruning":true},"request":{"method":"GET","header":[{"key":"Accept","value":"application/json"}],"url":{"raw":"{{baseUrl}}/expense/receiptimages?offset=<string>&limit=<integer>&user=<string>","host":["{{baseUrl}}"],"path":["expense","receiptimages"],"query":[{"description":"Starting page offset","key":"offset","value":"<string>"},{"description":"Number of records to return (default 25)","key":"limit","value":"<integer>"},{"description":"The login ID of the user. Optional. The user must have the Web Services Admin (Professional) or Can Administer (Standard) user role to use this parameter.","key":"user","value":"<string>"}]},"description":"Get a list of all receipt IDs owned by the user associated with the access token"},"response":[{"id":"942488f6-e342-4a5f-aba7-c1991bcf9767","name":"Success","originalRequest":{"method":"GET","header":[{"key":"Accept","value":"application/json"},{"description":"Added as a part of security scheme: oauth2","key":"Authorization","value":"<token>"}],"url":{"raw":"{{baseUrl}}/expense/receiptimages?offset=<string>&limit=<integer>&user=<string>","host":["{{baseUrl}}"],"path":["expense","receiptimages"],"query":[{"description":"Starting page offset","key":"offset","value":"<string>"},{"description":"Number of records to return (default 25)","key":"limit","value":"<integer>"},{"description":"The login ID of the user. Optional. The user must have the Web Services Admin (Professional) or Can Administer (Standard) user role to use this parameter.","key":"user","value":"<string>"}]}},"status":"OK","code":200,"_postman_previewlanguage":"json","header":[{"key":"Content-Type","value":"application/json"}],"cookie":[],"responseTime":null,"body":"{\n  \"Items\": {\n    \"ID\": \"<string>\",\n    \"URI\": \"<string>\"\n  },\n  \"NextPage\": \"<string>\"\n}"}]},{"name":"Create a receipt image","id":"ce8acd2e-b6fa-4406-9d71-0972656c0d5f","protocolProfileBehavior":{"disableBodyPruning":true},"request":{"method":"POST","header":[{"key":"Content-Type","value":"application/json"},{"key":"Accept","value":"application/json"}],"body":{"mode":"raw","raw":"{}","options":{"raw":{"headerFamily":"json","language":"json"}}},"url":{"raw":"{{baseUrl}}/expense/receiptimages?user=<string>","host":["{{baseUrl}}"],"path":["expense","receiptimages"],"query":[{"description":"The login ID of the user. Optional. The user must have the Web Services Admin (Professional) or Can Administer (Standard) user role to use this parameter.","key":"user","value":"<string>"}]},"description":"Upload a new receipt image."},"response":[{"id":"213e2483-d64c-4404-9b0c-47d78b73fb73","name":"Success","originalRequest":{"method":"POST","header":[{"key":"Content-Type","value":"application/json"},{"key":"Accept","value":"application/json"},{"description":"Added as a part of security scheme: oauth2","key":"Authorization","value":"<token>"}],"body":{"mode":"raw","raw":"{}","options":{"raw":{"headerFamily":"json","language":"json"}}},"url":{"raw":"{{baseUrl}}/expense/receiptimages?user=<string>","host":["{{baseUrl}}"],"path":["expense","receiptimages"],"query":[{"description":"The login ID of the user. Optional. The user must have the Web Services Admin (Professional) or Can Administer (Standard) user role to use this parameter.","key":"user","value":"<string>"}]}},"status":"OK","code":200,"_postman_previewlanguage":"json","header":[{"key":"Content-Type","value":"application/json"}],"cookie":[],"responseTime":null,"body":"{\n  \"ID\": \"<string>\",\n  \"URI\": \"<string>\"\n}"},{"id":"626be802-cd2d-492d-9970-61190c297573","name":"Bad Request","originalRequest":{"method":"POST","header":[{"key":"Content-Type","value":"application/json"},{"key":"Accept","value":"application/json"},{"description":"Added as a part of security scheme: oauth2","key":"Authorization","value":"<token>"}],"body":{"mode":"raw","raw":"{}","options":{"raw":{"headerFamily":"json","language":"json"}}},"url":{"raw":"{{baseUrl}}/expense/receiptimages?user=<string>","host":["{{baseUrl}}"],"path":["expense","receiptimages"],"query":[{"description":"The login ID of the user. Optional. The user must have the Web Services Admin (Professional) or Can Administer (Standard) user role to use this parameter.","key":"user","value":"<string>"}]}},"status":"Bad Request","code":400,"_postman_previewlanguage":"json","header":[{"key":"Content-Type","value":"application/json"}],"cookie":[],"responseTime":null,"body":"{}"}]}],"id":"3fc8f4b1-a526-48e5-b7d2-29a4ce2cc4f2"}],"id":"c3fd6b4f-a272-4403-95b8-2a52cdd99625"}],"auth":{"type":"oauth2","oauth2":[{"key":"accessTokenUrl","value":"https://us.api.concursolutions.com/oauth2/v0","type":"string"},{"key":"grant_type","value":"client_credentials","type":"string"}]},"variable":[{"id":"9505ce91-03ff-4ae7-a997-d8a70bf60cc2","key":"baseUrl","value":"https://www.concursolutions.com/api/v3.0"}]}