{"info":{"_postman_id":"133cd3a7-0672-49f9-958b-ba406f1ed721","name":"Lists","schema":"https://schema.getpostman.com/json/collection/v2.1.0/collection.json"},"item":[{"name":"common","item":[{"name":"lists","item":[{"name":"{id}","item":[{"name":"Get a single list by ID","id":"496ec5fd-6f62-4425-aee0-7820494dc45c","protocolProfileBehavior":{"disableBodyPruning":true},"request":{"method":"GET","header":[{"key":"Accept","value":"application/json"}],"url":{"raw":"{{baseUrl}}/common/lists/:id","host":["{{baseUrl}}"],"path":["common","lists",":id"],"variable":[{"id":"22a5fab1-37c7-4ce3-ad74-7dfc0c56abc5","key":"id","value":"<string>"}]},"description":"Returns a list by ID."},"response":[{"id":"4c20663f-fd02-4c7a-b22f-c91ca4d55ea8","name":"Success","originalRequest":{"method":"GET","header":[{"key":"Accept","value":"application/json"}],"url":{"raw":"{{baseUrl}}/common/lists/:id","host":["{{baseUrl}}"],"path":["common","lists",":id"],"variable":[{"key":"id"}]}},"status":"OK","code":200,"_postman_previewlanguage":"json","header":[{"key":"Content-Type","value":"application/json"}],"cookie":[],"responseTime":null,"body":"{\n  \"ConnectorID\": \"<string>\",\n  \"DisplayCodeFirst\": \"<boolean>\",\n  \"ExternalThreshold\": \"<integer>\",\n  \"ID\": \"<string>\",\n  \"IsVendorList\": \"<boolean>\",\n  \"Name\": \"<string>\",\n  \"SearchCriteriaCode\": \"<string>\",\n  \"URI\": \"<string>\"\n}"}]},{"name":"Update list","id":"3d38f64b-144a-4f14-af3d-ee887608a600","protocolProfileBehavior":{"disableBodyPruning":true},"request":{"method":"PUT","header":[{"key":"Content-Type","value":"application/json"}],"body":{"mode":"raw","raw":"{\n  \"DisplayCodeFirst\": \"<boolean>\",\n  \"Name\": \"<string>\",\n  \"SearchCriteriaCode\": \"<string>\"\n}","options":{"raw":{"headerFamily":"json","language":"json"}}},"url":{"raw":"{{baseUrl}}/common/lists/:id","host":["{{baseUrl}}"],"path":["common","lists",":id"],"variable":[{"id":"f9ae057c-d7c2-49b1-829c-787bd373fb94","key":"id","value":"<string>"}]},"description":"DEPRECATED: 05/19/2016 UNSUPPORTED: 11/19/2016. Updates list specified in the URL.  Only the fields provided in the supplied object will be updated, missing fields will not be altered."},"response":[{"id":"19911603-a47c-442c-a9b8-2010316181c6","name":"Success","originalRequest":{"method":"PUT","header":[{"key":"Content-Type","value":"application/json"}],"body":{"mode":"raw","raw":"{\n  \"DisplayCodeFirst\": \"<boolean>\",\n  \"Name\": \"<string>\",\n  \"SearchCriteriaCode\": \"<string>\"\n}","options":{"raw":{"headerFamily":"json","language":"json"}}},"url":{"raw":"{{baseUrl}}/common/lists/:id","host":["{{baseUrl}}"],"path":["common","lists",":id"],"variable":[{"key":"id"}]}},"status":"OK","code":200,"_postman_previewlanguage":"text","header":[],"cookie":[],"responseTime":null,"body":""}]}],"id":"44ffe481-aa9d-4a14-9f67-7a453d4ad70d"},{"name":"Gets all lists","id":"a9c0d86e-3cb6-4efa-bf48-1d1d123f3d46","protocolProfileBehavior":{"disableBodyPruning":true},"request":{"method":"GET","header":[{"key":"Accept","value":"application/json"}],"url":{"raw":"{{baseUrl}}/common/lists","host":["{{baseUrl}}"],"path":["common","lists"],"query":[{"key":"limit","value":"<integer>","description":"The number of records to return. The default is 25 and the maximum is 100.","disabled":true},{"key":"offset","value":"<string>","description":"The start of the page offset. The default is from the beginning.","disabled":true}]},"description":"Returns all lists based on the search criteria."},"response":[{"id":"b291e912-2df2-4dd4-80bb-b6b51ef8a06c","name":"Success","originalRequest":{"method":"GET","header":[{"key":"Accept","value":"application/json"}],"url":{"raw":"{{baseUrl}}/common/lists?limit=<integer>&offset=<string>","host":["{{baseUrl}}"],"path":["common","lists"],"query":[{"description":"The number of records to return. The default is 25 and the maximum is 100.","key":"limit","value":"<integer>"},{"description":"The start of the page offset. The default is from the beginning.","key":"offset","value":"<string>"}]}},"status":"OK","code":200,"_postman_previewlanguage":"json","header":[{"key":"Content-Type","value":"application/json"}],"cookie":[],"responseTime":null,"body":"{\n  \"Items\": {\n    \"ConnectorID\": \"<string>\",\n    \"DisplayCodeFirst\": \"<boolean>\",\n    \"ExternalThreshold\": \"<integer>\",\n    \"ID\": \"<string>\",\n    \"IsVendorList\": \"<boolean>\",\n    \"Name\": \"<string>\",\n    \"SearchCriteriaCode\": \"<string>\",\n    \"URI\": \"<string>\"\n  },\n  \"NextPage\": \"<string>\"\n}"}]},{"name":"Create a new list","id":"23698468-f831-4d02-9bf0-1294c61581de","protocolProfileBehavior":{"disableBodyPruning":true},"request":{"method":"POST","header":[{"key":"Content-Type","value":"application/json"},{"key":"Accept","value":"application/json"}],"body":{"mode":"raw","raw":"{\n  \"ConnectorID\": \"<string>\",\n  \"DisplayCodeFirst\": \"<boolean>\",\n  \"ExternalThreshold\": \"<integer>\",\n  \"IsVendorList\": \"<boolean>\",\n  \"Name\": \"<string>\",\n  \"SearchCriteriaCode\": \"<string>\"\n}","options":{"raw":{"headerFamily":"json","language":"json"}}},"url":{"raw":"{{baseUrl}}/common/lists","host":["{{baseUrl}}"],"path":["common","lists"]},"description":"Create a new list"},"response":[{"id":"92a268af-18d5-4d0c-93c6-994a9e24f0cf","name":"Success","originalRequest":{"method":"POST","header":[{"key":"Content-Type","value":"application/json"},{"key":"Accept","value":"application/json"}],"body":{"mode":"raw","raw":"{\n  \"ConnectorID\": \"<string>\",\n  \"DisplayCodeFirst\": \"<boolean>\",\n  \"ExternalThreshold\": \"<integer>\",\n  \"IsVendorList\": \"<boolean>\",\n  \"Name\": \"<string>\",\n  \"SearchCriteriaCode\": \"<string>\"\n}","options":{"raw":{"headerFamily":"json","language":"json"}}},"url":{"raw":"{{baseUrl}}/common/lists","host":["{{baseUrl}}"],"path":["common","lists"]}},"status":"OK","code":200,"_postman_previewlanguage":"json","header":[{"key":"Content-Type","value":"application/json"}],"cookie":[],"responseTime":null,"body":"{\n  \"ID\": \"<string>\",\n  \"URI\": \"<string>\"\n}"}]}],"id":"6f4b90fd-10a7-4501-b145-ea96ecec07f6"}],"id":"64e86630-a69d-4399-83a3-7cb820ba1ba1"}],"auth":{"type":"bearer","bearer":[{"key":"token","value":"{{accessToken}}","type":"string"}]},"event":[{"listen":"prerequest","script":{"id":"f34b3bc8-380d-4e81-8979-bff8ec62e6f5","type":"text/javascript","exec":[""]}},{"listen":"test","script":{"id":"85e8caf6-5dba-44a4-a233-bfb756b6fec3","type":"text/javascript","exec":[""]}}],"variable":[{"id":"5cb4ac37-aeb5-49f1-92e4-d9861c97d9e3","key":"baseUrl","value":"https://www.concursolutions.com/api/v3.0"}]}