{"info":{"_postman_id":"13ec6f4c-a871-477b-b454-4b3042937b4f","name":"Purchase Order Receipts","description":"Purchase order receipts are records that the purchase order was completed. This API provides methods to create a new purchase order receipt, view or update an existing purchase order receipt, or delete a purchase order receipt.","schema":"https://schema.getpostman.com/json/collection/v2.1.0/collection.json"},"item":[{"name":"invoice","item":[{"name":"purchaseorderreceipts","item":[{"name":"Updates purchase order receipts that are already in the system.","id":"4f77f190-643a-4ae7-b170-5140a2fc7473","protocolProfileBehavior":{"disableBodyPruning":true},"request":{"method":"PUT","header":[{"key":"Content-Type","value":"application/json"},{"key":"Accept","value":"application/json"}],"body":{"mode":"raw","raw":"{\n  \"LineItemExternalID\": \"<string>\",\n  \"PurchaseOrderNumber\": \"<string>\",\n  \"Custom1\": \"<string>\",\n  \"Custom10\": \"<string>\",\n  \"Custom2\": \"<string>\",\n  \"Custom3\": \"<string>\",\n  \"Custom4\": \"<string>\",\n  \"Custom5\": \"<string>\",\n  \"Custom6\": \"<string>\",\n  \"Custom7\": \"<string>\",\n  \"Custom8\": \"<string>\",\n  \"Custom9\": \"<string>\",\n  \"Deleted\": \"<string>\",\n  \"DeliverySlipNumber\": \"<string>\",\n  \"GoodsReceiptNumber\": \"<string>\",\n  \"ID\": \"<string>\",\n  \"ReceivedDate\": \"<string>\",\n  \"ReceivedQuantity\": \"<string>\",\n  \"UnitOfMeasureCode\": \"<string>\",\n  \"URI\": \"<string>\",\n  \"Version\": \"<string>\"\n}","options":{"raw":{"headerFamily":"json","language":"json"}}},"url":{"raw":"{{baseUrl}}/invoice/purchaseorderreceipts","host":["{{baseUrl}}"],"path":["invoice","purchaseorderreceipts"]},"description":"Updates purchase order receipts that are already in the system and returns status of the update."},"response":[{"id":"37d77e78-0115-47e7-898a-c0b623ba40f5","name":"Success","originalRequest":{"method":"PUT","header":[{"key":"Content-Type","value":"application/json"},{"key":"Accept","value":"application/json"}],"body":{"mode":"raw","raw":"{\n  \"LineItemExternalID\": \"<string>\",\n  \"PurchaseOrderNumber\": \"<string>\",\n  \"Custom1\": \"<string>\",\n  \"Custom10\": \"<string>\",\n  \"Custom2\": \"<string>\",\n  \"Custom3\": \"<string>\",\n  \"Custom4\": \"<string>\",\n  \"Custom5\": \"<string>\",\n  \"Custom6\": \"<string>\",\n  \"Custom7\": \"<string>\",\n  \"Custom8\": \"<string>\",\n  \"Custom9\": \"<string>\",\n  \"Deleted\": \"<string>\",\n  \"DeliverySlipNumber\": \"<string>\",\n  \"GoodsReceiptNumber\": \"<string>\",\n  \"ID\": \"<string>\",\n  \"ReceivedDate\": \"<string>\",\n  \"ReceivedQuantity\": \"<string>\",\n  \"UnitOfMeasureCode\": \"<string>\",\n  \"URI\": \"<string>\",\n  \"Version\": \"<string>\"\n}","options":{"raw":{"headerFamily":"json","language":"json"}}},"url":{"raw":"{{baseUrl}}/invoice/purchaseorderreceipts","host":["{{baseUrl}}"],"path":["invoice","purchaseorderreceipts"]}},"status":"OK","code":200,"_postman_previewlanguage":"json","header":[{"key":"Content-Type","value":"application/json"}],"cookie":[],"responseTime":null,"body":"{\n  \"ErrorCode\": \"<string>\",\n  \"ErrorMessage\": \"<string>\",\n  \"FieldCode\": \"<string>\",\n  \"LineItemExternalID\": \"<string>\",\n  \"Message\": \"<string>\",\n  \"PurchaseOrderNumber\": \"<string>\",\n  \"Status\": \"<string>\"\n}"}]},{"name":"Create purchase order receiving information for a purchase order line item.","id":"949f76c5-0461-4d2f-a50d-7d79229d6054","protocolProfileBehavior":{"disableBodyPruning":true},"request":{"method":"POST","header":[{"key":"Content-Type","value":"application/json"},{"key":"Accept","value":"application/json"}],"body":{"mode":"raw","raw":"{\n  \"LineItemExternalID\": \"<string>\",\n  \"PurchaseOrderNumber\": \"<string>\",\n  \"Custom1\": \"<string>\",\n  \"Custom10\": \"<string>\",\n  \"Custom2\": \"<string>\",\n  \"Custom3\": \"<string>\",\n  \"Custom4\": \"<string>\",\n  \"Custom5\": \"<string>\",\n  \"Custom6\": \"<string>\",\n  \"Custom7\": \"<string>\",\n  \"Custom8\": \"<string>\",\n  \"Custom9\": \"<string>\",\n  \"Deleted\": \"<string>\",\n  \"DeliverySlipNumber\": \"<string>\",\n  \"GoodsReceiptNumber\": \"<string>\",\n  \"ID\": \"<string>\",\n  \"ReceivedDate\": \"<string>\",\n  \"ReceivedQuantity\": \"<string>\",\n  \"UnitOfMeasureCode\": \"<string>\",\n  \"URI\": \"<string>\",\n  \"Version\": \"<string>\"\n}","options":{"raw":{"headerFamily":"json","language":"json"}}},"url":{"raw":"{{baseUrl}}/invoice/purchaseorderreceipts","host":["{{baseUrl}}"],"path":["invoice","purchaseorderreceipts"]},"description":"Creates purchase order receipts and associate if to purchase order line item and returns status of updation."},"response":[{"id":"77d9eb2f-afe4-4bce-8901-5c81e844c320","name":"Success","originalRequest":{"method":"POST","header":[{"key":"Content-Type","value":"application/json"},{"key":"Accept","value":"application/json"}],"body":{"mode":"raw","raw":"{\n  \"LineItemExternalID\": \"<string>\",\n  \"PurchaseOrderNumber\": \"<string>\",\n  \"Custom1\": \"<string>\",\n  \"Custom10\": \"<string>\",\n  \"Custom2\": \"<string>\",\n  \"Custom3\": \"<string>\",\n  \"Custom4\": \"<string>\",\n  \"Custom5\": \"<string>\",\n  \"Custom6\": \"<string>\",\n  \"Custom7\": \"<string>\",\n  \"Custom8\": \"<string>\",\n  \"Custom9\": \"<string>\",\n  \"Deleted\": \"<string>\",\n  \"DeliverySlipNumber\": \"<string>\",\n  \"GoodsReceiptNumber\": \"<string>\",\n  \"ID\": \"<string>\",\n  \"ReceivedDate\": \"<string>\",\n  \"ReceivedQuantity\": \"<string>\",\n  \"UnitOfMeasureCode\": \"<string>\",\n  \"URI\": \"<string>\",\n  \"Version\": \"<string>\"\n}","options":{"raw":{"headerFamily":"json","language":"json"}}},"url":{"raw":"{{baseUrl}}/invoice/purchaseorderreceipts","host":["{{baseUrl}}"],"path":["invoice","purchaseorderreceipts"]}},"status":"OK","code":200,"_postman_previewlanguage":"json","header":[{"key":"Content-Type","value":"application/json"}],"cookie":[],"responseTime":null,"body":"{\n  \"ErrorCode\": \"<string>\",\n  \"ErrorMessage\": \"<string>\",\n  \"FieldCode\": \"<string>\",\n  \"LineItemExternalID\": \"<string>\",\n  \"Message\": \"<string>\",\n  \"PurchaseOrderNumber\": \"<string>\",\n  \"Status\": \"<string>\"\n}"}]},{"name":"Gets existing purchase order receipts information.","id":"d15cd330-31ee-4af7-a4a3-083f7e32c65f","protocolProfileBehavior":{"disableBodyPruning":true},"request":{"method":"GET","header":[{"key":"Accept","value":"application/json"}],"url":{"raw":"{{baseUrl}}/invoice/purchaseorderreceipts?goodsReceiptNumber=<string>&purchaseOrderNumber=<string>&lineItemExternalID=<string>","host":["{{baseUrl}}"],"path":["invoice","purchaseorderreceipts"],"query":[{"description":"(Required) Goods receipt number for a purchase order line item receipt. This parameter can be used alone or in combination with the other two parameters.","key":"goodsReceiptNumber","value":"<string>"},{"description":"(Required) The purchase order number. This parameter can be used alone or in combination with the other two parameters.","key":"purchaseOrderNumber","value":"<string>"},{"description":"A value that uniquely identifies the line item within the purchase order. This parameter cannot be used alone. It must be used in combination with one or more of the other available parameters.","key":"lineItemExternalID","value":"<string>"}]},"description":"Gets existing purchase order receipts using below parameters."},"response":[{"id":"37e75f2a-594d-4e7c-aa4f-0faf7747e425","name":"Success","originalRequest":{"method":"GET","header":[{"key":"Accept","value":"application/json"}],"url":{"raw":"{{baseUrl}}/invoice/purchaseorderreceipts?goodsReceiptNumber=<string>&purchaseOrderNumber=<string>&lineItemExternalID=<string>","host":["{{baseUrl}}"],"path":["invoice","purchaseorderreceipts"],"query":[{"description":"(Required) Goods receipt number for a purchase order line item receipt. This parameter can be used alone or in combination with the other two parameters.","key":"goodsReceiptNumber","value":"<string>"},{"description":"(Required) The purchase order number. This parameter can be used alone or in combination with the other two parameters.","key":"purchaseOrderNumber","value":"<string>"},{"description":"A value that uniquely identifies the line item within the purchase order. This parameter cannot be used alone. It must be used in combination with one or more of the other available parameters.","key":"lineItemExternalID","value":"<string>"}]}},"status":"OK","code":200,"_postman_previewlanguage":"json","header":[{"key":"Content-Type","value":"application/json"}],"cookie":[],"responseTime":null,"body":"{\n  \"Items\": {\n    \"LineItemExternalID\": \"<string>\",\n    \"PurchaseOrderNumber\": \"<string>\",\n    \"Custom1\": \"<string>\",\n    \"Custom10\": \"<string>\",\n    \"Custom2\": \"<string>\",\n    \"Custom3\": \"<string>\",\n    \"Custom4\": \"<string>\",\n    \"Custom5\": \"<string>\",\n    \"Custom6\": \"<string>\",\n    \"Custom7\": \"<string>\",\n    \"Custom8\": \"<string>\",\n    \"Custom9\": \"<string>\",\n    \"Deleted\": \"<string>\",\n    \"DeliverySlipNumber\": \"<string>\",\n    \"GoodsReceiptNumber\": \"<string>\",\n    \"ID\": \"<string>\",\n    \"ReceivedDate\": \"<string>\",\n    \"ReceivedQuantity\": \"<string>\",\n    \"UnitOfMeasureCode\": \"<string>\",\n    \"URI\": \"<string>\",\n    \"Version\": \"<string>\"\n  },\n  \"NextPage\": \"<string>\",\n  \"TotalCount\": \"<integer>\",\n  \"Info\": \"<string>\"\n}"}]},{"name":"Deletes a purchase order line item receipt.","id":"298f61fb-4f6d-49e0-9c6d-6b349ec399ad","protocolProfileBehavior":{"disableBodyPruning":true},"request":{"method":"DELETE","header":[{"key":"Accept","value":"application/json"}],"url":{"raw":"{{baseUrl}}/invoice/purchaseorderreceipts?goodsReceiptNumber=<string>&purchaseOrderNumber=<string>&lineItemExternalID=<string>","host":["{{baseUrl}}"],"path":["invoice","purchaseorderreceipts"],"query":[{"description":"(Required) Goods receipt number for a purchase order line item receipt. This parameter can be used alone or in combination with the other two parameters.","key":"goodsReceiptNumber","value":"<string>"},{"description":"(Required) The purchase order number. This parameter can be used alone or in combination with the other two parameters.","key":"purchaseOrderNumber","value":"<string>"},{"description":"A value that uniquely identifies the line item within the purchase order. This parameter cannot be used alone. It must be used in combination with one or more of the other available parameters.","key":"lineItemExternalID","value":"<string>"}]},"description":"Deletes a existing purchase order line item receipt using the available parameters below. The delete will only be executed if a unique record is found and not associated to a payment request."},"response":[{"id":"fb56abaf-1680-4ac0-8c5a-47c176379901","name":"Success","originalRequest":{"method":"DELETE","header":[{"key":"Accept","value":"application/json"}],"url":{"raw":"{{baseUrl}}/invoice/purchaseorderreceipts?goodsReceiptNumber=<string>&purchaseOrderNumber=<string>&lineItemExternalID=<string>","host":["{{baseUrl}}"],"path":["invoice","purchaseorderreceipts"],"query":[{"description":"(Required) Goods receipt number for a purchase order line item receipt. This parameter can be used alone or in combination with the other two parameters.","key":"goodsReceiptNumber","value":"<string>"},{"description":"(Required) The purchase order number. This parameter can be used alone or in combination with the other two parameters.","key":"purchaseOrderNumber","value":"<string>"},{"description":"A value that uniquely identifies the line item within the purchase order. This parameter cannot be used alone. It must be used in combination with one or more of the other available parameters.","key":"lineItemExternalID","value":"<string>"}]}},"status":"OK","code":200,"_postman_previewlanguage":"json","header":[{"key":"Content-Type","value":"application/json"}],"cookie":[],"responseTime":null,"body":"{}"}]}],"id":"c2a0c88e-3355-434e-a642-0f3265cfda9c"}],"id":"665f8770-2b21-4abb-96c3-3d3e3089261d"}],"variable":[{"id":"d7b06995-9e79-495b-ac94-c7b21873e8ba","key":"baseUrl","value":"https://www.concursolutions.com/api/v3.0"}]}