{"info":{"_postman_id":"142b32a8-a2ea-4e40-bec7-1e19eb63088f","name":"GET Users Bulk API","description":"This API takes a company level token, and returns a list of users that match the search criteria\n","schema":"https://schema.getpostman.com/json/collection/v2.1.0/collection.json"},"item":[{"name":"users","item":[{"name":"/users/","id":"670f4a35-a53b-4d21-80b7-2b2726010d81","protocolProfileBehavior":{"disableBodyPruning":true},"request":{"method":"GET","header":[{"key":"Accept","value":"*/*"}],"url":{"raw":"{{baseUrl}}/users/?offset=<integer>&limit=<integer>&isactive=<string>&loginid=<string>&lastname=<string>&employeeid=<string>&primaryemail=<string>&countrycode=<string>&id=<string>","host":["{{baseUrl}}"],"path":["users",""],"query":[{"description":"The number of items to skip before returning result set","key":"offset","value":"<integer>"},{"description":"The numbers of items to return.","key":"limit","value":"<integer>"},{"description":"Whether the user is active","key":"isactive","value":"<string>"},{"description":"login_id of the user","key":"loginid","value":"<string>"},{"description":"last name of the user","key":"lastname","value":"<string>"},{"description":"Employee Id of the user","key":"employeeid","value":"<string>"},{"description":"Primary email of the user","key":"primaryemail","value":"<string>"},{"description":"Country Code of the user","key":"countrycode","value":"<string>"},{"description":"Id of the user","key":"id","value":"<string>"}]}},"response":[{"id":"9fb7f01d-6dff-4739-836d-64ec72ede8b0","name":"Success","originalRequest":{"method":"GET","header":[{"key":"Accept","value":"*/*"}],"url":{"raw":"{{baseUrl}}/users/?offset=<integer>&limit=<integer>&isactive=<string>&loginid=<string>&lastname=<string>&employeeid=<string>&primaryemail=<string>&countrycode=<string>&id=<string>","host":["{{baseUrl}}"],"path":["users",""],"query":[{"description":"The number of items to skip before returning result set","key":"offset","value":"<integer>"},{"description":"The numbers of items to return.","key":"limit","value":"<integer>"},{"description":"Whether the user is active","key":"isactive","value":"<string>"},{"description":"login_id of the user","key":"loginid","value":"<string>"},{"description":"last name of the user","key":"lastname","value":"<string>"},{"description":"Employee Id of the user","key":"employeeid","value":"<string>"},{"description":"Primary email of the user","key":"primaryemail","value":"<string>"},{"description":"Country Code of the user","key":"countrycode","value":"<string>"},{"description":"Id of the user","key":"id","value":"<string>"}]}},"status":"OK","code":200,"_postman_previewlanguage":"text","header":[{"key":"Content-Type","value":"*/*"}],"cookie":[],"responseTime":null,"body":"{\n  \"total\": \"<integer>\",\n  \"offset\": \"<integer>\",\n  \"limit\": \"<integer>\",\n  \"company\": {\n    \"name\": \"<string>\",\n    \"address\": \"<string>\",\n    \"city\": \"<string>\",\n    \"state\": \"<string>\",\n    \"zip\": \"<string>\",\n    \"country\": \"<string>\"\n  },\n  \"Items\": [\n    {\n      \"ID\": \"<string>\",\n      \"Active\": \"<boolean>\",\n      \"CountryCode\": \"<string>\",\n      \"CellPhoneNumber\": \"<string>\",\n      \"PrimaryEmail\": \"<string>\",\n      \"EmployeeID\": \"<string>\",\n      \"OrganizationUnit\": \"<string>\",\n      \"FirstName\": \"<string>\",\n      \"MiddleName\": \"<string>\",\n      \"LastName\": \"<string>\",\n      \"LoginID\": \"<string>\",\n      \"Emails\": [\n        \"<string>\",\n        \"<string>\"\n      ]\n    },\n    {\n      \"ID\": \"<string>\",\n      \"Active\": \"<boolean>\",\n      \"CountryCode\": \"<string>\",\n      \"CellPhoneNumber\": \"<string>\",\n      \"PrimaryEmail\": \"<string>\",\n      \"EmployeeID\": \"<string>\",\n      \"OrganizationUnit\": \"<string>\",\n      \"FirstName\": \"<string>\",\n      \"MiddleName\": \"<string>\",\n      \"LastName\": \"<string>\",\n      \"LoginID\": \"<string>\",\n      \"Emails\": [\n        \"<string>\",\n        \"<string>\"\n      ]\n    }\n  ]\n}"},{"id":"999f7425-c0e8-411f-9188-47a2463f692d","name":"Authorization Required","originalRequest":{"method":"GET","header":[],"url":{"raw":"{{baseUrl}}/users/?offset=<integer>&limit=<integer>&isactive=<string>&loginid=<string>&lastname=<string>&employeeid=<string>&primaryemail=<string>&countrycode=<string>&id=<string>","host":["{{baseUrl}}"],"path":["users",""],"query":[{"description":"The number of items to skip before returning result set","key":"offset","value":"<integer>"},{"description":"The numbers of items to return.","key":"limit","value":"<integer>"},{"description":"Whether the user is active","key":"isactive","value":"<string>"},{"description":"login_id of the user","key":"loginid","value":"<string>"},{"description":"last name of the user","key":"lastname","value":"<string>"},{"description":"Employee Id of the user","key":"employeeid","value":"<string>"},{"description":"Primary email of the user","key":"primaryemail","value":"<string>"},{"description":"Country Code of the user","key":"countrycode","value":"<string>"},{"description":"Id of the user","key":"id","value":"<string>"}]}},"status":"Unauthorized","code":401,"_postman_previewlanguage":"text","header":[],"cookie":[],"responseTime":null,"body":""},{"id":"fd455752-3008-4440-96ae-65ec8a50664a","name":"Resoource not found","originalRequest":{"method":"GET","header":[],"url":{"raw":"{{baseUrl}}/users/?offset=<integer>&limit=<integer>&isactive=<string>&loginid=<string>&lastname=<string>&employeeid=<string>&primaryemail=<string>&countrycode=<string>&id=<string>","host":["{{baseUrl}}"],"path":["users",""],"query":[{"description":"The number of items to skip before returning result set","key":"offset","value":"<integer>"},{"description":"The numbers of items to return.","key":"limit","value":"<integer>"},{"description":"Whether the user is active","key":"isactive","value":"<string>"},{"description":"login_id of the user","key":"loginid","value":"<string>"},{"description":"last name of the user","key":"lastname","value":"<string>"},{"description":"Employee Id of the user","key":"employeeid","value":"<string>"},{"description":"Primary email of the user","key":"primaryemail","value":"<string>"},{"description":"Country Code of the user","key":"countrycode","value":"<string>"},{"description":"Id of the user","key":"id","value":"<string>"}]}},"status":"Not Found","code":404,"_postman_previewlanguage":"text","header":[],"cookie":[],"responseTime":null,"body":""}]}],"id":"050e9aa3-cd5b-40c5-8eda-2317fcaf9f4f"}],"auth":{"type":"bearer","bearer":[{"key":"token","value":"{{accessToken}}","type":"string"}]},"event":[{"listen":"prerequest","script":{"id":"c697fa59-1c8a-4e5a-ad56-bce115557c49","type":"text/javascript","exec":[""]}},{"listen":"test","script":{"id":"e86dd3ce-d2bf-4c6a-b353-5c81ad567d15","type":"text/javascript","exec":[""]}}],"variable":[{"id":"1ccacd36-c997-4fda-a32d-1cb9fe0cd25d","key":"baseUrl","value":"https://us.api.concursolutions.com"}]}