{"info":{"_postman_id":"146a3c00-6a55-4ec7-a3e4-edfa08f2c682","name":"Vendors","description":"An invoice is a bill of sale for goods or services provided by a vendor. This API provides methods to create, update, or delete invoice vendors.","schema":"https://schema.getpostman.com/json/collection/v2.1.0/collection.json"},"item":[{"name":"invoice","item":[{"name":"vendors","item":[{"name":"Retrieves an existing vendor.","id":"961cda10-ed72-4cf6-bb9e-7719f8414d02","protocolProfileBehavior":{"disableBodyPruning":true},"request":{"method":"GET","header":[{"key":"Accept","value":"application/json"}],"url":{"raw":"{{baseUrl}}/invoice/vendors?limit=<integer>&offset=<string>&sortDirection=<string>&sortBy=<string>&searchType=<string>&vendorCode=<string>&vendorName=<string>&taxID=<string>&buyerAccountNumber=<string>&addressCode=<string>&paymentMethodType=<string>&address1=<string>&address2=<string>&address3=<string>&city=<string>&state=<string>&postalCode=<string>&approved=<string>&country=<string>&custom1=<string>&custom2=<string>&custom3=<string>&custom4=<string>&custom5=<string>&custom6=<string>&custom7=<string>&custom8=<string>&custom9=<string>&custom10=<string>&custom11=<string>&custom12=<string>&custom13=<string>&custom14=<string>&custom15=<string>&custom16=<string>&custom17=<string>&custom18=<string>&custom19=<string>&custom20=<string>","host":["{{baseUrl}}"],"path":["invoice","vendors"],"query":[{"description":"The maximum number of items to be returned in a  response. The default is 25 and cannot exceed 1000.","key":"limit","value":"<integer>"},{"description":"Specifies the starting point for the next query when iterating through the collection response.  Use with paged collections of resources.","key":"offset","value":"<string>"},{"description":"ascending or descending, The default value will be ascending.","key":"sortDirection","value":"<string>"},{"description":"Field you need to the results to be sorted by. Vendor Name will be made default if no value is sent. Only fields that are added to the vendor form can be used here. Fields have to be specified by name as specified in Doc.","key":"sortBy","value":"<string>"},{"description":"Applies for the entire given search parameters. The default value is exact. Supported values: exact, begins, contains, ends","key":"searchType","value":"<string>"},{"description":"Vendor Code to be searched","key":"vendorCode","value":"<string>"},{"description":"Vendor Name to be searched","key":"vendorName","value":"<string>"},{"description":"Tax ID to be searched","key":"taxID","value":"<string>"},{"description":"Buyer Account Number to be searched","key":"buyerAccountNumber","value":"<string>"},{"description":"Address Code to be searched","key":"addressCode","value":"<string>"},{"description":"Payment Method Type to be searched. Valid values are ACH, CARD, CHECK, CLIENT, PAYPVD, VCHER, WIRE","key":"paymentMethodType","value":"<string>"},{"description":"Address 1 to be searched","key":"address1","value":"<string>"},{"description":"Address 2 to be searched","key":"address2","value":"<string>"},{"description":"Address 3 to be searched","key":"address3","value":"<string>"},{"description":"City to be searched","key":"city","value":"<string>"},{"description":"State to be searched","key":"state","value":"<string>"},{"description":"Postal Code to be searched","key":"postalCode","value":"<string>"},{"description":"Find Approved/Un Approved Vendors , True/False","key":"approved","value":"<string>"},{"description":"Country to be searched","key":"country","value":"<string>"},{"description":"Custom 1 to be searched","key":"custom1","value":"<string>"},{"description":"Custom 2 to be searched","key":"custom2","value":"<string>"},{"description":"Custom 3 to be searched","key":"custom3","value":"<string>"},{"description":"Custom 4 to be searched","key":"custom4","value":"<string>"},{"description":"Custom 5 to be searched","key":"custom5","value":"<string>"},{"description":"Custom 6 to be searched","key":"custom6","value":"<string>"},{"description":"Custom 7 to be searched","key":"custom7","value":"<string>"},{"description":"Custom 8 to be searched","key":"custom8","value":"<string>"},{"description":"Custom 9 to be searched","key":"custom9","value":"<string>"},{"description":"Custom 10 to be searched","key":"custom10","value":"<string>"},{"description":"Custom 11 to be searched","key":"custom11","value":"<string>"},{"description":"Custom 12 to be searched","key":"custom12","value":"<string>"},{"description":"Custom 13 to be searched","key":"custom13","value":"<string>"},{"description":"Custom 14 to be searched","key":"custom14","value":"<string>"},{"description":"Custom 15 to be searched","key":"custom15","value":"<string>"},{"description":"Custom 16 to be searched","key":"custom16","value":"<string>"},{"description":"Custom 17 to be searched","key":"custom17","value":"<string>"},{"description":"Custom 18 to be searched","key":"custom18","value":"<string>"},{"description":"Custom 19 to be searched","key":"custom19","value":"<string>"},{"description":"Custom 20 to be searched","key":"custom20","value":"<string>"}]},"description":"Gets an existing vendor. Note: If authenticating with a Company access token the API will return all vendors associated with a specific entity."},"response":[{"id":"7e342d07-4fb0-416b-b97a-8a79353274ad","name":"Success","originalRequest":{"method":"GET","header":[{"key":"Accept","value":"application/json"},{"description":"Added as a part of security scheme: oauth2","key":"Authorization","value":"<token>"}],"url":{"raw":"{{baseUrl}}/invoice/vendors?limit=<integer>&offset=<string>&sortDirection=<string>&sortBy=<string>&searchType=<string>&vendorCode=<string>&vendorName=<string>&taxID=<string>&buyerAccountNumber=<string>&addressCode=<string>&paymentMethodType=<string>&address1=<string>&address2=<string>&address3=<string>&city=<string>&state=<string>&postalCode=<string>&approved=<string>&country=<string>&custom1=<string>&custom2=<string>&custom3=<string>&custom4=<string>&custom5=<string>&custom6=<string>&custom7=<string>&custom8=<string>&custom9=<string>&custom10=<string>&custom11=<string>&custom12=<string>&custom13=<string>&custom14=<string>&custom15=<string>&custom16=<string>&custom17=<string>&custom18=<string>&custom19=<string>&custom20=<string>","host":["{{baseUrl}}"],"path":["invoice","vendors"],"query":[{"description":"The maximum number of items to be returned in a  response. The default is 25 and cannot exceed 1000.","key":"limit","value":"<integer>"},{"description":"Specifies the starting point for the next query when iterating through the collection response.  Use with paged collections of resources.","key":"offset","value":"<string>"},{"description":"ascending or descending, The default value will be ascending.","key":"sortDirection","value":"<string>"},{"description":"Field you need to the results to be sorted by. Vendor Name will be made default if no value is sent. Only fields that are added to the vendor form can be used here. Fields have to be specified by name as specified in Doc.","key":"sortBy","value":"<string>"},{"description":"Applies for the entire given search parameters. The default value is exact. Supported values: exact, begins, contains, ends","key":"searchType","value":"<string>"},{"description":"Vendor Code to be searched","key":"vendorCode","value":"<string>"},{"description":"Vendor Name to be searched","key":"vendorName","value":"<string>"},{"description":"Tax ID to be searched","key":"taxID","value":"<string>"},{"description":"Buyer Account Number to be searched","key":"buyerAccountNumber","value":"<string>"},{"description":"Address Code to be searched","key":"addressCode","value":"<string>"},{"description":"Payment Method Type to be searched. Valid values are ACH, CARD, CHECK, CLIENT, PAYPVD, VCHER, WIRE","key":"paymentMethodType","value":"<string>"},{"description":"Address 1 to be searched","key":"address1","value":"<string>"},{"description":"Address 2 to be searched","key":"address2","value":"<string>"},{"description":"Address 3 to be searched","key":"address3","value":"<string>"},{"description":"City to be searched","key":"city","value":"<string>"},{"description":"State to be searched","key":"state","value":"<string>"},{"description":"Postal Code to be searched","key":"postalCode","value":"<string>"},{"description":"Find Approved/Un Approved Vendors , True/False","key":"approved","value":"<string>"},{"description":"Country to be searched","key":"country","value":"<string>"},{"description":"Custom 1 to be searched","key":"custom1","value":"<string>"},{"description":"Custom 2 to be searched","key":"custom2","value":"<string>"},{"description":"Custom 3 to be searched","key":"custom3","value":"<string>"},{"description":"Custom 4 to be searched","key":"custom4","value":"<string>"},{"description":"Custom 5 to be searched","key":"custom5","value":"<string>"},{"description":"Custom 6 to be searched","key":"custom6","value":"<string>"},{"description":"Custom 7 to be searched","key":"custom7","value":"<string>"},{"description":"Custom 8 to be searched","key":"custom8","value":"<string>"},{"description":"Custom 9 to be searched","key":"custom9","value":"<string>"},{"description":"Custom 10 to be searched","key":"custom10","value":"<string>"},{"description":"Custom 11 to be searched","key":"custom11","value":"<string>"},{"description":"Custom 12 to be searched","key":"custom12","value":"<string>"},{"description":"Custom 13 to be searched","key":"custom13","value":"<string>"},{"description":"Custom 14 to be searched","key":"custom14","value":"<string>"},{"description":"Custom 15 to be searched","key":"custom15","value":"<string>"},{"description":"Custom 16 to be searched","key":"custom16","value":"<string>"},{"description":"Custom 17 to be searched","key":"custom17","value":"<string>"},{"description":"Custom 18 to be searched","key":"custom18","value":"<string>"},{"description":"Custom 19 to be searched","key":"custom19","value":"<string>"},{"description":"Custom 20 to be searched","key":"custom20","value":"<string>"}]}},"status":"OK","code":200,"_postman_previewlanguage":"json","header":[{"key":"Content-Type","value":"application/json"}],"cookie":[],"responseTime":null,"body":"{\n  \"Vendor\": {\n    \"AddressCode\": \"<string>\",\n    \"CountryCode\": \"<string>\",\n    \"VendorCode\": \"<string>\",\n    \"AccountNumber\": \"<string>\",\n    \"Address1\": \"<string>\",\n    \"Address2\": \"<string>\",\n    \"Address3\": \"<string>\",\n    \"AddressImportSyncID\": \"<string>\",\n    \"Approved\": \"<string>\",\n    \"City\": \"<string>\",\n    \"ContactEmail\": \"<string>\",\n    \"ContactFirstName\": \"<string>\",\n    \"ContactLastName\": \"<string>\",\n    \"ContactPhoneNumber\": \"<string>\",\n    \"Country\": \"<string>\",\n    \"CurrencyCode\": \"<string>\",\n    \"Custom1\": \"<string>\",\n    \"Custom10\": \"<string>\",\n    \"Custom11\": \"<string>\",\n    \"Custom12\": \"<string>\",\n    \"Custom13\": \"<string>\",\n    \"Custom14\": \"<string>\",\n    \"Custom15\": \"<string>\",\n    \"Custom16\": \"<string>\",\n    \"Custom17\": \"<string>\",\n    \"Custom18\": \"<string>\",\n    \"Custom19\": \"<string>\",\n    \"Custom2\": \"<string>\",\n    \"Custom20\": \"<string>\",\n    \"Custom3\": \"<string>\",\n    \"Custom4\": \"<string>\",\n    \"Custom5\": \"<string>\",\n    \"Custom6\": \"<string>\",\n    \"Custom7\": \"<string>\",\n    \"Custom8\": \"<string>\",\n    \"Custom9\": \"<string>\",\n    \"DefaultEmployeeID\": \"<string>\",\n    \"DefaultExpenseTypeName\": \"<string>\",\n    \"DiscountPercentage\": \"<string>\",\n    \"DiscountTermsDays\": \"<string>\",\n    \"ID\": \"<string>\",\n    \"IsLineItemVatIncld\": \"<string>\",\n    \"IsVisibleForContentExtraction\": \"<string>\",\n    \"PaymentMethodType\": \"<string>\",\n    \"PaymentTerms\": \"<string>\",\n    \"PostalCode\": \"<string>\",\n    \"ProvincialTaxID\": \"<string>\",\n    \"PurchaseOrderContactEmail\": \"<string>\",\n    \"PurchaseOrderContactFirstName\": \"<string>\",\n    \"PurchaseOrderContactLastName\": \"<string>\",\n    \"PurchaseOrderContactPhoneNumber\": \"<string>\",\n    \"ShippingMethod\": \"<string>\",\n    \"ShippingTerms\": \"<string>\",\n    \"State\": \"<string>\",\n    \"StatusList\": {\n      \"Code\": \"<integer>\",\n      \"Message\": \"<string>\",\n      \"RecordNumber\": \"<integer>\",\n      \"Type\": \"<string>\"\n    },\n    \"TaxID\": \"<string>\",\n    \"TaxType\": \"<string>\",\n    \"URI\": \"<string>\",\n    \"VendorBankList\": {\n      \"AccountNumber\": \"<string>\",\n      \"AccountType\": \"<string>\",\n      \"AddressCode\": \"<string>\",\n      \"BankCode\": \"<string>\",\n      \"BankName\": \"<string>\",\n      \"BranchCode\": \"<string>\",\n      \"BranchLocation\": \"<string>\",\n      \"CountryCode\": \"<string>\",\n      \"CurrencyAlphaCode\": \"<string>\",\n      \"ID\": \"<string>\",\n      \"IsActive\": \"<string>\",\n      \"NameOnAccount\": \"<string>\",\n      \"RoutingNumber\": \"<string>\",\n      \"StatusList\": {\n        \"Code\": \"<integer>\",\n        \"Message\": \"<string>\",\n        \"RecordNumber\": \"<integer>\",\n        \"Type\": \"<string>\"\n      },\n      \"TransType\": \"<string>\",\n      \"URI\": \"<string>\",\n      \"VendorCode\": \"<string>\"\n    },\n    \"VendorFormName\": \"<string>\",\n    \"VendorGroupList\": [\n      \"<string>\",\n      \"<string>\"\n    ],\n    \"VendorName\": \"<string>\",\n    \"VoucherNotes\": \"<string>\"\n  },\n  \"NextPage\": \"<string>\",\n  \"RequestRunSummary\": \"<string>\",\n  \"TotalCount\": \"<integer>\",\n  \"Items\": {}\n}"}]},{"name":"Creates new vendors.","id":"b149c983-80c3-449d-9bf8-fcd4472aa247","protocolProfileBehavior":{"disableBodyPruning":true},"request":{"method":"POST","header":[{"key":"Content-Type","value":"application/json"},{"key":"Accept","value":"application/json"}],"body":{"mode":"raw","raw":"{\n  \"Vendor\": {\n    \"AddressCode\": \"<string>\",\n    \"CountryCode\": \"<string>\",\n    \"VendorCode\": \"<string>\",\n    \"AccountNumber\": \"<string>\",\n    \"Address1\": \"<string>\",\n    \"Address2\": \"<string>\",\n    \"Address3\": \"<string>\",\n    \"AddressImportSyncID\": \"<string>\",\n    \"Approved\": \"<string>\",\n    \"City\": \"<string>\",\n    \"ContactEmail\": \"<string>\",\n    \"ContactFirstName\": \"<string>\",\n    \"ContactLastName\": \"<string>\",\n    \"ContactPhoneNumber\": \"<string>\",\n    \"Country\": \"<string>\",\n    \"CurrencyCode\": \"<string>\",\n    \"Custom1\": \"<string>\",\n    \"Custom10\": \"<string>\",\n    \"Custom11\": \"<string>\",\n    \"Custom12\": \"<string>\",\n    \"Custom13\": \"<string>\",\n    \"Custom14\": \"<string>\",\n    \"Custom15\": \"<string>\",\n    \"Custom16\": \"<string>\",\n    \"Custom17\": \"<string>\",\n    \"Custom18\": \"<string>\",\n    \"Custom19\": \"<string>\",\n    \"Custom2\": \"<string>\",\n    \"Custom20\": \"<string>\",\n    \"Custom3\": \"<string>\",\n    \"Custom4\": \"<string>\",\n    \"Custom5\": \"<string>\",\n    \"Custom6\": \"<string>\",\n    \"Custom7\": \"<string>\",\n    \"Custom8\": \"<string>\",\n    \"Custom9\": \"<string>\",\n    \"DefaultEmployeeID\": \"<string>\",\n    \"DefaultExpenseTypeName\": \"<string>\",\n    \"DiscountPercentage\": \"<string>\",\n    \"DiscountTermsDays\": \"<string>\",\n    \"ID\": \"<string>\",\n    \"IsLineItemVatIncld\": \"<string>\",\n    \"IsVisibleForContentExtraction\": \"<string>\",\n    \"PaymentMethodType\": \"<string>\",\n    \"PaymentTerms\": \"<string>\",\n    \"PostalCode\": \"<string>\",\n    \"ProvincialTaxID\": \"<string>\",\n    \"PurchaseOrderContactEmail\": \"<string>\",\n    \"PurchaseOrderContactFirstName\": \"<string>\",\n    \"PurchaseOrderContactLastName\": \"<string>\",\n    \"PurchaseOrderContactPhoneNumber\": \"<string>\",\n    \"ShippingMethod\": \"<string>\",\n    \"ShippingTerms\": \"<string>\",\n    \"State\": \"<string>\",\n    \"StatusList\": {\n      \"Code\": \"<integer>\",\n      \"Message\": \"<string>\",\n      \"RecordNumber\": \"<integer>\",\n      \"Type\": \"<string>\"\n    },\n    \"TaxID\": \"<string>\",\n    \"TaxType\": \"<string>\",\n    \"URI\": \"<string>\",\n    \"VendorBankList\": {\n      \"AccountNumber\": \"<string>\",\n      \"AccountType\": \"<string>\",\n      \"AddressCode\": \"<string>\",\n      \"BankCode\": \"<string>\",\n      \"BankName\": \"<string>\",\n      \"BranchCode\": \"<string>\",\n      \"BranchLocation\": \"<string>\",\n      \"CountryCode\": \"<string>\",\n      \"CurrencyAlphaCode\": \"<string>\",\n      \"ID\": \"<string>\",\n      \"IsActive\": \"<string>\",\n      \"NameOnAccount\": \"<string>\",\n      \"RoutingNumber\": \"<string>\",\n      \"StatusList\": {\n        \"Code\": \"<integer>\",\n        \"Message\": \"<string>\",\n        \"RecordNumber\": \"<integer>\",\n        \"Type\": \"<string>\"\n      },\n      \"TransType\": \"<string>\",\n      \"URI\": \"<string>\",\n      \"VendorCode\": \"<string>\"\n    },\n    \"VendorFormName\": \"<string>\",\n    \"VendorGroupList\": [\n      \"<string>\",\n      \"<string>\"\n    ],\n    \"VendorName\": \"<string>\",\n    \"VoucherNotes\": \"<string>\"\n  },\n  \"NextPage\": \"<string>\",\n  \"RequestRunSummary\": \"<string>\",\n  \"TotalCount\": \"<integer>\",\n  \"Items\": {}\n}","options":{"raw":{"headerFamily":"json","language":"json"}}},"url":{"raw":"{{baseUrl}}/invoice/vendors","host":["{{baseUrl}}"],"path":["invoice","vendors"]},"description":"Creates a new vendor and returns the status of creation."},"response":[{"id":"1f274ee2-92ba-4781-a6c3-04854bfca05f","name":"Success","originalRequest":{"method":"POST","header":[{"key":"Content-Type","value":"application/json"},{"key":"Accept","value":"application/json"},{"description":"Added as a part of security scheme: oauth2","key":"Authorization","value":"<token>"}],"body":{"mode":"raw","raw":"{\n  \"Vendor\": {\n    \"AddressCode\": \"<string>\",\n    \"CountryCode\": \"<string>\",\n    \"VendorCode\": \"<string>\",\n    \"AccountNumber\": \"<string>\",\n    \"Address1\": \"<string>\",\n    \"Address2\": \"<string>\",\n    \"Address3\": \"<string>\",\n    \"AddressImportSyncID\": \"<string>\",\n    \"Approved\": \"<string>\",\n    \"City\": \"<string>\",\n    \"ContactEmail\": \"<string>\",\n    \"ContactFirstName\": \"<string>\",\n    \"ContactLastName\": \"<string>\",\n    \"ContactPhoneNumber\": \"<string>\",\n    \"Country\": \"<string>\",\n    \"CurrencyCode\": \"<string>\",\n    \"Custom1\": \"<string>\",\n    \"Custom10\": \"<string>\",\n    \"Custom11\": \"<string>\",\n    \"Custom12\": \"<string>\",\n    \"Custom13\": \"<string>\",\n    \"Custom14\": \"<string>\",\n    \"Custom15\": \"<string>\",\n    \"Custom16\": \"<string>\",\n    \"Custom17\": \"<string>\",\n    \"Custom18\": \"<string>\",\n    \"Custom19\": \"<string>\",\n    \"Custom2\": \"<string>\",\n    \"Custom20\": \"<string>\",\n    \"Custom3\": \"<string>\",\n    \"Custom4\": \"<string>\",\n    \"Custom5\": \"<string>\",\n    \"Custom6\": \"<string>\",\n    \"Custom7\": \"<string>\",\n    \"Custom8\": \"<string>\",\n    \"Custom9\": \"<string>\",\n    \"DefaultEmployeeID\": \"<string>\",\n    \"DefaultExpenseTypeName\": \"<string>\",\n    \"DiscountPercentage\": \"<string>\",\n    \"DiscountTermsDays\": \"<string>\",\n    \"ID\": \"<string>\",\n    \"IsLineItemVatIncld\": \"<string>\",\n    \"IsVisibleForContentExtraction\": \"<string>\",\n    \"PaymentMethodType\": \"<string>\",\n    \"PaymentTerms\": \"<string>\",\n    \"PostalCode\": \"<string>\",\n    \"ProvincialTaxID\": \"<string>\",\n    \"PurchaseOrderContactEmail\": \"<string>\",\n    \"PurchaseOrderContactFirstName\": \"<string>\",\n    \"PurchaseOrderContactLastName\": \"<string>\",\n    \"PurchaseOrderContactPhoneNumber\": \"<string>\",\n    \"ShippingMethod\": \"<string>\",\n    \"ShippingTerms\": \"<string>\",\n    \"State\": \"<string>\",\n    \"StatusList\": {\n      \"Code\": \"<integer>\",\n      \"Message\": \"<string>\",\n      \"RecordNumber\": \"<integer>\",\n      \"Type\": \"<string>\"\n    },\n    \"TaxID\": \"<string>\",\n    \"TaxType\": \"<string>\",\n    \"URI\": \"<string>\",\n    \"VendorBankList\": {\n      \"AccountNumber\": \"<string>\",\n      \"AccountType\": \"<string>\",\n      \"AddressCode\": \"<string>\",\n      \"BankCode\": \"<string>\",\n      \"BankName\": \"<string>\",\n      \"BranchCode\": \"<string>\",\n      \"BranchLocation\": \"<string>\",\n      \"CountryCode\": \"<string>\",\n      \"CurrencyAlphaCode\": \"<string>\",\n      \"ID\": \"<string>\",\n      \"IsActive\": \"<string>\",\n      \"NameOnAccount\": \"<string>\",\n      \"RoutingNumber\": \"<string>\",\n      \"StatusList\": {\n        \"Code\": \"<integer>\",\n        \"Message\": \"<string>\",\n        \"RecordNumber\": \"<integer>\",\n        \"Type\": \"<string>\"\n      },\n      \"TransType\": \"<string>\",\n      \"URI\": \"<string>\",\n      \"VendorCode\": \"<string>\"\n    },\n    \"VendorFormName\": \"<string>\",\n    \"VendorGroupList\": [\n      \"<string>\",\n      \"<string>\"\n    ],\n    \"VendorName\": \"<string>\",\n    \"VoucherNotes\": \"<string>\"\n  },\n  \"NextPage\": \"<string>\",\n  \"RequestRunSummary\": \"<string>\",\n  \"TotalCount\": \"<integer>\",\n  \"Items\": {}\n}","options":{"raw":{"headerFamily":"json","language":"json"}}},"url":{"raw":"{{baseUrl}}/invoice/vendors","host":["{{baseUrl}}"],"path":["invoice","vendors"]}},"status":"OK","code":200,"_postman_previewlanguage":"json","header":[{"key":"Content-Type","value":"application/json"}],"cookie":[],"responseTime":null,"body":"{\n  \"Vendor\": {\n    \"AddressCode\": \"<string>\",\n    \"CountryCode\": \"<string>\",\n    \"VendorCode\": \"<string>\",\n    \"AccountNumber\": \"<string>\",\n    \"Address1\": \"<string>\",\n    \"Address2\": \"<string>\",\n    \"Address3\": \"<string>\",\n    \"AddressImportSyncID\": \"<string>\",\n    \"Approved\": \"<string>\",\n    \"City\": \"<string>\",\n    \"ContactEmail\": \"<string>\",\n    \"ContactFirstName\": \"<string>\",\n    \"ContactLastName\": \"<string>\",\n    \"ContactPhoneNumber\": \"<string>\",\n    \"Country\": \"<string>\",\n    \"CurrencyCode\": \"<string>\",\n    \"Custom1\": \"<string>\",\n    \"Custom10\": \"<string>\",\n    \"Custom11\": \"<string>\",\n    \"Custom12\": \"<string>\",\n    \"Custom13\": \"<string>\",\n    \"Custom14\": \"<string>\",\n    \"Custom15\": \"<string>\",\n    \"Custom16\": \"<string>\",\n    \"Custom17\": \"<string>\",\n    \"Custom18\": \"<string>\",\n    \"Custom19\": \"<string>\",\n    \"Custom2\": \"<string>\",\n    \"Custom20\": \"<string>\",\n    \"Custom3\": \"<string>\",\n    \"Custom4\": \"<string>\",\n    \"Custom5\": \"<string>\",\n    \"Custom6\": \"<string>\",\n    \"Custom7\": \"<string>\",\n    \"Custom8\": \"<string>\",\n    \"Custom9\": \"<string>\",\n    \"DefaultEmployeeID\": \"<string>\",\n    \"DefaultExpenseTypeName\": \"<string>\",\n    \"DiscountPercentage\": \"<string>\",\n    \"DiscountTermsDays\": \"<string>\",\n    \"ID\": \"<string>\",\n    \"IsLineItemVatIncld\": \"<string>\",\n    \"IsVisibleForContentExtraction\": \"<string>\",\n    \"PaymentMethodType\": \"<string>\",\n    \"PaymentTerms\": \"<string>\",\n    \"PostalCode\": \"<string>\",\n    \"ProvincialTaxID\": \"<string>\",\n    \"PurchaseOrderContactEmail\": \"<string>\",\n    \"PurchaseOrderContactFirstName\": \"<string>\",\n    \"PurchaseOrderContactLastName\": \"<string>\",\n    \"PurchaseOrderContactPhoneNumber\": \"<string>\",\n    \"ShippingMethod\": \"<string>\",\n    \"ShippingTerms\": \"<string>\",\n    \"State\": \"<string>\",\n    \"StatusList\": {\n      \"Code\": \"<integer>\",\n      \"Message\": \"<string>\",\n      \"RecordNumber\": \"<integer>\",\n      \"Type\": \"<string>\"\n    },\n    \"TaxID\": \"<string>\",\n    \"TaxType\": \"<string>\",\n    \"URI\": \"<string>\",\n    \"VendorBankList\": {\n      \"AccountNumber\": \"<string>\",\n      \"AccountType\": \"<string>\",\n      \"AddressCode\": \"<string>\",\n      \"BankCode\": \"<string>\",\n      \"BankName\": \"<string>\",\n      \"BranchCode\": \"<string>\",\n      \"BranchLocation\": \"<string>\",\n      \"CountryCode\": \"<string>\",\n      \"CurrencyAlphaCode\": \"<string>\",\n      \"ID\": \"<string>\",\n      \"IsActive\": \"<string>\",\n      \"NameOnAccount\": \"<string>\",\n      \"RoutingNumber\": \"<string>\",\n      \"StatusList\": {\n        \"Code\": \"<integer>\",\n        \"Message\": \"<string>\",\n        \"RecordNumber\": \"<integer>\",\n        \"Type\": \"<string>\"\n      },\n      \"TransType\": \"<string>\",\n      \"URI\": \"<string>\",\n      \"VendorCode\": \"<string>\"\n    },\n    \"VendorFormName\": \"<string>\",\n    \"VendorGroupList\": [\n      \"<string>\",\n      \"<string>\"\n    ],\n    \"VendorName\": \"<string>\",\n    \"VoucherNotes\": \"<string>\"\n  },\n  \"NextPage\": \"<string>\",\n  \"RequestRunSummary\": \"<string>\",\n  \"TotalCount\": \"<integer>\",\n  \"Items\": {}\n}"},{"id":"9e9f85ea-1c68-4d83-823e-72e7a9b20231","name":"Bad request","originalRequest":{"method":"POST","header":[{"key":"Content-Type","value":"application/json"},{"key":"Accept","value":"application/json"},{"description":"Added as a part of security scheme: oauth2","key":"Authorization","value":"<token>"}],"body":{"mode":"raw","raw":"{\n  \"Vendor\": {\n    \"AddressCode\": \"<string>\",\n    \"CountryCode\": \"<string>\",\n    \"VendorCode\": \"<string>\",\n    \"AccountNumber\": \"<string>\",\n    \"Address1\": \"<string>\",\n    \"Address2\": \"<string>\",\n    \"Address3\": \"<string>\",\n    \"AddressImportSyncID\": \"<string>\",\n    \"Approved\": \"<string>\",\n    \"City\": \"<string>\",\n    \"ContactEmail\": \"<string>\",\n    \"ContactFirstName\": \"<string>\",\n    \"ContactLastName\": \"<string>\",\n    \"ContactPhoneNumber\": \"<string>\",\n    \"Country\": \"<string>\",\n    \"CurrencyCode\": \"<string>\",\n    \"Custom1\": \"<string>\",\n    \"Custom10\": \"<string>\",\n    \"Custom11\": \"<string>\",\n    \"Custom12\": \"<string>\",\n    \"Custom13\": \"<string>\",\n    \"Custom14\": \"<string>\",\n    \"Custom15\": \"<string>\",\n    \"Custom16\": \"<string>\",\n    \"Custom17\": \"<string>\",\n    \"Custom18\": \"<string>\",\n    \"Custom19\": \"<string>\",\n    \"Custom2\": \"<string>\",\n    \"Custom20\": \"<string>\",\n    \"Custom3\": \"<string>\",\n    \"Custom4\": \"<string>\",\n    \"Custom5\": \"<string>\",\n    \"Custom6\": \"<string>\",\n    \"Custom7\": \"<string>\",\n    \"Custom8\": \"<string>\",\n    \"Custom9\": \"<string>\",\n    \"DefaultEmployeeID\": \"<string>\",\n    \"DefaultExpenseTypeName\": \"<string>\",\n    \"DiscountPercentage\": \"<string>\",\n    \"DiscountTermsDays\": \"<string>\",\n    \"ID\": \"<string>\",\n    \"IsLineItemVatIncld\": \"<string>\",\n    \"IsVisibleForContentExtraction\": \"<string>\",\n    \"PaymentMethodType\": \"<string>\",\n    \"PaymentTerms\": \"<string>\",\n    \"PostalCode\": \"<string>\",\n    \"ProvincialTaxID\": \"<string>\",\n    \"PurchaseOrderContactEmail\": \"<string>\",\n    \"PurchaseOrderContactFirstName\": \"<string>\",\n    \"PurchaseOrderContactLastName\": \"<string>\",\n    \"PurchaseOrderContactPhoneNumber\": \"<string>\",\n    \"ShippingMethod\": \"<string>\",\n    \"ShippingTerms\": \"<string>\",\n    \"State\": \"<string>\",\n    \"StatusList\": {\n      \"Code\": \"<integer>\",\n      \"Message\": \"<string>\",\n      \"RecordNumber\": \"<integer>\",\n      \"Type\": \"<string>\"\n    },\n    \"TaxID\": \"<string>\",\n    \"TaxType\": \"<string>\",\n    \"URI\": \"<string>\",\n    \"VendorBankList\": {\n      \"AccountNumber\": \"<string>\",\n      \"AccountType\": \"<string>\",\n      \"AddressCode\": \"<string>\",\n      \"BankCode\": \"<string>\",\n      \"BankName\": \"<string>\",\n      \"BranchCode\": \"<string>\",\n      \"BranchLocation\": \"<string>\",\n      \"CountryCode\": \"<string>\",\n      \"CurrencyAlphaCode\": \"<string>\",\n      \"ID\": \"<string>\",\n      \"IsActive\": \"<string>\",\n      \"NameOnAccount\": \"<string>\",\n      \"RoutingNumber\": \"<string>\",\n      \"StatusList\": {\n        \"Code\": \"<integer>\",\n        \"Message\": \"<string>\",\n        \"RecordNumber\": \"<integer>\",\n        \"Type\": \"<string>\"\n      },\n      \"TransType\": \"<string>\",\n      \"URI\": \"<string>\",\n      \"VendorCode\": \"<string>\"\n    },\n    \"VendorFormName\": \"<string>\",\n    \"VendorGroupList\": [\n      \"<string>\",\n      \"<string>\"\n    ],\n    \"VendorName\": \"<string>\",\n    \"VoucherNotes\": \"<string>\"\n  },\n  \"NextPage\": \"<string>\",\n  \"RequestRunSummary\": \"<string>\",\n  \"TotalCount\": \"<integer>\",\n  \"Items\": {}\n}","options":{"raw":{"headerFamily":"json","language":"json"}}},"url":{"raw":"{{baseUrl}}/invoice/vendors","host":["{{baseUrl}}"],"path":["invoice","vendors"]}},"status":"Bad Request","code":400,"_postman_previewlanguage":"json","header":[{"key":"Content-Type","value":"application/json"}],"cookie":[],"responseTime":null,"body":"{\n  \"Message\": \"<string>\"\n}"}]},{"name":"Manages existing vendors.","id":"f19323fb-bd2c-4924-ac04-da54f3b883e0","protocolProfileBehavior":{"disableBodyPruning":true},"request":{"method":"PUT","header":[{"key":"Content-Type","value":"application/json"},{"key":"Accept","value":"application/json"}],"body":{"mode":"raw","raw":"{\n  \"Vendor\": {\n    \"AddressCode\": \"<string>\",\n    \"CountryCode\": \"<string>\",\n    \"VendorCode\": \"<string>\",\n    \"AccountNumber\": \"<string>\",\n    \"Address1\": \"<string>\",\n    \"Address2\": \"<string>\",\n    \"Address3\": \"<string>\",\n    \"AddressImportSyncID\": \"<string>\",\n    \"Approved\": \"<string>\",\n    \"City\": \"<string>\",\n    \"ContactEmail\": \"<string>\",\n    \"ContactFirstName\": \"<string>\",\n    \"ContactLastName\": \"<string>\",\n    \"ContactPhoneNumber\": \"<string>\",\n    \"Country\": \"<string>\",\n    \"CurrencyCode\": \"<string>\",\n    \"Custom1\": \"<string>\",\n    \"Custom10\": \"<string>\",\n    \"Custom11\": \"<string>\",\n    \"Custom12\": \"<string>\",\n    \"Custom13\": \"<string>\",\n    \"Custom14\": \"<string>\",\n    \"Custom15\": \"<string>\",\n    \"Custom16\": \"<string>\",\n    \"Custom17\": \"<string>\",\n    \"Custom18\": \"<string>\",\n    \"Custom19\": \"<string>\",\n    \"Custom2\": \"<string>\",\n    \"Custom20\": \"<string>\",\n    \"Custom3\": \"<string>\",\n    \"Custom4\": \"<string>\",\n    \"Custom5\": \"<string>\",\n    \"Custom6\": \"<string>\",\n    \"Custom7\": \"<string>\",\n    \"Custom8\": \"<string>\",\n    \"Custom9\": \"<string>\",\n    \"DefaultEmployeeID\": \"<string>\",\n    \"DefaultExpenseTypeName\": \"<string>\",\n    \"DiscountPercentage\": \"<string>\",\n    \"DiscountTermsDays\": \"<string>\",\n    \"ID\": \"<string>\",\n    \"IsLineItemVatIncld\": \"<string>\",\n    \"IsVisibleForContentExtraction\": \"<string>\",\n    \"PaymentMethodType\": \"<string>\",\n    \"PaymentTerms\": \"<string>\",\n    \"PostalCode\": \"<string>\",\n    \"ProvincialTaxID\": \"<string>\",\n    \"PurchaseOrderContactEmail\": \"<string>\",\n    \"PurchaseOrderContactFirstName\": \"<string>\",\n    \"PurchaseOrderContactLastName\": \"<string>\",\n    \"PurchaseOrderContactPhoneNumber\": \"<string>\",\n    \"ShippingMethod\": \"<string>\",\n    \"ShippingTerms\": \"<string>\",\n    \"State\": \"<string>\",\n    \"StatusList\": {\n      \"Code\": \"<integer>\",\n      \"Message\": \"<string>\",\n      \"RecordNumber\": \"<integer>\",\n      \"Type\": \"<string>\"\n    },\n    \"TaxID\": \"<string>\",\n    \"TaxType\": \"<string>\",\n    \"URI\": \"<string>\",\n    \"VendorBankList\": {\n      \"AccountNumber\": \"<string>\",\n      \"AccountType\": \"<string>\",\n      \"AddressCode\": \"<string>\",\n      \"BankCode\": \"<string>\",\n      \"BankName\": \"<string>\",\n      \"BranchCode\": \"<string>\",\n      \"BranchLocation\": \"<string>\",\n      \"CountryCode\": \"<string>\",\n      \"CurrencyAlphaCode\": \"<string>\",\n      \"ID\": \"<string>\",\n      \"IsActive\": \"<string>\",\n      \"NameOnAccount\": \"<string>\",\n      \"RoutingNumber\": \"<string>\",\n      \"StatusList\": {\n        \"Code\": \"<integer>\",\n        \"Message\": \"<string>\",\n        \"RecordNumber\": \"<integer>\",\n        \"Type\": \"<string>\"\n      },\n      \"TransType\": \"<string>\",\n      \"URI\": \"<string>\",\n      \"VendorCode\": \"<string>\"\n    },\n    \"VendorFormName\": \"<string>\",\n    \"VendorGroupList\": [\n      \"<string>\",\n      \"<string>\"\n    ],\n    \"VendorName\": \"<string>\",\n    \"VoucherNotes\": \"<string>\"\n  },\n  \"NextPage\": \"<string>\",\n  \"RequestRunSummary\": \"<string>\",\n  \"TotalCount\": \"<integer>\",\n  \"Items\": {}\n}","options":{"raw":{"headerFamily":"json","language":"json"}}},"url":{"raw":"{{baseUrl}}/invoice/vendors","host":["{{baseUrl}}"],"path":["invoice","vendors"]},"description":"Updates existing vendors and returns the update status."},"response":[{"id":"e2e7dbcd-59d0-4a19-9627-508103930d55","name":"Success","originalRequest":{"method":"PUT","header":[{"key":"Content-Type","value":"application/json"},{"key":"Accept","value":"application/json"},{"description":"Added as a part of security scheme: oauth2","key":"Authorization","value":"<token>"}],"body":{"mode":"raw","raw":"{\n  \"Vendor\": {\n    \"AddressCode\": \"<string>\",\n    \"CountryCode\": \"<string>\",\n    \"VendorCode\": \"<string>\",\n    \"AccountNumber\": \"<string>\",\n    \"Address1\": \"<string>\",\n    \"Address2\": \"<string>\",\n    \"Address3\": \"<string>\",\n    \"AddressImportSyncID\": \"<string>\",\n    \"Approved\": \"<string>\",\n    \"City\": \"<string>\",\n    \"ContactEmail\": \"<string>\",\n    \"ContactFirstName\": \"<string>\",\n    \"ContactLastName\": \"<string>\",\n    \"ContactPhoneNumber\": \"<string>\",\n    \"Country\": \"<string>\",\n    \"CurrencyCode\": \"<string>\",\n    \"Custom1\": \"<string>\",\n    \"Custom10\": \"<string>\",\n    \"Custom11\": \"<string>\",\n    \"Custom12\": \"<string>\",\n    \"Custom13\": \"<string>\",\n    \"Custom14\": \"<string>\",\n    \"Custom15\": \"<string>\",\n    \"Custom16\": \"<string>\",\n    \"Custom17\": \"<string>\",\n    \"Custom18\": \"<string>\",\n    \"Custom19\": \"<string>\",\n    \"Custom2\": \"<string>\",\n    \"Custom20\": \"<string>\",\n    \"Custom3\": \"<string>\",\n    \"Custom4\": \"<string>\",\n    \"Custom5\": \"<string>\",\n    \"Custom6\": \"<string>\",\n    \"Custom7\": \"<string>\",\n    \"Custom8\": \"<string>\",\n    \"Custom9\": \"<string>\",\n    \"DefaultEmployeeID\": \"<string>\",\n    \"DefaultExpenseTypeName\": \"<string>\",\n    \"DiscountPercentage\": \"<string>\",\n    \"DiscountTermsDays\": \"<string>\",\n    \"ID\": \"<string>\",\n    \"IsLineItemVatIncld\": \"<string>\",\n    \"IsVisibleForContentExtraction\": \"<string>\",\n    \"PaymentMethodType\": \"<string>\",\n    \"PaymentTerms\": \"<string>\",\n    \"PostalCode\": \"<string>\",\n    \"ProvincialTaxID\": \"<string>\",\n    \"PurchaseOrderContactEmail\": \"<string>\",\n    \"PurchaseOrderContactFirstName\": \"<string>\",\n    \"PurchaseOrderContactLastName\": \"<string>\",\n    \"PurchaseOrderContactPhoneNumber\": \"<string>\",\n    \"ShippingMethod\": \"<string>\",\n    \"ShippingTerms\": \"<string>\",\n    \"State\": \"<string>\",\n    \"StatusList\": {\n      \"Code\": \"<integer>\",\n      \"Message\": \"<string>\",\n      \"RecordNumber\": \"<integer>\",\n      \"Type\": \"<string>\"\n    },\n    \"TaxID\": \"<string>\",\n    \"TaxType\": \"<string>\",\n    \"URI\": \"<string>\",\n    \"VendorBankList\": {\n      \"AccountNumber\": \"<string>\",\n      \"AccountType\": \"<string>\",\n      \"AddressCode\": \"<string>\",\n      \"BankCode\": \"<string>\",\n      \"BankName\": \"<string>\",\n      \"BranchCode\": \"<string>\",\n      \"BranchLocation\": \"<string>\",\n      \"CountryCode\": \"<string>\",\n      \"CurrencyAlphaCode\": \"<string>\",\n      \"ID\": \"<string>\",\n      \"IsActive\": \"<string>\",\n      \"NameOnAccount\": \"<string>\",\n      \"RoutingNumber\": \"<string>\",\n      \"StatusList\": {\n        \"Code\": \"<integer>\",\n        \"Message\": \"<string>\",\n        \"RecordNumber\": \"<integer>\",\n        \"Type\": \"<string>\"\n      },\n      \"TransType\": \"<string>\",\n      \"URI\": \"<string>\",\n      \"VendorCode\": \"<string>\"\n    },\n    \"VendorFormName\": \"<string>\",\n    \"VendorGroupList\": [\n      \"<string>\",\n      \"<string>\"\n    ],\n    \"VendorName\": \"<string>\",\n    \"VoucherNotes\": \"<string>\"\n  },\n  \"NextPage\": \"<string>\",\n  \"RequestRunSummary\": \"<string>\",\n  \"TotalCount\": \"<integer>\",\n  \"Items\": {}\n}","options":{"raw":{"headerFamily":"json","language":"json"}}},"url":{"raw":"{{baseUrl}}/invoice/vendors","host":["{{baseUrl}}"],"path":["invoice","vendors"]}},"status":"OK","code":200,"_postman_previewlanguage":"json","header":[{"key":"Content-Type","value":"application/json"}],"cookie":[],"responseTime":null,"body":"{\n  \"Vendor\": {\n    \"AddressCode\": \"<string>\",\n    \"CountryCode\": \"<string>\",\n    \"VendorCode\": \"<string>\",\n    \"AccountNumber\": \"<string>\",\n    \"Address1\": \"<string>\",\n    \"Address2\": \"<string>\",\n    \"Address3\": \"<string>\",\n    \"AddressImportSyncID\": \"<string>\",\n    \"Approved\": \"<string>\",\n    \"City\": \"<string>\",\n    \"ContactEmail\": \"<string>\",\n    \"ContactFirstName\": \"<string>\",\n    \"ContactLastName\": \"<string>\",\n    \"ContactPhoneNumber\": \"<string>\",\n    \"Country\": \"<string>\",\n    \"CurrencyCode\": \"<string>\",\n    \"Custom1\": \"<string>\",\n    \"Custom10\": \"<string>\",\n    \"Custom11\": \"<string>\",\n    \"Custom12\": \"<string>\",\n    \"Custom13\": \"<string>\",\n    \"Custom14\": \"<string>\",\n    \"Custom15\": \"<string>\",\n    \"Custom16\": \"<string>\",\n    \"Custom17\": \"<string>\",\n    \"Custom18\": \"<string>\",\n    \"Custom19\": \"<string>\",\n    \"Custom2\": \"<string>\",\n    \"Custom20\": \"<string>\",\n    \"Custom3\": \"<string>\",\n    \"Custom4\": \"<string>\",\n    \"Custom5\": \"<string>\",\n    \"Custom6\": \"<string>\",\n    \"Custom7\": \"<string>\",\n    \"Custom8\": \"<string>\",\n    \"Custom9\": \"<string>\",\n    \"DefaultEmployeeID\": \"<string>\",\n    \"DefaultExpenseTypeName\": \"<string>\",\n    \"DiscountPercentage\": \"<string>\",\n    \"DiscountTermsDays\": \"<string>\",\n    \"ID\": \"<string>\",\n    \"IsLineItemVatIncld\": \"<string>\",\n    \"IsVisibleForContentExtraction\": \"<string>\",\n    \"PaymentMethodType\": \"<string>\",\n    \"PaymentTerms\": \"<string>\",\n    \"PostalCode\": \"<string>\",\n    \"ProvincialTaxID\": \"<string>\",\n    \"PurchaseOrderContactEmail\": \"<string>\",\n    \"PurchaseOrderContactFirstName\": \"<string>\",\n    \"PurchaseOrderContactLastName\": \"<string>\",\n    \"PurchaseOrderContactPhoneNumber\": \"<string>\",\n    \"ShippingMethod\": \"<string>\",\n    \"ShippingTerms\": \"<string>\",\n    \"State\": \"<string>\",\n    \"StatusList\": {\n      \"Code\": \"<integer>\",\n      \"Message\": \"<string>\",\n      \"RecordNumber\": \"<integer>\",\n      \"Type\": \"<string>\"\n    },\n    \"TaxID\": \"<string>\",\n    \"TaxType\": \"<string>\",\n    \"URI\": \"<string>\",\n    \"VendorBankList\": {\n      \"AccountNumber\": \"<string>\",\n      \"AccountType\": \"<string>\",\n      \"AddressCode\": \"<string>\",\n      \"BankCode\": \"<string>\",\n      \"BankName\": \"<string>\",\n      \"BranchCode\": \"<string>\",\n      \"BranchLocation\": \"<string>\",\n      \"CountryCode\": \"<string>\",\n      \"CurrencyAlphaCode\": \"<string>\",\n      \"ID\": \"<string>\",\n      \"IsActive\": \"<string>\",\n      \"NameOnAccount\": \"<string>\",\n      \"RoutingNumber\": \"<string>\",\n      \"StatusList\": {\n        \"Code\": \"<integer>\",\n        \"Message\": \"<string>\",\n        \"RecordNumber\": \"<integer>\",\n        \"Type\": \"<string>\"\n      },\n      \"TransType\": \"<string>\",\n      \"URI\": \"<string>\",\n      \"VendorCode\": \"<string>\"\n    },\n    \"VendorFormName\": \"<string>\",\n    \"VendorGroupList\": [\n      \"<string>\",\n      \"<string>\"\n    ],\n    \"VendorName\": \"<string>\",\n    \"VoucherNotes\": \"<string>\"\n  },\n  \"NextPage\": \"<string>\",\n  \"RequestRunSummary\": \"<string>\",\n  \"TotalCount\": \"<integer>\",\n  \"Items\": {}\n}"},{"id":"ed743b68-3e4f-4d2e-b27b-14fd50ffbdf5","name":"Bad request","originalRequest":{"method":"PUT","header":[{"key":"Content-Type","value":"application/json"},{"key":"Accept","value":"application/json"},{"description":"Added as a part of security scheme: oauth2","key":"Authorization","value":"<token>"}],"body":{"mode":"raw","raw":"{\n  \"Vendor\": {\n    \"AddressCode\": \"<string>\",\n    \"CountryCode\": \"<string>\",\n    \"VendorCode\": \"<string>\",\n    \"AccountNumber\": \"<string>\",\n    \"Address1\": \"<string>\",\n    \"Address2\": \"<string>\",\n    \"Address3\": \"<string>\",\n    \"AddressImportSyncID\": \"<string>\",\n    \"Approved\": \"<string>\",\n    \"City\": \"<string>\",\n    \"ContactEmail\": \"<string>\",\n    \"ContactFirstName\": \"<string>\",\n    \"ContactLastName\": \"<string>\",\n    \"ContactPhoneNumber\": \"<string>\",\n    \"Country\": \"<string>\",\n    \"CurrencyCode\": \"<string>\",\n    \"Custom1\": \"<string>\",\n    \"Custom10\": \"<string>\",\n    \"Custom11\": \"<string>\",\n    \"Custom12\": \"<string>\",\n    \"Custom13\": \"<string>\",\n    \"Custom14\": \"<string>\",\n    \"Custom15\": \"<string>\",\n    \"Custom16\": \"<string>\",\n    \"Custom17\": \"<string>\",\n    \"Custom18\": \"<string>\",\n    \"Custom19\": \"<string>\",\n    \"Custom2\": \"<string>\",\n    \"Custom20\": \"<string>\",\n    \"Custom3\": \"<string>\",\n    \"Custom4\": \"<string>\",\n    \"Custom5\": \"<string>\",\n    \"Custom6\": \"<string>\",\n    \"Custom7\": \"<string>\",\n    \"Custom8\": \"<string>\",\n    \"Custom9\": \"<string>\",\n    \"DefaultEmployeeID\": \"<string>\",\n    \"DefaultExpenseTypeName\": \"<string>\",\n    \"DiscountPercentage\": \"<string>\",\n    \"DiscountTermsDays\": \"<string>\",\n    \"ID\": \"<string>\",\n    \"IsLineItemVatIncld\": \"<string>\",\n    \"IsVisibleForContentExtraction\": \"<string>\",\n    \"PaymentMethodType\": \"<string>\",\n    \"PaymentTerms\": \"<string>\",\n    \"PostalCode\": \"<string>\",\n    \"ProvincialTaxID\": \"<string>\",\n    \"PurchaseOrderContactEmail\": \"<string>\",\n    \"PurchaseOrderContactFirstName\": \"<string>\",\n    \"PurchaseOrderContactLastName\": \"<string>\",\n    \"PurchaseOrderContactPhoneNumber\": \"<string>\",\n    \"ShippingMethod\": \"<string>\",\n    \"ShippingTerms\": \"<string>\",\n    \"State\": \"<string>\",\n    \"StatusList\": {\n      \"Code\": \"<integer>\",\n      \"Message\": \"<string>\",\n      \"RecordNumber\": \"<integer>\",\n      \"Type\": \"<string>\"\n    },\n    \"TaxID\": \"<string>\",\n    \"TaxType\": \"<string>\",\n    \"URI\": \"<string>\",\n    \"VendorBankList\": {\n      \"AccountNumber\": \"<string>\",\n      \"AccountType\": \"<string>\",\n      \"AddressCode\": \"<string>\",\n      \"BankCode\": \"<string>\",\n      \"BankName\": \"<string>\",\n      \"BranchCode\": \"<string>\",\n      \"BranchLocation\": \"<string>\",\n      \"CountryCode\": \"<string>\",\n      \"CurrencyAlphaCode\": \"<string>\",\n      \"ID\": \"<string>\",\n      \"IsActive\": \"<string>\",\n      \"NameOnAccount\": \"<string>\",\n      \"RoutingNumber\": \"<string>\",\n      \"StatusList\": {\n        \"Code\": \"<integer>\",\n        \"Message\": \"<string>\",\n        \"RecordNumber\": \"<integer>\",\n        \"Type\": \"<string>\"\n      },\n      \"TransType\": \"<string>\",\n      \"URI\": \"<string>\",\n      \"VendorCode\": \"<string>\"\n    },\n    \"VendorFormName\": \"<string>\",\n    \"VendorGroupList\": [\n      \"<string>\",\n      \"<string>\"\n    ],\n    \"VendorName\": \"<string>\",\n    \"VoucherNotes\": \"<string>\"\n  },\n  \"NextPage\": \"<string>\",\n  \"RequestRunSummary\": \"<string>\",\n  \"TotalCount\": \"<integer>\",\n  \"Items\": {}\n}","options":{"raw":{"headerFamily":"json","language":"json"}}},"url":{"raw":"{{baseUrl}}/invoice/vendors","host":["{{baseUrl}}"],"path":["invoice","vendors"]}},"status":"Bad Request","code":400,"_postman_previewlanguage":"json","header":[{"key":"Content-Type","value":"application/json"}],"cookie":[],"responseTime":null,"body":"{\n  \"Message\": \"<string>\"\n}"}]},{"name":"Deletes a vendor.","id":"502fec84-b6b3-4882-b040-deedc59ed71c","protocolProfileBehavior":{"disableBodyPruning":true},"request":{"method":"DELETE","header":[{"key":"Accept","value":"application/json"}],"url":{"raw":"{{baseUrl}}/invoice/vendors?vendorCode=<string>&addressCode=<string>","host":["{{baseUrl}}"],"path":["invoice","vendors"],"query":[{"description":"(Required) Vendor Code to be deleted","key":"vendorCode","value":"<string>"},{"description":"(Required) Address Code to be deleted","key":"addressCode","value":"<string>"}]},"description":"Deletes a vendor by Vendor Code and Address Code."},"response":[{"id":"ed5ab65c-0ecc-4a86-a505-7558fdd8a841","name":"Success","originalRequest":{"method":"DELETE","header":[{"key":"Accept","value":"application/json"},{"description":"Added as a part of security scheme: oauth2","key":"Authorization","value":"<token>"}],"url":{"raw":"{{baseUrl}}/invoice/vendors?vendorCode=<string>&addressCode=<string>","host":["{{baseUrl}}"],"path":["invoice","vendors"],"query":[{"description":"(Required) Vendor Code to be deleted","key":"vendorCode","value":"<string>"},{"description":"(Required) Address Code to be deleted","key":"addressCode","value":"<string>"}]}},"status":"OK","code":200,"_postman_previewlanguage":"json","header":[{"key":"Content-Type","value":"application/json"}],"cookie":[],"responseTime":null,"body":"{\n  \"Vendor\": {\n    \"AddressCode\": \"<string>\",\n    \"CountryCode\": \"<string>\",\n    \"VendorCode\": \"<string>\",\n    \"AccountNumber\": \"<string>\",\n    \"Address1\": \"<string>\",\n    \"Address2\": \"<string>\",\n    \"Address3\": \"<string>\",\n    \"AddressImportSyncID\": \"<string>\",\n    \"Approved\": \"<string>\",\n    \"City\": \"<string>\",\n    \"ContactEmail\": \"<string>\",\n    \"ContactFirstName\": \"<string>\",\n    \"ContactLastName\": \"<string>\",\n    \"ContactPhoneNumber\": \"<string>\",\n    \"Country\": \"<string>\",\n    \"CurrencyCode\": \"<string>\",\n    \"Custom1\": \"<string>\",\n    \"Custom10\": \"<string>\",\n    \"Custom11\": \"<string>\",\n    \"Custom12\": \"<string>\",\n    \"Custom13\": \"<string>\",\n    \"Custom14\": \"<string>\",\n    \"Custom15\": \"<string>\",\n    \"Custom16\": \"<string>\",\n    \"Custom17\": \"<string>\",\n    \"Custom18\": \"<string>\",\n    \"Custom19\": \"<string>\",\n    \"Custom2\": \"<string>\",\n    \"Custom20\": \"<string>\",\n    \"Custom3\": \"<string>\",\n    \"Custom4\": \"<string>\",\n    \"Custom5\": \"<string>\",\n    \"Custom6\": \"<string>\",\n    \"Custom7\": \"<string>\",\n    \"Custom8\": \"<string>\",\n    \"Custom9\": \"<string>\",\n    \"DefaultEmployeeID\": \"<string>\",\n    \"DefaultExpenseTypeName\": \"<string>\",\n    \"DiscountPercentage\": \"<string>\",\n    \"DiscountTermsDays\": \"<string>\",\n    \"ID\": \"<string>\",\n    \"IsLineItemVatIncld\": \"<string>\",\n    \"IsVisibleForContentExtraction\": \"<string>\",\n    \"PaymentMethodType\": \"<string>\",\n    \"PaymentTerms\": \"<string>\",\n    \"PostalCode\": \"<string>\",\n    \"ProvincialTaxID\": \"<string>\",\n    \"PurchaseOrderContactEmail\": \"<string>\",\n    \"PurchaseOrderContactFirstName\": \"<string>\",\n    \"PurchaseOrderContactLastName\": \"<string>\",\n    \"PurchaseOrderContactPhoneNumber\": \"<string>\",\n    \"ShippingMethod\": \"<string>\",\n    \"ShippingTerms\": \"<string>\",\n    \"State\": \"<string>\",\n    \"StatusList\": {\n      \"Code\": \"<integer>\",\n      \"Message\": \"<string>\",\n      \"RecordNumber\": \"<integer>\",\n      \"Type\": \"<string>\"\n    },\n    \"TaxID\": \"<string>\",\n    \"TaxType\": \"<string>\",\n    \"URI\": \"<string>\",\n    \"VendorBankList\": {\n      \"AccountNumber\": \"<string>\",\n      \"AccountType\": \"<string>\",\n      \"AddressCode\": \"<string>\",\n      \"BankCode\": \"<string>\",\n      \"BankName\": \"<string>\",\n      \"BranchCode\": \"<string>\",\n      \"BranchLocation\": \"<string>\",\n      \"CountryCode\": \"<string>\",\n      \"CurrencyAlphaCode\": \"<string>\",\n      \"ID\": \"<string>\",\n      \"IsActive\": \"<string>\",\n      \"NameOnAccount\": \"<string>\",\n      \"RoutingNumber\": \"<string>\",\n      \"StatusList\": {\n        \"Code\": \"<integer>\",\n        \"Message\": \"<string>\",\n        \"RecordNumber\": \"<integer>\",\n        \"Type\": \"<string>\"\n      },\n      \"TransType\": \"<string>\",\n      \"URI\": \"<string>\",\n      \"VendorCode\": \"<string>\"\n    },\n    \"VendorFormName\": \"<string>\",\n    \"VendorGroupList\": [\n      \"<string>\",\n      \"<string>\"\n    ],\n    \"VendorName\": \"<string>\",\n    \"VoucherNotes\": \"<string>\"\n  },\n  \"NextPage\": \"<string>\",\n  \"RequestRunSummary\": \"<string>\",\n  \"TotalCount\": \"<integer>\",\n  \"Items\": {}\n}"},{"id":"0702ecbb-4d18-4673-8327-ab0d18c08a8f","name":"Bad request","originalRequest":{"method":"DELETE","header":[{"key":"Accept","value":"application/json"},{"description":"Added as a part of security scheme: oauth2","key":"Authorization","value":"<token>"}],"url":{"raw":"{{baseUrl}}/invoice/vendors?vendorCode=<string>&addressCode=<string>","host":["{{baseUrl}}"],"path":["invoice","vendors"],"query":[{"description":"(Required) Vendor Code to be deleted","key":"vendorCode","value":"<string>"},{"description":"(Required) Address Code to be deleted","key":"addressCode","value":"<string>"}]}},"status":"Bad Request","code":400,"_postman_previewlanguage":"json","header":[{"key":"Content-Type","value":"application/json"}],"cookie":[],"responseTime":null,"body":"{\n  \"Message\": \"<string>\"\n}"}]}],"id":"8535b252-818b-41a6-b983-4b195d9e21a3"}],"id":"ee4bf9b4-3175-48db-9af1-f4fb7b02a0e2"}],"auth":{"type":"bearer","bearer":[{"key":"token","value":"{{accessToken}}","type":"string"}]},"event":[{"listen":"prerequest","script":{"id":"92ce0379-7fc9-42ad-b520-9c1bc53274eb","type":"text/javascript","exec":[""]}},{"listen":"test","script":{"id":"538a068d-3df6-4cb4-bfae-7594a71eda9e","type":"text/javascript","exec":[""]}}],"variable":[{"id":"9869d4fe-9587-48f7-95d0-644840ebc4e1","key":"baseUrl","value":"https://www.concursolutions.com/api/v3.1"}]}