{"info":{"_postman_id":"170100d0-67a0-4439-a2e4-6cea61be000b","name":"List Item Bulk","description":"Provides an automated solution to clients who would like to manage list items. This API provides methods to add, update or delete list items owned by the specified lists.","schema":"https://schema.getpostman.com/json/collection/v2.1.0/collection.json"},"item":[{"name":"list","item":[{"name":"v4","item":[{"name":"lists","item":[{"name":"{listId}","item":[{"name":"bulk","item":[{"name":"Create list items for a specific list with provided request body","id":"fde3ec57-812b-4aa9-94e9-bf57c8160978","protocolProfileBehavior":{"disableBodyPruning":true},"request":{"method":"POST","header":[{"description":"Language code","key":"Accept-Language","value":"<string>"},{"key":"Content-Type","value":"application/json"},{"key":"Accept","value":"application/json"}],"body":{"mode":"raw","raw":"{\n  \"requests\": [\n    {\n      \"shortCode\": \"<string>\",\n      \"value\": \"<string>\",\n      \"parentCode\": \"<string>\"\n    },\n    {\n      \"shortCode\": \"<string>\",\n      \"value\": \"<string>\",\n      \"parentCode\": \"<string>\"\n    }\n  ]\n}","options":{"raw":{"headerFamily":"json","language":"json"}}},"url":{"raw":"{{baseUrl}}/list/v4/lists/:listId/bulk","host":["{{baseUrl}}"],"path":["list","v4","lists",":listId","bulk"],"variable":[{"id":"8bcc89fb-22e9-4855-a560-672f21de541d","key":"listId","value":"<uuid>"}]},"description":"Returns the status of the bulk request"},"response":[{"id":"95eb5f28-adae-4e79-8f65-16d7e37aaf45","name":"Successfully created the list items","originalRequest":{"method":"POST","header":[{"description":"Language code","key":"Accept-Language","value":"<string>"},{"key":"Content-Type","value":"application/json"},{"key":"Accept","value":"application/json"},{"description":"Added as a part of security scheme: apikey","key":"Authorization","value":"<API Key>"}],"body":{"mode":"raw","raw":"{\n  \"requests\": [\n    {\n      \"shortCode\": \"<string>\",\n      \"value\": \"<string>\",\n      \"parentCode\": \"<string>\"\n    },\n    {\n      \"shortCode\": \"<string>\",\n      \"value\": \"<string>\",\n      \"parentCode\": \"<string>\"\n    }\n  ]\n}","options":{"raw":{"headerFamily":"json","language":"json"}}},"url":{"raw":"{{baseUrl}}/list/v4/lists/:listId/bulk","host":["{{baseUrl}}"],"path":["list","v4","lists",":listId","bulk"],"variable":[{"key":"listId"}]}},"status":"Created","code":201,"_postman_previewlanguage":"json","header":[{"key":"Content-Type","value":"application/json"}],"cookie":[],"responseTime":null,"body":"{\n  \"status\": \"SUCCESS\",\n  \"recordsSucceeded\": \"<integer>\",\n  \"recordsFailed\": \"<integer>\",\n  \"errors\": [\n    {\n      \"id\": \"<string>\",\n      \"message\": \"<string>\",\n      \"listItem\": {}\n    },\n    {\n      \"id\": \"<string>\",\n      \"message\": \"<string>\",\n      \"listItem\": {}\n    }\n  ]\n}"},{"id":"dd78495f-3799-4d6c-af3b-dc5589d24443","name":"Partial success","originalRequest":{"method":"POST","header":[{"description":"Language code","key":"Accept-Language","value":"<string>"},{"key":"Content-Type","value":"application/json"},{"key":"Accept","value":"application/json"},{"description":"Added as a part of security scheme: apikey","key":"Authorization","value":"<API Key>"}],"body":{"mode":"raw","raw":"{\n  \"requests\": [\n    {\n      \"shortCode\": \"<string>\",\n      \"value\": \"<string>\",\n      \"parentCode\": \"<string>\"\n    },\n    {\n      \"shortCode\": \"<string>\",\n      \"value\": \"<string>\",\n      \"parentCode\": \"<string>\"\n    }\n  ]\n}","options":{"raw":{"headerFamily":"json","language":"json"}}},"url":{"raw":"{{baseUrl}}/list/v4/lists/:listId/bulk","host":["{{baseUrl}}"],"path":["list","v4","lists",":listId","bulk"],"variable":[{"key":"listId"}]}},"status":"Partial Content","code":206,"_postman_previewlanguage":"json","header":[{"key":"Content-Type","value":"application/json"}],"cookie":[],"responseTime":null,"body":"{\n  \"status\": \"SUCCESS\",\n  \"recordsSucceeded\": \"<integer>\",\n  \"recordsFailed\": \"<integer>\",\n  \"errors\": [\n    {\n      \"id\": \"<string>\",\n      \"message\": \"<string>\",\n      \"listItem\": {}\n    },\n    {\n      \"id\": \"<string>\",\n      \"message\": \"<string>\",\n      \"listItem\": {}\n    }\n  ]\n}"},{"id":"f74a5ea6-026a-4b2d-a526-bbf880bce439","name":"Company does not exist","originalRequest":{"method":"POST","header":[{"description":"Language code","key":"Accept-Language","value":"<string>"},{"key":"Content-Type","value":"application/json"},{"key":"Accept","value":"application/json"},{"description":"Added as a part of security scheme: apikey","key":"Authorization","value":"<API Key>"}],"body":{"mode":"raw","raw":"{\n  \"requests\": [\n    {\n      \"shortCode\": \"<string>\",\n      \"value\": \"<string>\",\n      \"parentCode\": \"<string>\"\n    },\n    {\n      \"shortCode\": \"<string>\",\n      \"value\": \"<string>\",\n      \"parentCode\": \"<string>\"\n    }\n  ]\n}","options":{"raw":{"headerFamily":"json","language":"json"}}},"url":{"raw":"{{baseUrl}}/list/v4/lists/:listId/bulk","host":["{{baseUrl}}"],"path":["list","v4","lists",":listId","bulk"],"variable":[{"key":"listId"}]}},"status":"Bad Request","code":400,"_postman_previewlanguage":"json","header":[{"key":"Content-Type","value":"application/json"}],"cookie":[],"responseTime":null,"body":"{\n  \"error\": {\n    \"message\": \"<string>\",\n    \"id\": \"<string>\"\n  },\n  \"httpStatus\": \"<string>\",\n  \"path\": \"<string>\",\n  \"timestamp\": \"<dateTime>\",\n  \"validationErrors\": [\n    {\n      \"source\": \"<string>\",\n      \"message\": \"<string>\"\n    },\n    {\n      \"source\": \"<string>\",\n      \"message\": \"<string>\"\n    }\n  ]\n}"},{"id":"314cdb44-e2f5-4b6b-a015-0132acd9aaa0","name":"Access Denied","originalRequest":{"method":"POST","header":[{"description":"Language code","key":"Accept-Language","value":"<string>"},{"key":"Content-Type","value":"application/json"},{"key":"Accept","value":"application/json"},{"description":"Added as a part of security scheme: apikey","key":"Authorization","value":"<API Key>"}],"body":{"mode":"raw","raw":"{\n  \"requests\": [\n    {\n      \"shortCode\": \"<string>\",\n      \"value\": \"<string>\",\n      \"parentCode\": \"<string>\"\n    },\n    {\n      \"shortCode\": \"<string>\",\n      \"value\": \"<string>\",\n      \"parentCode\": \"<string>\"\n    }\n  ]\n}","options":{"raw":{"headerFamily":"json","language":"json"}}},"url":{"raw":"{{baseUrl}}/list/v4/lists/:listId/bulk","host":["{{baseUrl}}"],"path":["list","v4","lists",":listId","bulk"],"variable":[{"key":"listId"}]}},"status":"Unauthorized","code":401,"_postman_previewlanguage":"json","header":[{"key":"Content-Type","value":"application/json"}],"cookie":[],"responseTime":null,"body":"{\n  \"error\": {\n    \"message\": \"<string>\",\n    \"id\": \"<string>\"\n  },\n  \"httpStatus\": \"<string>\",\n  \"path\": \"<string>\",\n  \"timestamp\": \"<dateTime>\",\n  \"validationErrors\": [\n    {\n      \"source\": \"<string>\",\n      \"message\": \"<string>\"\n    },\n    {\n      \"source\": \"<string>\",\n      \"message\": \"<string>\"\n    }\n  ]\n}"},{"id":"3f30f93c-1d47-4b1a-92ec-c3041a51a36f","name":"Forbidden","originalRequest":{"method":"POST","header":[{"description":"Language code","key":"Accept-Language","value":"<string>"},{"key":"Content-Type","value":"application/json"},{"key":"Accept","value":"application/json"},{"description":"Added as a part of security scheme: apikey","key":"Authorization","value":"<API Key>"}],"body":{"mode":"raw","raw":"{\n  \"requests\": [\n    {\n      \"shortCode\": \"<string>\",\n      \"value\": \"<string>\",\n      \"parentCode\": \"<string>\"\n    },\n    {\n      \"shortCode\": \"<string>\",\n      \"value\": \"<string>\",\n      \"parentCode\": \"<string>\"\n    }\n  ]\n}","options":{"raw":{"headerFamily":"json","language":"json"}}},"url":{"raw":"{{baseUrl}}/list/v4/lists/:listId/bulk","host":["{{baseUrl}}"],"path":["list","v4","lists",":listId","bulk"],"variable":[{"key":"listId"}]}},"status":"Forbidden","code":403,"_postman_previewlanguage":"json","header":[{"key":"Content-Type","value":"application/json"}],"cookie":[],"responseTime":null,"body":"{\n  \"error\": {\n    \"message\": \"<string>\",\n    \"id\": \"<string>\"\n  },\n  \"httpStatus\": \"<string>\",\n  \"path\": \"<string>\",\n  \"timestamp\": \"<dateTime>\",\n  \"validationErrors\": [\n    {\n      \"source\": \"<string>\",\n      \"message\": \"<string>\"\n    },\n    {\n      \"source\": \"<string>\",\n      \"message\": \"<string>\"\n    }\n  ]\n}"},{"id":"8a96e0fb-9545-4ad6-8a37-a877fba5ea62","name":"List not found","originalRequest":{"method":"POST","header":[{"description":"Language code","key":"Accept-Language","value":"<string>"},{"key":"Content-Type","value":"application/json"},{"key":"Accept","value":"application/json"},{"description":"Added as a part of security scheme: apikey","key":"Authorization","value":"<API Key>"}],"body":{"mode":"raw","raw":"{\n  \"requests\": [\n    {\n      \"shortCode\": \"<string>\",\n      \"value\": \"<string>\",\n      \"parentCode\": \"<string>\"\n    },\n    {\n      \"shortCode\": \"<string>\",\n      \"value\": \"<string>\",\n      \"parentCode\": \"<string>\"\n    }\n  ]\n}","options":{"raw":{"headerFamily":"json","language":"json"}}},"url":{"raw":"{{baseUrl}}/list/v4/lists/:listId/bulk","host":["{{baseUrl}}"],"path":["list","v4","lists",":listId","bulk"],"variable":[{"key":"listId"}]}},"status":"Not Found","code":404,"_postman_previewlanguage":"json","header":[{"key":"Content-Type","value":"application/json"}],"cookie":[],"responseTime":null,"body":"{\n  \"error\": {\n    \"message\": \"<string>\",\n    \"id\": \"<string>\"\n  },\n  \"httpStatus\": \"<string>\",\n  \"path\": \"<string>\",\n  \"timestamp\": \"<dateTime>\",\n  \"validationErrors\": [\n    {\n      \"source\": \"<string>\",\n      \"message\": \"<string>\"\n    },\n    {\n      \"source\": \"<string>\",\n      \"message\": \"<string>\"\n    }\n  ]\n}"},{"id":"20746668-447d-49d0-b9d3-6530227c5819","name":"Unsupported Media Type","originalRequest":{"method":"POST","header":[{"description":"Language code","key":"Accept-Language","value":"<string>"},{"key":"Content-Type","value":"application/json"},{"key":"Accept","value":"application/json"},{"description":"Added as a part of security scheme: apikey","key":"Authorization","value":"<API Key>"}],"body":{"mode":"raw","raw":"{\n  \"requests\": [\n    {\n      \"shortCode\": \"<string>\",\n      \"value\": \"<string>\",\n      \"parentCode\": \"<string>\"\n    },\n    {\n      \"shortCode\": \"<string>\",\n      \"value\": \"<string>\",\n      \"parentCode\": \"<string>\"\n    }\n  ]\n}","options":{"raw":{"headerFamily":"json","language":"json"}}},"url":{"raw":"{{baseUrl}}/list/v4/lists/:listId/bulk","host":["{{baseUrl}}"],"path":["list","v4","lists",":listId","bulk"],"variable":[{"key":"listId"}]}},"status":"Unsupported Media Type","code":415,"_postman_previewlanguage":"json","header":[{"key":"Content-Type","value":"application/json"}],"cookie":[],"responseTime":null,"body":"{\n  \"error\": {\n    \"message\": \"<string>\",\n    \"id\": \"<string>\"\n  },\n  \"httpStatus\": \"<string>\",\n  \"path\": \"<string>\",\n  \"timestamp\": \"<dateTime>\",\n  \"validationErrors\": [\n    {\n      \"source\": \"<string>\",\n      \"message\": \"<string>\"\n    },\n    {\n      \"source\": \"<string>\",\n      \"message\": \"<string>\"\n    }\n  ]\n}"},{"id":"ad87930d-c1bc-416c-a35d-422d575e629c","name":"Too many requests","originalRequest":{"method":"POST","header":[{"description":"Language code","key":"Accept-Language","value":"<string>"},{"key":"Content-Type","value":"application/json"},{"key":"Accept","value":"application/json"},{"description":"Added as a part of security scheme: apikey","key":"Authorization","value":"<API Key>"}],"body":{"mode":"raw","raw":"{\n  \"requests\": [\n    {\n      \"shortCode\": \"<string>\",\n      \"value\": \"<string>\",\n      \"parentCode\": \"<string>\"\n    },\n    {\n      \"shortCode\": \"<string>\",\n      \"value\": \"<string>\",\n      \"parentCode\": \"<string>\"\n    }\n  ]\n}","options":{"raw":{"headerFamily":"json","language":"json"}}},"url":{"raw":"{{baseUrl}}/list/v4/lists/:listId/bulk","host":["{{baseUrl}}"],"path":["list","v4","lists",":listId","bulk"],"variable":[{"key":"listId"}]}},"status":"Too Many Requests","code":429,"_postman_previewlanguage":"json","header":[{"key":"Content-Type","value":"application/json"}],"cookie":[],"responseTime":null,"body":"{\n  \"error\": {\n    \"message\": \"<string>\",\n    \"id\": \"<string>\"\n  },\n  \"httpStatus\": \"<string>\",\n  \"path\": \"<string>\",\n  \"timestamp\": \"<dateTime>\",\n  \"validationErrors\": [\n    {\n      \"source\": \"<string>\",\n      \"message\": \"<string>\"\n    },\n    {\n      \"source\": \"<string>\",\n      \"message\": \"<string>\"\n    }\n  ]\n}"},{"id":"ac582fec-22d4-417f-b7fe-3e3e3dcd3a2c","name":"Internal server error","originalRequest":{"method":"POST","header":[{"description":"Language code","key":"Accept-Language","value":"<string>"},{"key":"Content-Type","value":"application/json"},{"key":"Accept","value":"application/json"},{"description":"Added as a part of security scheme: apikey","key":"Authorization","value":"<API Key>"}],"body":{"mode":"raw","raw":"{\n  \"requests\": [\n    {\n      \"shortCode\": \"<string>\",\n      \"value\": \"<string>\",\n      \"parentCode\": \"<string>\"\n    },\n    {\n      \"shortCode\": \"<string>\",\n      \"value\": \"<string>\",\n      \"parentCode\": \"<string>\"\n    }\n  ]\n}","options":{"raw":{"headerFamily":"json","language":"json"}}},"url":{"raw":"{{baseUrl}}/list/v4/lists/:listId/bulk","host":["{{baseUrl}}"],"path":["list","v4","lists",":listId","bulk"],"variable":[{"key":"listId"}]}},"status":"Internal Server Error","code":500,"_postman_previewlanguage":"json","header":[{"key":"Content-Type","value":"application/json"}],"cookie":[],"responseTime":null,"body":"{\n  \"error\": {\n    \"message\": \"<string>\",\n    \"id\": \"<string>\"\n  },\n  \"httpStatus\": \"<string>\",\n  \"path\": \"<string>\",\n  \"timestamp\": \"<dateTime>\",\n  \"validationErrors\": [\n    {\n      \"source\": \"<string>\",\n      \"message\": \"<string>\"\n    },\n    {\n      \"source\": \"<string>\",\n      \"message\": \"<string>\"\n    }\n  ]\n}"}]},{"name":"Update or delete list items by long code for a specific list with provided request body","id":"a4fc4d8f-aab8-4bb5-ab2a-682b22c99b03","protocolProfileBehavior":{"disableBodyPruning":true},"request":{"method":"PATCH","header":[{"description":"Language code","key":"Accept-Language","value":"<string>"},{"key":"Content-Type","value":"application/json"},{"key":"Accept","value":"application/json"}],"body":{"mode":"raw","raw":"{\n  \"requests\": [\n    {\n      \"code\": \"<string>\",\n      \"value\": \"<string>\",\n      \"deleted\": \"<boolean>\"\n    },\n    {\n      \"code\": \"<string>\",\n      \"value\": \"<string>\",\n      \"deleted\": \"<boolean>\"\n    }\n  ]\n}","options":{"raw":{"headerFamily":"json","language":"json"}}},"url":{"raw":"{{baseUrl}}/list/v4/lists/:listId/bulk","host":["{{baseUrl}}"],"path":["list","v4","lists",":listId","bulk"],"variable":[{"id":"28bacf3a-50ac-497d-a161-c21fa239a304","key":"listId","value":"<uuid>"}]},"description":"Returns the status of the bulk request"},"response":[{"id":"f5eafdf6-e290-4c87-93c1-2f7229e372d9","name":"Successfully updated the list items","originalRequest":{"method":"PATCH","header":[{"description":"Language code","key":"Accept-Language","value":"<string>"},{"key":"Content-Type","value":"application/json"},{"key":"Accept","value":"application/json"},{"description":"Added as a part of security scheme: apikey","key":"Authorization","value":"<API Key>"}],"body":{"mode":"raw","raw":"{\n  \"requests\": [\n    {\n      \"code\": \"<string>\",\n      \"value\": \"<string>\",\n      \"deleted\": \"<boolean>\"\n    },\n    {\n      \"code\": \"<string>\",\n      \"value\": \"<string>\",\n      \"deleted\": \"<boolean>\"\n    }\n  ]\n}","options":{"raw":{"headerFamily":"json","language":"json"}}},"url":{"raw":"{{baseUrl}}/list/v4/lists/:listId/bulk","host":["{{baseUrl}}"],"path":["list","v4","lists",":listId","bulk"],"variable":[{"key":"listId"}]}},"status":"OK","code":200,"_postman_previewlanguage":"json","header":[{"key":"Content-Type","value":"application/json"}],"cookie":[],"responseTime":null,"body":"{\n  \"status\": \"SUCCESS\",\n  \"recordsSucceeded\": \"<integer>\",\n  \"recordsFailed\": \"<integer>\",\n  \"errors\": [\n    {\n      \"id\": \"<string>\",\n      \"message\": \"<string>\",\n      \"listItem\": {}\n    },\n    {\n      \"id\": \"<string>\",\n      \"message\": \"<string>\",\n      \"listItem\": {}\n    }\n  ]\n}"},{"id":"204c4ed3-6aa6-4d0a-a80d-b94d9dee0349","name":"Partial success","originalRequest":{"method":"PATCH","header":[{"description":"Language code","key":"Accept-Language","value":"<string>"},{"key":"Content-Type","value":"application/json"},{"key":"Accept","value":"application/json"},{"description":"Added as a part of security scheme: apikey","key":"Authorization","value":"<API Key>"}],"body":{"mode":"raw","raw":"{\n  \"requests\": [\n    {\n      \"code\": \"<string>\",\n      \"value\": \"<string>\",\n      \"deleted\": \"<boolean>\"\n    },\n    {\n      \"code\": \"<string>\",\n      \"value\": \"<string>\",\n      \"deleted\": \"<boolean>\"\n    }\n  ]\n}","options":{"raw":{"headerFamily":"json","language":"json"}}},"url":{"raw":"{{baseUrl}}/list/v4/lists/:listId/bulk","host":["{{baseUrl}}"],"path":["list","v4","lists",":listId","bulk"],"variable":[{"key":"listId"}]}},"status":"Partial Content","code":206,"_postman_previewlanguage":"json","header":[{"key":"Content-Type","value":"application/json"}],"cookie":[],"responseTime":null,"body":"{\n  \"status\": \"SUCCESS\",\n  \"recordsSucceeded\": \"<integer>\",\n  \"recordsFailed\": \"<integer>\",\n  \"errors\": [\n    {\n      \"id\": \"<string>\",\n      \"message\": \"<string>\",\n      \"listItem\": {}\n    },\n    {\n      \"id\": \"<string>\",\n      \"message\": \"<string>\",\n      \"listItem\": {}\n    }\n  ]\n}"},{"id":"2fa99a37-edbf-4066-b79f-cb66d4432a99","name":"Company does not exist","originalRequest":{"method":"PATCH","header":[{"description":"Language code","key":"Accept-Language","value":"<string>"},{"key":"Content-Type","value":"application/json"},{"key":"Accept","value":"application/json"},{"description":"Added as a part of security scheme: apikey","key":"Authorization","value":"<API Key>"}],"body":{"mode":"raw","raw":"{\n  \"requests\": [\n    {\n      \"code\": \"<string>\",\n      \"value\": \"<string>\",\n      \"deleted\": \"<boolean>\"\n    },\n    {\n      \"code\": \"<string>\",\n      \"value\": \"<string>\",\n      \"deleted\": \"<boolean>\"\n    }\n  ]\n}","options":{"raw":{"headerFamily":"json","language":"json"}}},"url":{"raw":"{{baseUrl}}/list/v4/lists/:listId/bulk","host":["{{baseUrl}}"],"path":["list","v4","lists",":listId","bulk"],"variable":[{"key":"listId"}]}},"status":"Bad Request","code":400,"_postman_previewlanguage":"json","header":[{"key":"Content-Type","value":"application/json"}],"cookie":[],"responseTime":null,"body":"{\n  \"error\": {\n    \"message\": \"<string>\",\n    \"id\": \"<string>\"\n  },\n  \"httpStatus\": \"<string>\",\n  \"path\": \"<string>\",\n  \"timestamp\": \"<dateTime>\",\n  \"validationErrors\": [\n    {\n      \"source\": \"<string>\",\n      \"message\": \"<string>\"\n    },\n    {\n      \"source\": \"<string>\",\n      \"message\": \"<string>\"\n    }\n  ]\n}"},{"id":"5bfdcb8f-1fc1-4db2-b131-b2dbcda553c5","name":"Access Denied","originalRequest":{"method":"PATCH","header":[{"description":"Language code","key":"Accept-Language","value":"<string>"},{"key":"Content-Type","value":"application/json"},{"key":"Accept","value":"application/json"},{"description":"Added as a part of security scheme: apikey","key":"Authorization","value":"<API Key>"}],"body":{"mode":"raw","raw":"{\n  \"requests\": [\n    {\n      \"code\": \"<string>\",\n      \"value\": \"<string>\",\n      \"deleted\": \"<boolean>\"\n    },\n    {\n      \"code\": \"<string>\",\n      \"value\": \"<string>\",\n      \"deleted\": \"<boolean>\"\n    }\n  ]\n}","options":{"raw":{"headerFamily":"json","language":"json"}}},"url":{"raw":"{{baseUrl}}/list/v4/lists/:listId/bulk","host":["{{baseUrl}}"],"path":["list","v4","lists",":listId","bulk"],"variable":[{"key":"listId"}]}},"status":"Unauthorized","code":401,"_postman_previewlanguage":"json","header":[{"key":"Content-Type","value":"application/json"}],"cookie":[],"responseTime":null,"body":"{\n  \"error\": {\n    \"message\": \"<string>\",\n    \"id\": \"<string>\"\n  },\n  \"httpStatus\": \"<string>\",\n  \"path\": \"<string>\",\n  \"timestamp\": \"<dateTime>\",\n  \"validationErrors\": [\n    {\n      \"source\": \"<string>\",\n      \"message\": \"<string>\"\n    },\n    {\n      \"source\": \"<string>\",\n      \"message\": \"<string>\"\n    }\n  ]\n}"},{"id":"69096003-f54e-4be1-b0eb-c0ab9b4e4942","name":"Forbidden","originalRequest":{"method":"PATCH","header":[{"description":"Language code","key":"Accept-Language","value":"<string>"},{"key":"Content-Type","value":"application/json"},{"key":"Accept","value":"application/json"},{"description":"Added as a part of security scheme: apikey","key":"Authorization","value":"<API Key>"}],"body":{"mode":"raw","raw":"{\n  \"requests\": [\n    {\n      \"code\": \"<string>\",\n      \"value\": \"<string>\",\n      \"deleted\": \"<boolean>\"\n    },\n    {\n      \"code\": \"<string>\",\n      \"value\": \"<string>\",\n      \"deleted\": \"<boolean>\"\n    }\n  ]\n}","options":{"raw":{"headerFamily":"json","language":"json"}}},"url":{"raw":"{{baseUrl}}/list/v4/lists/:listId/bulk","host":["{{baseUrl}}"],"path":["list","v4","lists",":listId","bulk"],"variable":[{"key":"listId"}]}},"status":"Forbidden","code":403,"_postman_previewlanguage":"json","header":[{"key":"Content-Type","value":"application/json"}],"cookie":[],"responseTime":null,"body":"{\n  \"error\": {\n    \"message\": \"<string>\",\n    \"id\": \"<string>\"\n  },\n  \"httpStatus\": \"<string>\",\n  \"path\": \"<string>\",\n  \"timestamp\": \"<dateTime>\",\n  \"validationErrors\": [\n    {\n      \"source\": \"<string>\",\n      \"message\": \"<string>\"\n    },\n    {\n      \"source\": \"<string>\",\n      \"message\": \"<string>\"\n    }\n  ]\n}"},{"id":"2d05d0d9-0472-452d-b513-dbef22f96635","name":"List not found","originalRequest":{"method":"PATCH","header":[{"description":"Language code","key":"Accept-Language","value":"<string>"},{"key":"Content-Type","value":"application/json"},{"key":"Accept","value":"application/json"},{"description":"Added as a part of security scheme: apikey","key":"Authorization","value":"<API Key>"}],"body":{"mode":"raw","raw":"{\n  \"requests\": [\n    {\n      \"code\": \"<string>\",\n      \"value\": \"<string>\",\n      \"deleted\": \"<boolean>\"\n    },\n    {\n      \"code\": \"<string>\",\n      \"value\": \"<string>\",\n      \"deleted\": \"<boolean>\"\n    }\n  ]\n}","options":{"raw":{"headerFamily":"json","language":"json"}}},"url":{"raw":"{{baseUrl}}/list/v4/lists/:listId/bulk","host":["{{baseUrl}}"],"path":["list","v4","lists",":listId","bulk"],"variable":[{"key":"listId"}]}},"status":"Not Found","code":404,"_postman_previewlanguage":"json","header":[{"key":"Content-Type","value":"application/json"}],"cookie":[],"responseTime":null,"body":"{\n  \"error\": {\n    \"message\": \"<string>\",\n    \"id\": \"<string>\"\n  },\n  \"httpStatus\": \"<string>\",\n  \"path\": \"<string>\",\n  \"timestamp\": \"<dateTime>\",\n  \"validationErrors\": [\n    {\n      \"source\": \"<string>\",\n      \"message\": \"<string>\"\n    },\n    {\n      \"source\": \"<string>\",\n      \"message\": \"<string>\"\n    }\n  ]\n}"},{"id":"b60d4ccf-269c-4c3b-99be-04362677d43a","name":"Unsupported Media Type","originalRequest":{"method":"PATCH","header":[{"description":"Language code","key":"Accept-Language","value":"<string>"},{"key":"Content-Type","value":"application/json"},{"key":"Accept","value":"application/json"},{"description":"Added as a part of security scheme: apikey","key":"Authorization","value":"<API Key>"}],"body":{"mode":"raw","raw":"{\n  \"requests\": [\n    {\n      \"code\": \"<string>\",\n      \"value\": \"<string>\",\n      \"deleted\": \"<boolean>\"\n    },\n    {\n      \"code\": \"<string>\",\n      \"value\": \"<string>\",\n      \"deleted\": \"<boolean>\"\n    }\n  ]\n}","options":{"raw":{"headerFamily":"json","language":"json"}}},"url":{"raw":"{{baseUrl}}/list/v4/lists/:listId/bulk","host":["{{baseUrl}}"],"path":["list","v4","lists",":listId","bulk"],"variable":[{"key":"listId"}]}},"status":"Unsupported Media Type","code":415,"_postman_previewlanguage":"json","header":[{"key":"Content-Type","value":"application/json"}],"cookie":[],"responseTime":null,"body":"{\n  \"error\": {\n    \"message\": \"<string>\",\n    \"id\": \"<string>\"\n  },\n  \"httpStatus\": \"<string>\",\n  \"path\": \"<string>\",\n  \"timestamp\": \"<dateTime>\",\n  \"validationErrors\": [\n    {\n      \"source\": \"<string>\",\n      \"message\": \"<string>\"\n    },\n    {\n      \"source\": \"<string>\",\n      \"message\": \"<string>\"\n    }\n  ]\n}"},{"id":"47c0432c-a9b9-4930-a2c0-584db0d13199","name":"Too many requests","originalRequest":{"method":"PATCH","header":[{"description":"Language code","key":"Accept-Language","value":"<string>"},{"key":"Content-Type","value":"application/json"},{"key":"Accept","value":"application/json"},{"description":"Added as a part of security scheme: apikey","key":"Authorization","value":"<API Key>"}],"body":{"mode":"raw","raw":"{\n  \"requests\": [\n    {\n      \"code\": \"<string>\",\n      \"value\": \"<string>\",\n      \"deleted\": \"<boolean>\"\n    },\n    {\n      \"code\": \"<string>\",\n      \"value\": \"<string>\",\n      \"deleted\": \"<boolean>\"\n    }\n  ]\n}","options":{"raw":{"headerFamily":"json","language":"json"}}},"url":{"raw":"{{baseUrl}}/list/v4/lists/:listId/bulk","host":["{{baseUrl}}"],"path":["list","v4","lists",":listId","bulk"],"variable":[{"key":"listId"}]}},"status":"Too Many Requests","code":429,"_postman_previewlanguage":"json","header":[{"key":"Content-Type","value":"application/json"}],"cookie":[],"responseTime":null,"body":"{\n  \"error\": {\n    \"message\": \"<string>\",\n    \"id\": \"<string>\"\n  },\n  \"httpStatus\": \"<string>\",\n  \"path\": \"<string>\",\n  \"timestamp\": \"<dateTime>\",\n  \"validationErrors\": [\n    {\n      \"source\": \"<string>\",\n      \"message\": \"<string>\"\n    },\n    {\n      \"source\": \"<string>\",\n      \"message\": \"<string>\"\n    }\n  ]\n}"},{"id":"3322dfc4-1637-47e3-b820-463895098f12","name":"Internal server error","originalRequest":{"method":"PATCH","header":[{"description":"Language code","key":"Accept-Language","value":"<string>"},{"key":"Content-Type","value":"application/json"},{"key":"Accept","value":"application/json"},{"description":"Added as a part of security scheme: apikey","key":"Authorization","value":"<API Key>"}],"body":{"mode":"raw","raw":"{\n  \"requests\": [\n    {\n      \"code\": \"<string>\",\n      \"value\": \"<string>\",\n      \"deleted\": \"<boolean>\"\n    },\n    {\n      \"code\": \"<string>\",\n      \"value\": \"<string>\",\n      \"deleted\": \"<boolean>\"\n    }\n  ]\n}","options":{"raw":{"headerFamily":"json","language":"json"}}},"url":{"raw":"{{baseUrl}}/list/v4/lists/:listId/bulk","host":["{{baseUrl}}"],"path":["list","v4","lists",":listId","bulk"],"variable":[{"key":"listId"}]}},"status":"Internal Server Error","code":500,"_postman_previewlanguage":"json","header":[{"key":"Content-Type","value":"application/json"}],"cookie":[],"responseTime":null,"body":"{\n  \"error\": {\n    \"message\": \"<string>\",\n    \"id\": \"<string>\"\n  },\n  \"httpStatus\": \"<string>\",\n  \"path\": \"<string>\",\n  \"timestamp\": \"<dateTime>\",\n  \"validationErrors\": [\n    {\n      \"source\": \"<string>\",\n      \"message\": \"<string>\"\n    },\n    {\n      \"source\": \"<string>\",\n      \"message\": \"<string>\"\n    }\n  ]\n}"}]}],"id":"6f25e986-b6c5-4f4c-bd20-700f2b141ff3"}],"id":"27111f5a-a0f3-4771-8dcc-1b03ad2abe38"}],"id":"61004bc4-14e9-4f8a-a603-f19e05e99ddb"}],"id":"93d0ec08-b7fb-42cd-8e1d-5e9660195dcf"}],"id":"3ef14b73-9ce0-4e5b-95d8-8c01c95f2f3a"}],"auth":{"type":"apikey","apikey":[{"key":"key","value":"Authorization","type":"string"},{"key":"value","value":"{{apiKey}}","type":"string"},{"key":"in","value":"header","type":"string"}]},"variable":[{"id":"dc68dddf-0ceb-4e90-a53b-e79bc1ca89b2","key":"baseUrl","value":"https://www.concursolutions.com/api/v4.0"}]}