{"info":{"_postman_id":"1aec81c0-3c1e-4b80-94dd-2d0c059877c1","name":"Omada External Access","description":"# Introduction\nWhat does your API do?\n\n# Overview\nThings that the developers should know about\n\n# Authentication\nWhat is the preferred way of using the API?\n\n# Error Codes\nWhat errors and status codes can a user expect?\n\n# Rate limit\nIs there a limit to the number of requests a user can send?","schema":"https://schema.getpostman.com/json/collection/v2.1.0/collection.json"},"item":[{"name":"External Access","item":[{"name":"login","event":[{"listen":"test","script":{"id":"d794e45d-f4d9-433a-8987-bdd321f70185","exec":["var access_token = pm.response.json()\r","pm.collectionVariables.set(\"loginToken\", access_token.result[\"token\"]);\r","\r","\r","\r",""],"type":"text/javascript"}}],"id":"22fa8818-b93c-4f82-8d73-c7c47d1680af","protocolProfileBehavior":{"disableBodyPruning":true},"request":{"method":"POST","header":[],"body":{"mode":"raw","raw":"{\r\n    \"username\": \"{{username}}\",\r\n    \"password\": \"{{password}}\" \r\n}","options":{"raw":{"language":"json"}}},"url":{"raw":"{{baseExternal}}/{{omadacId}}/api/v2/login","host":["{{baseExternal}}"],"path":["{{omadacId}}","api","v2","login"]}},"response":[]},{"name":"Get the List of Admin Accounts","event":[{"listen":"test","script":{"id":"62320e91-90ed-4a90-9b5e-029593e1a79e","exec":["var jsonResult = pm.response.json()\r","\r","// loop collects all users and their ids and set them collection variables \r","for(x = 0; x < jsonResult.result.data.length; x++){\r","    pm.collectionVariables.set(jsonResult.result.data[x].name, jsonResult.result.data[x].id);\r","    pm.collectionVariables.set(\"Site: \"+jsonResult.result.data[x].privilege.sites[0].name, jsonResult.result.data[x].privilege.sites[0].key);\r","\r","}\r","\r","\r",""],"type":"text/javascript"}}],"id":"d2f176a6-d163-4788-8431-85be07f19d0e","protocolProfileBehavior":{"disableBodyPruning":true},"request":{"method":"GET","header":[{"key":"Content-Type","value":"application/json","type":"text"},{"key":"Accept","value":"application/json","type":"text"},{"key":"CSRF-Token","value":"{{loginToken}}","type":"text"}],"url":{"raw":"{{baseExternal}}/{{omadacId}}/api/v2/users?currentPage=1&currentPageSize=10","host":["{{baseExternal}}"],"path":["{{omadacId}}","api","v2","users"],"query":[{"key":"currentPage","value":"1"},{"key":"currentPageSize","value":"10"}]}},"response":[]},{"name":"Get Information about a specific user","event":[{"listen":"test","script":{"id":"59853cf7-3ae4-4ce3-9ef1-53d77f2e69fd","exec":[""],"type":"text/javascript"}}],"id":"dee2e9bf-e9b2-4467-9db2-542000da4a87","protocolProfileBehavior":{"disableBodyPruning":true},"request":{"method":"GET","header":[{"key":"Content-Type","value":"application/json","type":"text"},{"key":"Accept","value":"application/json","type":"text"},{"key":"CSRF-Token","value":"{{loginToken}}","type":"text"}],"url":{"raw":"{{baseExternal}}/{{omadacId}}/api/v2/users/current?_=62d5d51e3a33c14b205d41e2","host":["{{baseExternal}}"],"path":["{{omadacId}}","api","v2","users","current"],"query":[{"key":"_","value":"62d5d51e3a33c14b205d41e2"}]}},"response":[]},{"name":"Export the list of clients","event":[{"listen":"test","script":{"id":"caf1918d-1693-48d1-a727-eba973c07977","exec":[""],"type":"text/javascript"}}],"id":"4a842537-fa0d-46cd-9891-e139543199d1","protocolProfileBehavior":{"disableBodyPruning":true},"request":{"method":"GET","header":[{"key":"CSRF-Token","value":"{{loginToken}}","type":"text"}],"url":{"raw":"{{baseExternal}}/{{omadacId}}/api/v2/sites/{{Site: Default}}/clients?mode=0&clientsDisplay=deviceType","host":["{{baseExternal}}"],"path":["{{omadacId}}","api","v2","sites","{{Site: Default}}","clients"],"query":[{"key":"mode","value":"0"},{"key":"clientsDisplay","value":"deviceType","type":"text"}]}},"response":[]},{"name":"Get the List of the Devices in One Site ","event":[{"listen":"test","script":{"id":"ee87cecf-432f-40d5-835d-8c20181bf1a5","exec":["var jsonResult = pm.response.json()\r","\r","for(x = 0; x < jsonResult.result.length; x++){\r","    if(jsonResult.result[x].type == 'ap'){\r","        console.log(true);\r","        pm.collectionVariables.set(\"AP Name: \"+jsonResult.result[x].name, jsonResult.result[x].mac);\r","    } \r","}\r","\r",""],"type":"text/javascript"}}],"id":"0c628c59-8501-4db5-896c-ebb1b7c2a3c5","protocolProfileBehavior":{"disableBodyPruning":true},"request":{"method":"GET","header":[{"key":"CSRF-Token","value":"{{loginToken}}","type":"text"}],"url":{"raw":"{{baseExternal}}/{{omadacId}}/api/v2/sites/{{Site: Default}}/devices","host":["{{baseExternal}}"],"path":["{{omadacId}}","api","v2","sites","{{Site: Default}}","devices"]}},"response":[]},{"name":"Get the Details of an AP ","id":"f367907a-87e0-4361-b053-fda97bf1d0c3","protocolProfileBehavior":{"disableBodyPruning":true},"request":{"method":"GET","header":[{"key":"CSRF-Token","value":"{{loginToken}}","type":"text"}],"url":{"raw":"{{baseExternal}}/{{omadacId}}/api/v2/sites/{{Site: Default}}/eaps/{{AP Name: WAP}}","host":["{{baseExternal}}"],"path":["{{omadacId}}","api","v2","sites","{{Site: Default}}","eaps","{{AP Name: WAP}}"]}},"response":[]}],"id":"be11b6d8-3667-4c08-9dff-12b7aea6ad18"}],"event":[{"listen":"prerequest","script":{"id":"b0dd8dce-1545-46c9-b977-f9ae4ff54247","type":"text/javascript","exec":[""]}},{"listen":"test","script":{"id":"38ca36cb-846e-433c-a7f0-e1909ae236ce","type":"text/javascript","exec":[""]}}],"variable":[{"id":"23651dd6-f46a-4525-8f9a-48c6ae217ae0","key":"username","value":"Admin","type":"string"},{"id":"d46fdb82-12dd-42af-afeb-45833007a192","key":"password","value":"(PlW<iGg@EHxr17Is","type":"string"},{"id":"8c051179-a71c-4319-b0ad-f865262a4a59","key":"omadacId","value":"c27991b9dc5408f6f274a27e139679db","type":"string"},{"id":"af96be8a-e006-4610-bbe2-4669c9353db7","key":"loginToken","value":"462bf9ba57164ab0a81ddf4a1d822189"},{"id":"8185ddd0-627b-4254-b53f-c3d346ceb819","key":"samuel.oconnell1493@gmail.com","value":"62d5d51e3a33c14b205d41e2"},{"id":"bc270af2-1e64-43b7-a3d0-6a4a7ae83ca8","key":"Admin","value":"62d5d5d63a33c14b205d41e4"},{"id":"43f310a6-1474-421b-a9d1-ea1061ee4494","key":"Site: Default","value":"62d5d0e73a33c14b205d41bf"},{"id":"88cdcaba-db19-4fa2-a387-80bd63ec76c9","key":"AP Name: WAP","value":"B0-A7-B9-D4-EB-7E"},{"id":"d42bb47a-68f8-4e4e-9aac-6c0162320e4b","key":"baseExternal","value":"https://74.140.182.182:8444","type":"string"}]}