{"info":{"_postman_id":"1f8e199a-971c-40d8-8d22-b3a293c6c29f","name":"Purchase Request","description":"The Purchase Request API allows clients and partners to create and automatically submit purchase requests in the preauthorization workflow using the POST resource. With the GET resource you can retrieve the purchase request number, resulting purchase order number, workflow status, and any exception triggered for the records created.","schema":"https://schema.getpostman.com/json/collection/v2.1.0/collection.json"},"item":[{"name":"purchaserequest","item":[{"name":"v4","item":[{"name":"purchaserequests","item":[{"name":"{id}?mode=COMPACT","item":[{"name":"Gets details of an existing purchase request","id":"2d895fa9-7afe-414b-a5f8-83688e732ba6","protocolProfileBehavior":{"disableBodyPruning":true},"request":{"method":"GET","header":[{"description":"Concur specific custom header used for technical support in the form of a RFC 4122 A Universally Unique IDentifier (UUID) URN Namespace.","key":"concur-correlationid","value":"<string>"},{"key":"Accept","value":"application/json"}],"url":{"raw":"{{baseUrl}}/purchaserequest/v4/purchaserequests/{{id}}?mode=COMPACT","host":["{{baseUrl}}"],"path":["purchaserequest","v4","purchaserequests","{{id}}"],"query":[{"key":"mode","value":"COMPACT"}]},"description":"Gets purchase request details. The supported mode is COMPACT, which returns basic info about the purchase request along with any exceptions."},"response":[{"id":"52ef2d64-57f4-4917-adb0-b911fd2d8b0b","name":"Success","originalRequest":{"method":"GET","header":[{"description":"Concur specific custom header used for technical support in the form of a RFC 4122 A Universally Unique IDentifier (UUID) URN Namespace.","key":"concur-correlationid","value":"<string>"},{"key":"Accept","value":"application/json"}],"url":{"raw":"{{baseUrl}}/purchaserequest/v4/purchaserequests/{{id}}","host":["{{baseUrl}}"],"path":["purchaserequest","v4","purchaserequests","{{id}}"]}},"status":"OK","code":200,"_postman_previewlanguage":"json","header":[{"key":"Content-Type","value":"application/json"}],"cookie":[],"responseTime":null,"body":"{\n  \"purchaseRequestId\": \"<string>\",\n  \"purchaseRequestNumber\": \"<string>\",\n  \"purchaseRequestQueueStatus\": \"<string>\",\n  \"purchaseRequestWorkflowStatus\": \"<string>\",\n  \"purchaseOrders\": {\n    \"purchaseOrderNumber\": \"<string>\"\n  },\n  \"purchaseRequestExceptions\": {\n    \"eventCode\": \"<string>\",\n    \"exceptionCode\": \"<string>\",\n    \"isCleared\": \"<string>\",\n    \"prExceptionId\": \"<string>\",\n    \"message\": \"<string>\"\n  }\n}"},{"id":"a71a421b-4bee-4dff-8826-17ea3022a009","name":"Unauthorized","originalRequest":{"method":"GET","header":[{"description":"Concur specific custom header used for technical support in the form of a RFC 4122 A Universally Unique IDentifier (UUID) URN Namespace.","key":"concur-correlationid","value":"<string>"}],"url":{"raw":"{{baseUrl}}/purchaserequest/v4/purchaserequests/{{id}}","host":["{{baseUrl}}"],"path":["purchaserequest","v4","purchaserequests","{{id}}"]}},"status":"Unauthorized","code":401,"_postman_previewlanguage":"text","header":[],"cookie":[],"responseTime":null,"body":""},{"id":"480b3f39-6f93-441d-aaee-22e84af54c0b","name":"Not Found","originalRequest":{"method":"GET","header":[{"description":"Concur specific custom header used for technical support in the form of a RFC 4122 A Universally Unique IDentifier (UUID) URN Namespace.","key":"concur-correlationid","value":"<string>"}],"url":{"raw":"{{baseUrl}}/purchaserequest/v4/purchaserequests/{{id}}","host":["{{baseUrl}}"],"path":["purchaserequest","v4","purchaserequests","{{id}}"]}},"status":"Not Found","code":404,"_postman_previewlanguage":"text","header":[],"cookie":[],"responseTime":null,"body":""},{"id":"ecc25f9a-b75d-4444-92ff-1878d45cd20b","name":"Internal Server Error","originalRequest":{"method":"GET","header":[{"description":"Concur specific custom header used for technical support in the form of a RFC 4122 A Universally Unique IDentifier (UUID) URN Namespace.","key":"concur-correlationid","value":"<string>"}],"url":{"raw":"{{baseUrl}}/purchaserequest/v4/purchaserequests/{{id}}","host":["{{baseUrl}}"],"path":["purchaserequest","v4","purchaserequests","{{id}}"]}},"status":"Internal Server Error","code":500,"_postman_previewlanguage":"text","header":[],"cookie":[],"responseTime":null,"body":""},{"id":"7e198bd4-eaeb-4850-a95a-21e6687fdb13","name":"Service Unavailable","originalRequest":{"method":"GET","header":[{"description":"Concur specific custom header used for technical support in the form of a RFC 4122 A Universally Unique IDentifier (UUID) URN Namespace.","key":"concur-correlationid","value":"<string>"}],"url":{"raw":"{{baseUrl}}/purchaserequest/v4/purchaserequests/{{id}}","host":["{{baseUrl}}"],"path":["purchaserequest","v4","purchaserequests","{{id}}"]}},"status":"Service Unavailable","code":503,"_postman_previewlanguage":"text","header":[],"cookie":[],"responseTime":null,"body":""}]}],"id":"062bea01-50dc-48ab-9414-07b9a5e90322"},{"name":"Create a new purchase request","id":"0cfa4126-501c-4ce3-9ad4-b78f5280a92c","protocolProfileBehavior":{"disableBodyPruning":true},"request":{"method":"POST","header":[{"description":"Concur specific custom header used for technical support in the form of a RFC 4122 A Universally Unique IDentifier (UUID) URN Namespace.","key":"concur-correlationid","value":"<string>"},{"key":"Content-Type","value":"application/json"},{"key":"Accept","value":"application/json"}],"body":{"mode":"raw","raw":"{\n  \"userId\": \"<string>\",\n  \"userEmail\": \"<string>\",\n  \"userLoginId\": \"<string>\",\n  \"currencyCode\": \"<string>\",\n  \"lineItems\": {\n    \"purchaseType\": \"<string>\",\n    \"vendorCode\": \"<string>\",\n    \"vendorAddressCode\": \"<string>\",\n    \"description\": \"<string>\",\n    \"quantity\": \"<string>\",\n    \"unitPrice\": \"<string>\",\n    \"expenseType\": \"<string>\",\n    \"receiptType\": \"<string>\",\n    \"neededByDate\": \"<date>\",\n    \"uoMCode\": \"<string>\",\n    \"shipping\": \"<string>\",\n    \"tax\": \"<string>\",\n    \"supplierPartId\": \"<string>\",\n    \"url\": \"<string>\",\n    \"notesToVendor\": \"<string>\",\n    \"comments\": \"<string>\",\n    \"custom1\": \"<string>\",\n    \"custom2\": \"<string>\",\n    \"custom3\": \"<string>\",\n    \"custom4\": \"<string>\",\n    \"custom5\": \"<string>\",\n    \"custom6\": \"<string>\",\n    \"custom7\": \"<string>\",\n    \"custom8\": \"<string>\",\n    \"custom9\": \"<string>\",\n    \"custom10\": \"<string>\",\n    \"custom11\": \"<string>\",\n    \"custom12\": \"<string>\",\n    \"custom13\": \"<string>\",\n    \"custom14\": \"<string>\",\n    \"custom15\": \"<string>\",\n    \"custom16\": \"<string>\",\n    \"custom17\": \"<string>\",\n    \"custom18\": \"<string>\",\n    \"custom19\": \"<string>\",\n    \"custom20\": \"<string>\"\n  },\n  \"description\": \"<string>\",\n  \"policyExternalId\": \"<string>\",\n  \"notesToSupplier\": \"<string>\",\n  \"comments\": \"<string>\",\n  \"custom1\": \"<string>\",\n  \"custom2\": \"<string>\",\n  \"custom3\": \"<string>\",\n  \"custom4\": \"<string>\",\n  \"custom5\": \"<string>\",\n  \"custom6\": \"<string>\",\n  \"custom7\": \"<string>\",\n  \"custom8\": \"<string>\",\n  \"custom9\": \"<string>\",\n  \"custom10\": \"<string>\",\n  \"custom11\": \"<string>\",\n  \"custom12\": \"<string>\",\n  \"custom13\": \"<string>\",\n  \"custom14\": \"<string>\",\n  \"custom15\": \"<string>\",\n  \"custom16\": \"<string>\",\n  \"custom17\": \"<string>\",\n  \"custom18\": \"<string>\",\n  \"custom19\": \"<string>\",\n  \"custom20\": \"<string>\",\n  \"custom21\": \"<string>\",\n  \"custom22\": \"<string>\",\n  \"custom23\": \"<string>\",\n  \"custom24\": \"<string>\",\n  \"shipToAddressCode\": \"<string>\",\n  \"billToAddressCode\": \"<string>\"\n}","options":{"raw":{"headerFamily":"json","language":"json"}}},"url":{"raw":"{{baseUrl}}/purchaserequest/v4/purchaserequests/","host":["{{baseUrl}}"],"path":["purchaserequest","v4","purchaserequests",""]},"description":"Create a Purchase Request based on provided header and line item details. If the request is valid it creates a purchase request and returns back a unique identifier to get the purchase request details."},"response":[{"id":"7088f13b-c61c-4829-8529-4a9e6b4d243a","name":"Success","originalRequest":{"method":"POST","header":[{"description":"Concur specific custom header used for technical support in the form of a RFC 4122 A Universally Unique IDentifier (UUID) URN Namespace.","key":"concur-correlationid","value":"<string>"},{"key":"Content-Type","value":"application/json"},{"key":"Accept","value":"application/json"}],"body":{"mode":"raw","raw":"{\n  \"userId\": \"<string>\",\n  \"userEmail\": \"<string>\",\n  \"userLoginId\": \"<string>\",\n  \"currencyCode\": \"<string>\",\n  \"lineItems\": {\n    \"purchaseType\": \"<string>\",\n    \"vendorCode\": \"<string>\",\n    \"vendorAddressCode\": \"<string>\",\n    \"description\": \"<string>\",\n    \"quantity\": \"<string>\",\n    \"unitPrice\": \"<string>\",\n    \"expenseType\": \"<string>\",\n    \"receiptType\": \"<string>\",\n    \"neededByDate\": \"<date>\",\n    \"uoMCode\": \"<string>\",\n    \"shipping\": \"<string>\",\n    \"tax\": \"<string>\",\n    \"supplierPartId\": \"<string>\",\n    \"url\": \"<string>\",\n    \"notesToVendor\": \"<string>\",\n    \"comments\": \"<string>\",\n    \"custom1\": \"<string>\",\n    \"custom2\": \"<string>\",\n    \"custom3\": \"<string>\",\n    \"custom4\": \"<string>\",\n    \"custom5\": \"<string>\",\n    \"custom6\": \"<string>\",\n    \"custom7\": \"<string>\",\n    \"custom8\": \"<string>\",\n    \"custom9\": \"<string>\",\n    \"custom10\": \"<string>\",\n    \"custom11\": \"<string>\",\n    \"custom12\": \"<string>\",\n    \"custom13\": \"<string>\",\n    \"custom14\": \"<string>\",\n    \"custom15\": \"<string>\",\n    \"custom16\": \"<string>\",\n    \"custom17\": \"<string>\",\n    \"custom18\": \"<string>\",\n    \"custom19\": \"<string>\",\n    \"custom20\": \"<string>\"\n  },\n  \"description\": \"<string>\",\n  \"policyExternalId\": \"<string>\",\n  \"notesToSupplier\": \"<string>\",\n  \"comments\": \"<string>\",\n  \"custom1\": \"<string>\",\n  \"custom2\": \"<string>\",\n  \"custom3\": \"<string>\",\n  \"custom4\": \"<string>\",\n  \"custom5\": \"<string>\",\n  \"custom6\": \"<string>\",\n  \"custom7\": \"<string>\",\n  \"custom8\": \"<string>\",\n  \"custom9\": \"<string>\",\n  \"custom10\": \"<string>\",\n  \"custom11\": \"<string>\",\n  \"custom12\": \"<string>\",\n  \"custom13\": \"<string>\",\n  \"custom14\": \"<string>\",\n  \"custom15\": \"<string>\",\n  \"custom16\": \"<string>\",\n  \"custom17\": \"<string>\",\n  \"custom18\": \"<string>\",\n  \"custom19\": \"<string>\",\n  \"custom20\": \"<string>\",\n  \"custom21\": \"<string>\",\n  \"custom22\": \"<string>\",\n  \"custom23\": \"<string>\",\n  \"custom24\": \"<string>\",\n  \"shipToAddressCode\": \"<string>\",\n  \"billToAddressCode\": \"<string>\"\n}","options":{"raw":{"headerFamily":"json","language":"json"}}},"url":{"raw":"{{baseUrl}}/purchaserequest/v4/purchaserequests/","host":["{{baseUrl}}"],"path":["purchaserequest","v4","purchaserequests",""]}},"status":"OK","code":200,"_postman_previewlanguage":"json","header":[{"key":"Content-Type","value":"application/json"}],"cookie":[],"responseTime":null,"body":"{\n  \"id\": \"<string>\",\n  \"uri\": \"<string>\"\n}"},{"id":"828c5225-68d0-4e2e-b963-a55199c2016f","name":"Bad Request","originalRequest":{"method":"POST","header":[{"description":"Concur specific custom header used for technical support in the form of a RFC 4122 A Universally Unique IDentifier (UUID) URN Namespace.","key":"concur-correlationid","value":"<string>"},{"key":"Content-Type","value":"application/json"},{"key":"Accept","value":"application/json"}],"body":{"mode":"raw","raw":"{\n  \"userId\": \"<string>\",\n  \"userEmail\": \"<string>\",\n  \"userLoginId\": \"<string>\",\n  \"currencyCode\": \"<string>\",\n  \"lineItems\": {\n    \"purchaseType\": \"<string>\",\n    \"vendorCode\": \"<string>\",\n    \"vendorAddressCode\": \"<string>\",\n    \"description\": \"<string>\",\n    \"quantity\": \"<string>\",\n    \"unitPrice\": \"<string>\",\n    \"expenseType\": \"<string>\",\n    \"receiptType\": \"<string>\",\n    \"neededByDate\": \"<date>\",\n    \"uoMCode\": \"<string>\",\n    \"shipping\": \"<string>\",\n    \"tax\": \"<string>\",\n    \"supplierPartId\": \"<string>\",\n    \"url\": \"<string>\",\n    \"notesToVendor\": \"<string>\",\n    \"comments\": \"<string>\",\n    \"custom1\": \"<string>\",\n    \"custom2\": \"<string>\",\n    \"custom3\": \"<string>\",\n    \"custom4\": \"<string>\",\n    \"custom5\": \"<string>\",\n    \"custom6\": \"<string>\",\n    \"custom7\": \"<string>\",\n    \"custom8\": \"<string>\",\n    \"custom9\": \"<string>\",\n    \"custom10\": \"<string>\",\n    \"custom11\": \"<string>\",\n    \"custom12\": \"<string>\",\n    \"custom13\": \"<string>\",\n    \"custom14\": \"<string>\",\n    \"custom15\": \"<string>\",\n    \"custom16\": \"<string>\",\n    \"custom17\": \"<string>\",\n    \"custom18\": \"<string>\",\n    \"custom19\": \"<string>\",\n    \"custom20\": \"<string>\"\n  },\n  \"description\": \"<string>\",\n  \"policyExternalId\": \"<string>\",\n  \"notesToSupplier\": \"<string>\",\n  \"comments\": \"<string>\",\n  \"custom1\": \"<string>\",\n  \"custom2\": \"<string>\",\n  \"custom3\": \"<string>\",\n  \"custom4\": \"<string>\",\n  \"custom5\": \"<string>\",\n  \"custom6\": \"<string>\",\n  \"custom7\": \"<string>\",\n  \"custom8\": \"<string>\",\n  \"custom9\": \"<string>\",\n  \"custom10\": \"<string>\",\n  \"custom11\": \"<string>\",\n  \"custom12\": \"<string>\",\n  \"custom13\": \"<string>\",\n  \"custom14\": \"<string>\",\n  \"custom15\": \"<string>\",\n  \"custom16\": \"<string>\",\n  \"custom17\": \"<string>\",\n  \"custom18\": \"<string>\",\n  \"custom19\": \"<string>\",\n  \"custom20\": \"<string>\",\n  \"custom21\": \"<string>\",\n  \"custom22\": \"<string>\",\n  \"custom23\": \"<string>\",\n  \"custom24\": \"<string>\",\n  \"shipToAddressCode\": \"<string>\",\n  \"billToAddressCode\": \"<string>\"\n}","options":{"raw":{"headerFamily":"json","language":"json"}}},"url":{"raw":"{{baseUrl}}/purchaserequest/v4/purchaserequests/","host":["{{baseUrl}}"],"path":["purchaserequest","v4","purchaserequests",""]}},"status":"Bad Request","code":400,"_postman_previewlanguage":"json","header":[{"key":"Content-Type","value":"application/json"}],"cookie":[],"responseTime":null,"body":"{\n  \"error\": {\n    \"errorCode\": \"<string>\",\n    \"errorMessage\": \"<string>\",\n    \"dataPath\": \"<string>\"\n  }\n}"},{"id":"608f1e31-aae9-4dc0-bc5f-26b5cfeadefe","name":"Unauthorized","originalRequest":{"method":"POST","header":[{"description":"Concur specific custom header used for technical support in the form of a RFC 4122 A Universally Unique IDentifier (UUID) URN Namespace.","key":"concur-correlationid","value":"<string>"},{"key":"Content-Type","value":"application/json"}],"body":{"mode":"raw","raw":"{\n  \"userId\": \"<string>\",\n  \"userEmail\": \"<string>\",\n  \"userLoginId\": \"<string>\",\n  \"currencyCode\": \"<string>\",\n  \"lineItems\": {\n    \"purchaseType\": \"<string>\",\n    \"vendorCode\": \"<string>\",\n    \"vendorAddressCode\": \"<string>\",\n    \"description\": \"<string>\",\n    \"quantity\": \"<string>\",\n    \"unitPrice\": \"<string>\",\n    \"expenseType\": \"<string>\",\n    \"receiptType\": \"<string>\",\n    \"neededByDate\": \"<date>\",\n    \"uoMCode\": \"<string>\",\n    \"shipping\": \"<string>\",\n    \"tax\": \"<string>\",\n    \"supplierPartId\": \"<string>\",\n    \"url\": \"<string>\",\n    \"notesToVendor\": \"<string>\",\n    \"comments\": \"<string>\",\n    \"custom1\": \"<string>\",\n    \"custom2\": \"<string>\",\n    \"custom3\": \"<string>\",\n    \"custom4\": \"<string>\",\n    \"custom5\": \"<string>\",\n    \"custom6\": \"<string>\",\n    \"custom7\": \"<string>\",\n    \"custom8\": \"<string>\",\n    \"custom9\": \"<string>\",\n    \"custom10\": \"<string>\",\n    \"custom11\": \"<string>\",\n    \"custom12\": \"<string>\",\n    \"custom13\": \"<string>\",\n    \"custom14\": \"<string>\",\n    \"custom15\": \"<string>\",\n    \"custom16\": \"<string>\",\n    \"custom17\": \"<string>\",\n    \"custom18\": \"<string>\",\n    \"custom19\": \"<string>\",\n    \"custom20\": \"<string>\"\n  },\n  \"description\": \"<string>\",\n  \"policyExternalId\": \"<string>\",\n  \"notesToSupplier\": \"<string>\",\n  \"comments\": \"<string>\",\n  \"custom1\": \"<string>\",\n  \"custom2\": \"<string>\",\n  \"custom3\": \"<string>\",\n  \"custom4\": \"<string>\",\n  \"custom5\": \"<string>\",\n  \"custom6\": \"<string>\",\n  \"custom7\": \"<string>\",\n  \"custom8\": \"<string>\",\n  \"custom9\": \"<string>\",\n  \"custom10\": \"<string>\",\n  \"custom11\": \"<string>\",\n  \"custom12\": \"<string>\",\n  \"custom13\": \"<string>\",\n  \"custom14\": \"<string>\",\n  \"custom15\": \"<string>\",\n  \"custom16\": \"<string>\",\n  \"custom17\": \"<string>\",\n  \"custom18\": \"<string>\",\n  \"custom19\": \"<string>\",\n  \"custom20\": \"<string>\",\n  \"custom21\": \"<string>\",\n  \"custom22\": \"<string>\",\n  \"custom23\": \"<string>\",\n  \"custom24\": \"<string>\",\n  \"shipToAddressCode\": \"<string>\",\n  \"billToAddressCode\": \"<string>\"\n}","options":{"raw":{"headerFamily":"json","language":"json"}}},"url":{"raw":"{{baseUrl}}/purchaserequest/v4/purchaserequests/","host":["{{baseUrl}}"],"path":["purchaserequest","v4","purchaserequests",""]}},"status":"Unauthorized","code":401,"_postman_previewlanguage":"text","header":[],"cookie":[],"responseTime":null,"body":""},{"id":"5ae7ba38-71d4-4e9d-bd06-1c7129a3aead","name":"Internal Server Error","originalRequest":{"method":"POST","header":[{"description":"Concur specific custom header used for technical support in the form of a RFC 4122 A Universally Unique IDentifier (UUID) URN Namespace.","key":"concur-correlationid","value":"<string>"},{"key":"Content-Type","value":"application/json"}],"body":{"mode":"raw","raw":"{\n  \"userId\": \"<string>\",\n  \"userEmail\": \"<string>\",\n  \"userLoginId\": \"<string>\",\n  \"currencyCode\": \"<string>\",\n  \"lineItems\": {\n    \"purchaseType\": \"<string>\",\n    \"vendorCode\": \"<string>\",\n    \"vendorAddressCode\": \"<string>\",\n    \"description\": \"<string>\",\n    \"quantity\": \"<string>\",\n    \"unitPrice\": \"<string>\",\n    \"expenseType\": \"<string>\",\n    \"receiptType\": \"<string>\",\n    \"neededByDate\": \"<date>\",\n    \"uoMCode\": \"<string>\",\n    \"shipping\": \"<string>\",\n    \"tax\": \"<string>\",\n    \"supplierPartId\": \"<string>\",\n    \"url\": \"<string>\",\n    \"notesToVendor\": \"<string>\",\n    \"comments\": \"<string>\",\n    \"custom1\": \"<string>\",\n    \"custom2\": \"<string>\",\n    \"custom3\": \"<string>\",\n    \"custom4\": \"<string>\",\n    \"custom5\": \"<string>\",\n    \"custom6\": \"<string>\",\n    \"custom7\": \"<string>\",\n    \"custom8\": \"<string>\",\n    \"custom9\": \"<string>\",\n    \"custom10\": \"<string>\",\n    \"custom11\": \"<string>\",\n    \"custom12\": \"<string>\",\n    \"custom13\": \"<string>\",\n    \"custom14\": \"<string>\",\n    \"custom15\": \"<string>\",\n    \"custom16\": \"<string>\",\n    \"custom17\": \"<string>\",\n    \"custom18\": \"<string>\",\n    \"custom19\": \"<string>\",\n    \"custom20\": \"<string>\"\n  },\n  \"description\": \"<string>\",\n  \"policyExternalId\": \"<string>\",\n  \"notesToSupplier\": \"<string>\",\n  \"comments\": \"<string>\",\n  \"custom1\": \"<string>\",\n  \"custom2\": \"<string>\",\n  \"custom3\": \"<string>\",\n  \"custom4\": \"<string>\",\n  \"custom5\": \"<string>\",\n  \"custom6\": \"<string>\",\n  \"custom7\": \"<string>\",\n  \"custom8\": \"<string>\",\n  \"custom9\": \"<string>\",\n  \"custom10\": \"<string>\",\n  \"custom11\": \"<string>\",\n  \"custom12\": \"<string>\",\n  \"custom13\": \"<string>\",\n  \"custom14\": \"<string>\",\n  \"custom15\": \"<string>\",\n  \"custom16\": \"<string>\",\n  \"custom17\": \"<string>\",\n  \"custom18\": \"<string>\",\n  \"custom19\": \"<string>\",\n  \"custom20\": \"<string>\",\n  \"custom21\": \"<string>\",\n  \"custom22\": \"<string>\",\n  \"custom23\": \"<string>\",\n  \"custom24\": \"<string>\",\n  \"shipToAddressCode\": \"<string>\",\n  \"billToAddressCode\": \"<string>\"\n}","options":{"raw":{"headerFamily":"json","language":"json"}}},"url":{"raw":"{{baseUrl}}/purchaserequest/v4/purchaserequests/","host":["{{baseUrl}}"],"path":["purchaserequest","v4","purchaserequests",""]}},"status":"Internal Server Error","code":500,"_postman_previewlanguage":"text","header":[],"cookie":[],"responseTime":null,"body":""},{"id":"2eed1fbf-b437-4f58-b978-3e1505ba398c","name":"Service Unavailable","originalRequest":{"method":"POST","header":[{"description":"Concur specific custom header used for technical support in the form of a RFC 4122 A Universally Unique IDentifier (UUID) URN Namespace.","key":"concur-correlationid","value":"<string>"},{"key":"Content-Type","value":"application/json"}],"body":{"mode":"raw","raw":"{\n  \"userId\": \"<string>\",\n  \"userEmail\": \"<string>\",\n  \"userLoginId\": \"<string>\",\n  \"currencyCode\": \"<string>\",\n  \"lineItems\": {\n    \"purchaseType\": \"<string>\",\n    \"vendorCode\": \"<string>\",\n    \"vendorAddressCode\": \"<string>\",\n    \"description\": \"<string>\",\n    \"quantity\": \"<string>\",\n    \"unitPrice\": \"<string>\",\n    \"expenseType\": \"<string>\",\n    \"receiptType\": \"<string>\",\n    \"neededByDate\": \"<date>\",\n    \"uoMCode\": \"<string>\",\n    \"shipping\": \"<string>\",\n    \"tax\": \"<string>\",\n    \"supplierPartId\": \"<string>\",\n    \"url\": \"<string>\",\n    \"notesToVendor\": \"<string>\",\n    \"comments\": \"<string>\",\n    \"custom1\": \"<string>\",\n    \"custom2\": \"<string>\",\n    \"custom3\": \"<string>\",\n    \"custom4\": \"<string>\",\n    \"custom5\": \"<string>\",\n    \"custom6\": \"<string>\",\n    \"custom7\": \"<string>\",\n    \"custom8\": \"<string>\",\n    \"custom9\": \"<string>\",\n    \"custom10\": \"<string>\",\n    \"custom11\": \"<string>\",\n    \"custom12\": \"<string>\",\n    \"custom13\": \"<string>\",\n    \"custom14\": \"<string>\",\n    \"custom15\": \"<string>\",\n    \"custom16\": \"<string>\",\n    \"custom17\": \"<string>\",\n    \"custom18\": \"<string>\",\n    \"custom19\": \"<string>\",\n    \"custom20\": \"<string>\"\n  },\n  \"description\": \"<string>\",\n  \"policyExternalId\": \"<string>\",\n  \"notesToSupplier\": \"<string>\",\n  \"comments\": \"<string>\",\n  \"custom1\": \"<string>\",\n  \"custom2\": \"<string>\",\n  \"custom3\": \"<string>\",\n  \"custom4\": \"<string>\",\n  \"custom5\": \"<string>\",\n  \"custom6\": \"<string>\",\n  \"custom7\": \"<string>\",\n  \"custom8\": \"<string>\",\n  \"custom9\": \"<string>\",\n  \"custom10\": \"<string>\",\n  \"custom11\": \"<string>\",\n  \"custom12\": \"<string>\",\n  \"custom13\": \"<string>\",\n  \"custom14\": \"<string>\",\n  \"custom15\": \"<string>\",\n  \"custom16\": \"<string>\",\n  \"custom17\": \"<string>\",\n  \"custom18\": \"<string>\",\n  \"custom19\": \"<string>\",\n  \"custom20\": \"<string>\",\n  \"custom21\": \"<string>\",\n  \"custom22\": \"<string>\",\n  \"custom23\": \"<string>\",\n  \"custom24\": \"<string>\",\n  \"shipToAddressCode\": \"<string>\",\n  \"billToAddressCode\": \"<string>\"\n}","options":{"raw":{"headerFamily":"json","language":"json"}}},"url":{"raw":"{{baseUrl}}/purchaserequest/v4/purchaserequests/","host":["{{baseUrl}}"],"path":["purchaserequest","v4","purchaserequests",""]}},"status":"Service Unavailable","code":503,"_postman_previewlanguage":"text","header":[],"cookie":[],"responseTime":null,"body":""}]}],"id":"2d2fada3-acad-435b-a506-d8fdeeecc9f8"}],"id":"6023e3a1-c3f3-44ca-994e-9f85f9cd85a1"}],"id":"5eff71bb-41a9-4ac7-bd57-049fc917d84f"}],"variable":[{"id":"1d84afd2-9ae8-479d-8639-8ab05cf658c5","key":"baseUrl","value":"https://www.concursolutions.com/api/v4.0"},{"id":"2cb1644d-52a5-48f4-bc4a-6365bec3d606","key":"id","value":"<string>"}]}