{"info":{"_postman_id":"28471c95-b014-4d51-9137-9aaf4c3a8653","name":"Users","description":"Provides details of all the client's SAP Concur users that meet the search parameters.","schema":"https://schema.getpostman.com/json/collection/v2.1.0/collection.json"},"item":[{"name":"common","item":[{"name":"users","item":[{"name":"Get all users.","id":"a0f72471-acf1-438e-81fb-571cb234d9a5","protocolProfileBehavior":{"disableBodyPruning":true},"request":{"method":"GET","header":[{"key":"Accept","value":"application/json"}],"url":{"raw":"{{baseUrl}}/common/users","host":["{{baseUrl}}"],"path":["common","users"],"query":[{"key":"offset","value":"<string>","description":"The starting point of the next set of results, after the limit specified in the limit field has been reached.","disabled":true},{"key":"limit","value":"<integer>","description":"The number of records to return. Default value: 25. Maximum: 100.","disabled":true},{"key":"primaryEmail","value":"<string>","description":"The primary email of the user.","disabled":true},{"key":"employeeID","value":"<string>","description":"The employee ID of the user.","disabled":true},{"key":"user","value":"<string>","description":"The login ID of the user.","disabled":true},{"key":"lastName","value":"<string>","description":"The last name of the user.","disabled":true},{"key":"active","value":"<boolean>","description":"Indicates whether to return active or inactive users. FORMAT: true or false","disabled":true}]},"description":"Retrieves all users based on the search criteria."},"response":[{"id":"da42e03d-74cf-4cb0-b38f-b067269f7c34","name":"Success","originalRequest":{"method":"GET","header":[{"key":"Accept","value":"application/json"},{"description":"Added as a part of security scheme: oauth2","key":"Authorization","value":"<token>"}],"url":{"raw":"{{baseUrl}}/common/users?offset=<string>&limit=<integer>&primaryEmail=<string>&employeeID=<string>&user=<string>&lastName=<string>&active=<boolean>","host":["{{baseUrl}}"],"path":["common","users"],"query":[{"description":"The starting point of the next set of results, after the limit specified in the limit field has been reached.","key":"offset","value":"<string>"},{"description":"The number of records to return. Default value: 25. Maximum: 100.","key":"limit","value":"<integer>"},{"description":"The primary email of the user.","key":"primaryEmail","value":"<string>"},{"description":"The employee ID of the user.","key":"employeeID","value":"<string>"},{"description":"The login ID of the user.","key":"user","value":"<string>"},{"description":"The last name of the user.","key":"lastName","value":"<string>"},{"description":"Indicates whether to return active or inactive users. FORMAT: true or false","key":"active","value":"<boolean>"}]}},"status":"OK","code":200,"_postman_previewlanguage":"json","header":[{"key":"Content-Type","value":"application/json"}],"cookie":[],"responseTime":null,"body":"{\n  \"Items\": {\n    \"Active\": \"<boolean>\",\n    \"CellPhoneNumber\": \"<string>\",\n    \"EmployeeID\": \"<string>\",\n    \"FirstName\": \"<string>\",\n    \"ID\": \"<string>\",\n    \"LastName\": \"<string>\",\n    \"LoginID\": \"<string>\",\n    \"MiddleName\": \"<string>\",\n    \"OrganizationUnit\": \"<string>\",\n    \"PrimaryEmail\": \"<string>\",\n    \"URI\": \"<string>\"\n  },\n  \"NextPage\": \"<string>\"\n}"}]}],"id":"d67ea0b0-474a-4c84-bd94-4cbbb11d1e31"}],"id":"eda81564-9215-4a76-ad7d-fcf7c68390d5"}],"auth":{"type":"bearer","bearer":[{"key":"token","value":"{{accessToken}}","type":"string"}]},"event":[{"listen":"prerequest","script":{"id":"be045157-e7aa-4316-a4ca-2b1ee745bd6f","type":"text/javascript","exec":[""]}},{"listen":"test","script":{"id":"243c631a-a638-4ac2-897c-8bb12953afc4","type":"text/javascript","exec":[""]}}],"variable":[{"id":"2e101fd6-c556-40df-9707-2a0e6ee43b88","key":"baseUrl","value":"https://www.concursolutions.com/api/v3.0"}]}