{"info":{"_postman_id":"2a238ebb-7546-491e-90b4-c25a2db62c70","name":"Omada Mock Server","schema":"https://schema.getpostman.com/json/collection/v2.1.0/collection.json"},"item":[{"name":"Login","id":"6966a893-79bb-4ce0-bbd6-efdd81d8d691","protocolProfileBehavior":{"disableBodyPruning":true},"request":{"method":"POST","header":[],"body":{"mode":"raw","raw":"{\r\n    \"username\": \"{{username}}\",\r\n    \"password\": \"{{password}}\" \r\n}"},"url":{"raw":"{{url}}/{{omadacId}}/api/v2/login","host":["{{url}}"],"path":["{{omadacId}}","api","v2","login"]}},"response":[{"id":"073b3909-cf7a-414a-bff1-cc96ce10fcad","name":"Login","originalRequest":{"method":"POST","header":[{"key":"Content-Type","name":"Content-Type","value":"application/json","type":"text"}],"body":{"mode":"raw","raw":"{\r\n    \"username\": \"{{username}}\",\r\n    \"password\": \"{{password}}\"\r\n}","options":{"raw":{"language":"json"}}},"url":{"raw":"{{url}}/{{omadacId}}/api/v2/login","host":["{{url}}"],"path":["{{omadacId}}","api","v2","login"]}},"_postman_previewlanguage":"json","header":[{"key":"Content-Type","name":"Content-Type","value":"application/json","description":"","type":"text"}],"cookie":[],"responseTime":null,"body":"{\n    \"errorCode\": 0,\n    \"msg\": \"Log in successfully.\",\n    \"result\": {\n        \"roleType\": 0,\n        \"token\": \"123456789abcd\"\n    }\n}"}]}],"event":[{"listen":"prerequest","script":{"id":"65e773c5-59ec-4b7a-a3fe-98cf7533b89f","type":"text/javascript","exec":[""]}},{"listen":"test","script":{"id":"4e67b491-a210-4158-a0de-b097445bc846","type":"text/javascript","exec":[""]}}],"variable":[{"id":"1e2ca835-11a8-4fd0-b51c-d77d42abc3eb","key":"url","value":"https://b1507687-60e1-4a32-900f-c4e3cf0fbce2.mock.pstmn.io"},{"id":"394ef354-2d1e-47af-acc0-a34b78c5f8b5","key":"username","value":"test.testerson","type":"string"},{"id":"5bfcc79e-e18c-406c-b566-44ba6f5fc2c3","key":"password","value":"Welcome1234","type":"string"}]}