{"info":{"_postman_id":"2c79e201-4f7f-4571-92a8-40fe00ead027","name":"Provisioning APIs","description":"Provisioning APIs\n\nContact Support:\n Email: profile@concur.com","schema":"https://schema.getpostman.com/json/collection/v2.1.0/collection.json"},"item":[{"name":"provisions","item":[{"name":"{id}","item":[{"name":"status","item":[{"name":"Get the status of a provisioning request.","id":"98d6637b-abd5-4174-b5b9-2498b79ad852","protocolProfileBehavior":{"disableBodyPruning":true},"request":{"method":"GET","header":[{"key":"Accept","value":"application/json"}],"url":{"raw":"{{baseUrl}}/provisions/:id/status?attributes=operations&startIndex=<integer>&count=<integer>&state=success","host":["{{baseUrl}}"],"path":["provisions",":id","status"],"query":[{"description":"Additional attributes to include in response","key":"attributes","value":"operations"},{"description":"The 1-based index of the first operation in the set of operations","key":"startIndex","value":"<integer>"},{"description":"The number of operations to be returned in response","key":"count","value":"<integer>"},{"description":"Filter operations to be returned in response based on status","key":"state","value":"success"}],"variable":[{"id":"ca4f2004-98ef-4bdc-9843-8fe5f0f976bb","key":"id","value":"<string>"}]}},"response":[{"id":"0474a52a-d8d7-4d4a-a4bd-2ee321ea2522","name":"provision status","originalRequest":{"method":"GET","header":[{"key":"Accept","value":"application/json"},{"description":"Added as a part of security scheme: apikey","key":"Authorization","value":"<API Key>"}],"url":{"raw":"{{baseUrl}}/provisions/:id/status?attributes=operations&startIndex=<integer>&count=<integer>&state=success","host":["{{baseUrl}}"],"path":["provisions",":id","status"],"query":[{"description":"Additional attributes to include in response","key":"attributes","value":"operations"},{"description":"The 1-based index of the first operation in the set of operations","key":"startIndex","value":"<integer>"},{"description":"The number of operations to be returned in response","key":"count","value":"<integer>"},{"description":"Filter operations to be returned in response based on status","key":"state","value":"success"}],"variable":[{"key":"id"}]}},"status":"OK","code":200,"_postman_previewlanguage":"json","header":[{"key":"Content-Type","value":"application/json"}],"cookie":[],"responseTime":null,"body":"{\n  \"id\": \"<string>\",\n  \"status\": {\n    \"completed\": \"<boolean>\",\n    \"success\": \"<boolean>\"\n  },\n  \"operationsCount\": {\n    \"total\": \"<number>\",\n    \"success\": \"<number>\",\n    \"failed\": \"<number>\",\n    \"pending\": \"<number>\"\n  },\n  \"itemsPerPage\": \"<integer>\",\n  \"operations\": [\n    {\n      \"id\": \"<string>\",\n      \"status\": {\n        \"completed\": \"<boolean>\",\n        \"success\": \"<boolean>\"\n      },\n      \"bulkId\": \"<string>\",\n      \"extensions\": [\n        {\n          \"name\": \"<string>\",\n          \"status\": {\n            \"completed\": \"<boolean>\",\n            \"code\": \"<string>\",\n            \"result\": \"no-op\",\n            \"success\": \"<boolean>\"\n          },\n          \"messages\": {\n            \"code\": \"<string>\",\n            \"type\": \"warning\",\n            \"message\": \"<string>\",\n            \"schemaPath\": \"<string>\"\n          }\n        },\n        {\n          \"name\": \"<string>\",\n          \"status\": {\n            \"completed\": \"<boolean>\",\n            \"code\": \"<string>\",\n            \"result\": \"no-op\",\n            \"success\": \"<boolean>\"\n          },\n          \"messages\": {\n            \"code\": \"<string>\",\n            \"type\": \"error\",\n            \"message\": \"<string>\",\n            \"schemaPath\": \"<string>\"\n          }\n        }\n      ],\n      \"resource\": {\n        \"id\": \"<string>\",\n        \"type\": \"User\"\n      }\n    },\n    {\n      \"id\": \"<string>\",\n      \"status\": {\n        \"completed\": \"<boolean>\",\n        \"success\": \"<boolean>\"\n      },\n      \"bulkId\": \"<string>\",\n      \"extensions\": [\n        {\n          \"name\": \"<string>\",\n          \"status\": {\n            \"completed\": \"<boolean>\",\n            \"code\": \"<string>\",\n            \"result\": \"error\",\n            \"success\": \"<boolean>\"\n          },\n          \"messages\": {\n            \"code\": \"<string>\",\n            \"type\": \"warning\",\n            \"message\": \"<string>\",\n            \"schemaPath\": \"<string>\"\n          }\n        },\n        {\n          \"name\": \"<string>\",\n          \"status\": {\n            \"completed\": \"<boolean>\",\n            \"code\": \"<string>\",\n            \"result\": \"not-processed\",\n            \"success\": \"<boolean>\"\n          },\n          \"messages\": {\n            \"code\": \"<string>\",\n            \"type\": \"warning\",\n            \"message\": \"<string>\",\n            \"schemaPath\": \"<string>\"\n          }\n        }\n      ],\n      \"resource\": {\n        \"id\": \"<string>\",\n        \"type\": \"User\"\n      }\n    }\n  ],\n  \"startIndex\": \"<integer>\",\n  \"totalResults\": \"<integer>\"\n}"},{"id":"28e3f8b7-0055-4858-8fd6-6f4ae9c61257","name":"Untitled Response","originalRequest":{"method":"GET","header":[{"description":"Added as a part of security scheme: apikey","key":"Authorization","value":"<API Key>"}],"url":{"raw":"{{baseUrl}}/provisions/:id/status?attributes=operations&startIndex=<integer>&count=<integer>&state=success","host":["{{baseUrl}}"],"path":["provisions",":id","status"],"query":[{"description":"Additional attributes to include in response","key":"attributes","value":"operations"},{"description":"The 1-based index of the first operation in the set of operations","key":"startIndex","value":"<integer>"},{"description":"The number of operations to be returned in response","key":"count","value":"<integer>"},{"description":"Filter operations to be returned in response based on status","key":"state","value":"success"}],"variable":[{"key":"id"}]}},"status":"Internal Server Error","code":500,"_postman_previewlanguage":"text","header":[],"cookie":[],"responseTime":null,"body":""}]}],"id":"23b71ca9-3209-446c-8a3d-c5fca43d61a7"}],"id":"e8616854-ecca-498e-837e-06f35ed42122"}],"id":"46362c7e-4685-4429-ae53-96e3dfeb316a"},{"name":"Bulk","item":[{"name":"Create a bulk provisioning request.","id":"7ec4ba3e-1c47-459c-ae84-d90a77c2a9cd","protocolProfileBehavior":{"disableBodyPruning":true},"request":{"method":"POST","header":[{"key":"Content-Type","value":"application/json"},{"key":"Accept","value":"application/json"}],"body":{"mode":"raw","raw":"{\n  \"schemas\": [\n    \"urn:ietf:params:scim:api:messages:2.0:BulkRequest\",\n    \"urn:ietf:params:scim:api:messages:2.0:BulkRequest\"\n  ],\n  \"Operations\": [\n    {\n      \"data\": {\n        \"name\": {\n          \"familyName\": \"<string>\",\n          \"givenName\": \"<string>\",\n          \"formatted\": \"<string>\",\n          \"hasNoMiddleName\": \"<boolean>\",\n          \"honorificPrefix\": \"Dr Mrs\",\n          \"honorificSuffix\": \"Jr.\",\n          \"legalName\": \"<string>\",\n          \"middleInitial\": \"<string>\",\n          \"middleName\": \"<string>\"\n        },\n        \"active\": \"<boolean>\",\n        \"id\": \"<string>\",\n        \"emails\": [\n          {\n            \"value\": \"<string>\",\n            \"dateAdded\": \"<string>\",\n            \"dateVerified\": \"<string>\",\n            \"notifications\": \"<boolean>\",\n            \"type\": \"home\",\n            \"verified\": \"<boolean>\"\n          },\n          {\n            \"value\": \"<string>\",\n            \"dateAdded\": \"<string>\",\n            \"dateVerified\": \"<string>\",\n            \"notifications\": \"<boolean>\",\n            \"type\": \"work2\",\n            \"verified\": \"<boolean>\"\n          }\n        ],\n        \"userName\": \"<string>\",\n        \"addresses\": [\n          {\n            \"country\": \"<string>\",\n            \"locality\": \"<string>\",\n            \"postalCode\": \"<string>\",\n            \"region\": \"<string>\",\n            \"streetAddress\": \"<string>\",\n            \"type\": \"billing\"\n          },\n          {\n            \"country\": \"<string>\",\n            \"locality\": \"<string>\",\n            \"postalCode\": \"<string>\",\n            \"region\": \"<string>\",\n            \"streetAddress\": \"<string>\",\n            \"type\": \"other\"\n          }\n        ],\n        \"dateOfBirth\": \"<string>\",\n        \"displayName\": \"<string>\",\n        \"emergencyContacts\": [\n          {\n            \"name\": \"<string>\",\n            \"relationship\": \"Brother\",\n            \"country\": \"<string>\",\n            \"emails\": [\n              \"<string>\",\n              \"<string>\"\n            ],\n            \"locality\": \"<string>\",\n            \"phones\": [\n              \"<string>\",\n              \"<string>\"\n            ],\n            \"postalCode\": \"<string>\",\n            \"region\": \"<string>\",\n            \"streetAddress\": \"<string>\"\n          },\n          {\n            \"name\": \"<string>\",\n            \"relationship\": \"Other\",\n            \"country\": \"<string>\",\n            \"emails\": [\n              \"<string>\",\n              \"<string>\"\n            ],\n            \"locality\": \"<string>\",\n            \"phones\": [\n              \"<string>\",\n              \"<string>\"\n            ],\n            \"postalCode\": \"<string>\",\n            \"region\": \"<string>\",\n            \"streetAddress\": \"<string>\"\n          }\n        ],\n        \"entitlements\": [\n          \"Expense\",\n          \"Locate\"\n        ],\n        \"externalId\": \"<string>\",\n        \"gender\": \"Male\",\n        \"localeOverrides\": {\n          \"preference24Hour\": \"H:mm\",\n          \"preferenceCurrencySymbolLocation\": \"BeforeAmount\",\n          \"preferenceDateFormat\": \"dd-mm-yyyy\",\n          \"preferenceDefaultCalView\": \"day\",\n          \"preferenceDistance\": \"km\",\n          \"preferenceEndDayViewHour\": \"<integer>\",\n          \"preferenceFirstDayOfWeek\": \"Thursday\",\n          \"preferenceHourMinuteSeparator\": \".\",\n          \"preferenceNegativeCurrencyFormat\": \"(100)\",\n          \"preferenceNegativeNumberFormat\": \"(100)\",\n          \"preferenceNumberFormat\": \"1 000,00\",\n          \"preferenceStartDayViewHour\": \"<integer>\"\n        },\n        \"meta\": {},\n        \"nickName\": \"<string>\",\n        \"phoneNumbers\": [\n          {\n            \"display\": \"<string>\",\n            \"notifications\": \"<boolean>\",\n            \"operatingSystem\": \"Android Phone\",\n            \"primary\": \"<boolean>\",\n            \"type\": \"home\",\n            \"value\": \"<string>\"\n          },\n          {\n            \"display\": \"<string>\",\n            \"notifications\": \"<boolean>\",\n            \"operatingSystem\": \"iOS Phone\",\n            \"primary\": \"<boolean>\",\n            \"type\": \"other\",\n            \"value\": \"<string>\"\n          }\n        ],\n        \"preferredLanguage\": \"<string>\",\n        \"timezone\": \"<string>\",\n        \"urn:ietf:params:scim:schemas:extension:enterprise:2.0:Payroll\": {\n          \"adp\": {\n            \"companyCode\": \"<string>\",\n            \"deductionCode\": \"<string>\",\n            \"employeeFileNumber\": \"<string>\"\n          }\n        },\n        \"urn:ietf:params:scim:schemas:extension:enterprise:2.0:User\": {\n          \"companyId\": \"<string>\",\n          \"costCenter\": \"<string>\",\n          \"department\": \"<string>\",\n          \"division\": \"<string>\",\n          \"employeeNumber\": \"<string>\",\n          \"jobTitle\": \"<string>\",\n          \"manager\": {\n            \"$ref\": \"<string>\",\n            \"displayName\": \"<string>\",\n            \"employeeNumber\": \"<string>\",\n            \"value\": \"<string>\"\n          },\n          \"orgUnit\": \"<string>\",\n          \"organization\": \"<string>\",\n          \"self\": {\n            \"$ref\": \"<string>\",\n            \"displayName\": \"<string>\",\n            \"employeeNumber\": \"<string>\",\n            \"value\": \"<string>\"\n          },\n          \"startDate\": \"<string>\",\n          \"terminationDate\": \"<string>\"\n        },\n        \"urn:ietf:params:scim:schemas:extension:spend:2.0:Approver\": {\n          \"approverType\": [\n            \"request\",\n            \"budget\"\n          ]\n        },\n        \"urn:ietf:params:scim:schemas:extension:spend:2.0:Delegate\": {\n          \"delegateProdCode\": [\n            \"expense\",\n            \"purchaseRequest\"\n          ]\n        },\n        \"urn:ietf:params:scim:schemas:extension:spend:2.0:Role\": {\n          \"roles\": [\n            {\n              \"roleName\": {}\n            },\n            {\n              \"roleName\": {}\n            }\n          ]\n        },\n        \"urn:ietf:params:scim:schemas:extension:spend:2.0:User\": {\n          \"cashAdvanceAccountCode\": \"<string>\",\n          \"country\": \"<string>\",\n          \"locale\": \"<string>\",\n          \"reimbursementCurrency\": \"<string>\",\n          \"budgetCountryCode\": \"<string>\",\n          \"ledgerCode\": \"<string>\",\n          \"nonEmployee\": \"<boolean>\",\n          \"reimbursementType\": \"ACCOUNTS_PAYABLE\",\n          \"schemaCustomData\": [\n            {\n              \"id\": \"<string>\",\n              \"value\": \"<string>\"\n            },\n            {\n              \"id\": \"<string>\",\n              \"value\": \"<string>\"\n            }\n          ],\n          \"stateProvince\": \"<string>\",\n          \"testEmployee\": \"<boolean>\"\n        },\n        \"urn:ietf:params:scim:schemas:extension:spend:2.0:UserPreference\": {\n          \"allowCreditCardTransArrivalEmails\": \"<boolean>\",\n          \"allowReceiptImageAvailEmails\": \"<boolean>\",\n          \"autoAddTripCardTransOnReport\": \"<boolean>\",\n          \"defaultReportPrintFormat\": \"FAX\",\n          \"expenseAuditRequired\": \"NEVER\",\n          \"processorReportAccess\": \"All reports Pending processor and above\",\n          \"promptForCardTransactionsOnReport\": \"<boolean>\",\n          \"promptForReportPrintFormat\": \"<boolean>\",\n          \"showExpenseOnReport\": \"NOTHING\",\n          \"showImagingIntro\": \"<boolean>\",\n          \"showInstructHelpPanel\": \"<boolean>\",\n          \"showTotalOnReport\": \"<boolean>\",\n          \"useQuickItinAsDefault\": \"<boolean>\"\n        },\n        \"urn:ietf:params:scim:schemas:extension:spend:2.0:WorkflowPreference\": {\n          \"emailAwaitApprovalOnCashAdvance\": \"<boolean>\",\n          \"emailAwaitApprovalOnPayment\": \"<boolean>\",\n          \"emailAwaitApprovalOnReport\": \"<boolean>\",\n          \"emailAwaitApprovalOnTravelRequest\": \"<boolean>\",\n          \"emailStatusChangeOnCashAdvance\": \"<boolean>\",\n          \"emailStatusChangeOnPayment\": \"<boolean>\",\n          \"emailStatusChangeOnReport\": \"<boolean>\",\n          \"emailStatusChangeOnTravelRequest\": \"<boolean>\",\n          \"promptForApproverOnPaymentSubmit\": \"<boolean>\",\n          \"promptForApproverOnReportSubmit\": \"<boolean>\",\n          \"promptForApproverOnTravelRequestSubmit\": \"<boolean>\"\n        },\n        \"urn:ietf:params:scim:schemas:extension:travel:2.0:User\": {\n          \"ruleClass\": {\n            \"id\": \"<integer>\",\n            \"name\": \"<string>\"\n          },\n          \"travelCrsName\": \"<string>\",\n          \"customFields\": [\n            {\n              \"name\": \"<string>\",\n              \"value\": \"<string>\"\n            },\n            {\n              \"name\": \"<string>\",\n              \"value\": \"<string>\"\n            }\n          ],\n          \"groups\": [\n            \"<integer>\",\n            \"<integer>\"\n          ],\n          \"manager\": {\n            \"employeeNumber\": \"<string>\",\n            \"value\": \"<string>\"\n          },\n          \"travelNameRemark\": \"<string>\",\n          \"xmlProfileSyncId\": \"<string>\"\n        }\n      },\n      \"method\": \"PATCH\",\n      \"bulkId\": \"<string>\",\n      \"path\": \"/Users\"\n    },\n    {\n      \"data\": {\n        \"name\": {\n          \"familyName\": \"<string>\",\n          \"givenName\": \"<string>\",\n          \"formatted\": \"<string>\",\n          \"hasNoMiddleName\": \"<boolean>\",\n          \"honorificPrefix\": \"Prof Dr Mr\",\n          \"honorificSuffix\": \"IV\",\n          \"legalName\": \"<string>\",\n          \"middleInitial\": \"<string>\",\n          \"middleName\": \"<string>\"\n        },\n        \"active\": \"<boolean>\",\n        \"id\": \"<string>\",\n        \"emails\": [\n          {\n            \"value\": \"<string>\",\n            \"dateAdded\": \"<string>\",\n            \"dateVerified\": \"<string>\",\n            \"notifications\": \"<boolean>\",\n            \"type\": \"sms\",\n            \"verified\": \"<boolean>\"\n          },\n          {\n            \"value\": \"<string>\",\n            \"dateAdded\": \"<string>\",\n            \"dateVerified\": \"<string>\",\n            \"notifications\": \"<boolean>\",\n            \"type\": \"home\",\n            \"verified\": \"<boolean>\"\n          }\n        ],\n        \"userName\": \"<string>\",\n        \"addresses\": [\n          {\n            \"country\": \"<string>\",\n            \"locality\": \"<string>\",\n            \"postalCode\": \"<string>\",\n            \"region\": \"<string>\",\n            \"streetAddress\": \"<string>\",\n            \"type\": \"other\"\n          },\n          {\n            \"country\": \"<string>\",\n            \"locality\": \"<string>\",\n            \"postalCode\": \"<string>\",\n            \"region\": \"<string>\",\n            \"streetAddress\": \"<string>\",\n            \"type\": \"other\"\n          }\n        ],\n        \"dateOfBirth\": \"<string>\",\n        \"displayName\": \"<string>\",\n        \"emergencyContacts\": [\n          {\n            \"name\": \"<string>\",\n            \"relationship\": \"Life Partner\",\n            \"country\": \"<string>\",\n            \"emails\": [\n              \"<string>\",\n              \"<string>\"\n            ],\n            \"locality\": \"<string>\",\n            \"phones\": [\n              \"<string>\",\n              \"<string>\"\n            ],\n            \"postalCode\": \"<string>\",\n            \"region\": \"<string>\",\n            \"streetAddress\": \"<string>\"\n          },\n          {\n            \"name\": \"<string>\",\n            \"relationship\": \"Spouse\",\n            \"country\": \"<string>\",\n            \"emails\": [\n              \"<string>\",\n              \"<string>\"\n            ],\n            \"locality\": \"<string>\",\n            \"phones\": [\n              \"<string>\",\n              \"<string>\"\n            ],\n            \"postalCode\": \"<string>\",\n            \"region\": \"<string>\",\n            \"streetAddress\": \"<string>\"\n          }\n        ],\n        \"entitlements\": [\n          \"Locate\",\n          \"Invoice\"\n        ],\n        \"externalId\": \"<string>\",\n        \"gender\": \"Male\",\n        \"localeOverrides\": {\n          \"preference24Hour\": \"h:mm AM/PM\",\n          \"preferenceCurrencySymbolLocation\": \"AfterAmount\",\n          \"preferenceDateFormat\": \"mm/dd/yyyy\",\n          \"preferenceDefaultCalView\": \"month\",\n          \"preferenceDistance\": \"km\",\n          \"preferenceEndDayViewHour\": \"<integer>\",\n          \"preferenceFirstDayOfWeek\": \"Monday\",\n          \"preferenceHourMinuteSeparator\": \".\",\n          \"preferenceNegativeCurrencyFormat\": \"(100)\",\n          \"preferenceNegativeNumberFormat\": \"(100)\",\n          \"preferenceNumberFormat\": \"1 000,00\",\n          \"preferenceStartDayViewHour\": \"<integer>\"\n        },\n        \"meta\": {},\n        \"nickName\": \"<string>\",\n        \"phoneNumbers\": [\n          {\n            \"display\": \"<string>\",\n            \"notifications\": \"<boolean>\",\n            \"operatingSystem\": \"Other smartphone\",\n            \"primary\": \"<boolean>\",\n            \"type\": \"mobile\",\n            \"value\": \"<string>\"\n          },\n          {\n            \"display\": \"<string>\",\n            \"notifications\": \"<boolean>\",\n            \"operatingSystem\": \"Android Phone\",\n            \"primary\": \"<boolean>\",\n            \"type\": \"mobile\",\n            \"value\": \"<string>\"\n          }\n        ],\n        \"preferredLanguage\": \"<string>\",\n        \"timezone\": \"<string>\",\n        \"urn:ietf:params:scim:schemas:extension:enterprise:2.0:Payroll\": {\n          \"adp\": {\n            \"companyCode\": \"<string>\",\n            \"deductionCode\": \"<string>\",\n            \"employeeFileNumber\": \"<string>\"\n          }\n        },\n        \"urn:ietf:params:scim:schemas:extension:enterprise:2.0:User\": {\n          \"companyId\": \"<string>\",\n          \"costCenter\": \"<string>\",\n          \"department\": \"<string>\",\n          \"division\": \"<string>\",\n          \"employeeNumber\": \"<string>\",\n          \"jobTitle\": \"<string>\",\n          \"manager\": {\n            \"$ref\": \"<string>\",\n            \"displayName\": \"<string>\",\n            \"employeeNumber\": \"<string>\",\n            \"value\": \"<string>\"\n          },\n          \"orgUnit\": \"<string>\",\n          \"organization\": \"<string>\",\n          \"self\": {\n            \"$ref\": \"<string>\",\n            \"displayName\": \"<string>\",\n            \"employeeNumber\": \"<string>\",\n            \"value\": \"<string>\"\n          },\n          \"startDate\": \"<string>\",\n          \"terminationDate\": \"<string>\"\n        },\n        \"urn:ietf:params:scim:schemas:extension:spend:2.0:Approver\": {\n          \"approverType\": [\n            \"budget\",\n            \"report\"\n          ]\n        },\n        \"urn:ietf:params:scim:schemas:extension:spend:2.0:Delegate\": {\n          \"delegateProdCode\": [\n            \"payment\",\n            \"expense\"\n          ]\n        },\n        \"urn:ietf:params:scim:schemas:extension:spend:2.0:Role\": {\n          \"roles\": [\n            {\n              \"roleName\": {}\n            },\n            {\n              \"roleName\": {}\n            }\n          ]\n        },\n        \"urn:ietf:params:scim:schemas:extension:spend:2.0:User\": {\n          \"cashAdvanceAccountCode\": \"<string>\",\n          \"country\": \"<string>\",\n          \"locale\": \"<string>\",\n          \"reimbursementCurrency\": \"<string>\",\n          \"budgetCountryCode\": \"<string>\",\n          \"ledgerCode\": \"<string>\",\n          \"nonEmployee\": \"<boolean>\",\n          \"reimbursementType\": \"ACCOUNTS_PAYABLE\",\n          \"schemaCustomData\": [\n            {\n              \"id\": \"<string>\",\n              \"value\": \"<string>\"\n            },\n            {\n              \"id\": \"<string>\",\n              \"value\": \"<string>\"\n            }\n          ],\n          \"stateProvince\": \"<string>\",\n          \"testEmployee\": \"<boolean>\"\n        },\n        \"urn:ietf:params:scim:schemas:extension:spend:2.0:UserPreference\": {\n          \"allowCreditCardTransArrivalEmails\": \"<boolean>\",\n          \"allowReceiptImageAvailEmails\": \"<boolean>\",\n          \"autoAddTripCardTransOnReport\": \"<boolean>\",\n          \"defaultReportPrintFormat\": \"RECEIPTS\",\n          \"expenseAuditRequired\": \"NEVER\",\n          \"processorReportAccess\": \"All reports Pending processor and above\",\n          \"promptForCardTransactionsOnReport\": \"<boolean>\",\n          \"promptForReportPrintFormat\": \"<boolean>\",\n          \"showExpenseOnReport\": \"ALL\",\n          \"showImagingIntro\": \"<boolean>\",\n          \"showInstructHelpPanel\": \"<boolean>\",\n          \"showTotalOnReport\": \"<boolean>\",\n          \"useQuickItinAsDefault\": \"<boolean>\"\n        },\n        \"urn:ietf:params:scim:schemas:extension:spend:2.0:WorkflowPreference\": {\n          \"emailAwaitApprovalOnCashAdvance\": \"<boolean>\",\n          \"emailAwaitApprovalOnPayment\": \"<boolean>\",\n          \"emailAwaitApprovalOnReport\": \"<boolean>\",\n          \"emailAwaitApprovalOnTravelRequest\": \"<boolean>\",\n          \"emailStatusChangeOnCashAdvance\": \"<boolean>\",\n          \"emailStatusChangeOnPayment\": \"<boolean>\",\n          \"emailStatusChangeOnReport\": \"<boolean>\",\n          \"emailStatusChangeOnTravelRequest\": \"<boolean>\",\n          \"promptForApproverOnPaymentSubmit\": \"<boolean>\",\n          \"promptForApproverOnReportSubmit\": \"<boolean>\",\n          \"promptForApproverOnTravelRequestSubmit\": \"<boolean>\"\n        },\n        \"urn:ietf:params:scim:schemas:extension:travel:2.0:User\": {\n          \"ruleClass\": {\n            \"id\": \"<integer>\",\n            \"name\": \"<string>\"\n          },\n          \"travelCrsName\": \"<string>\",\n          \"customFields\": [\n            {\n              \"name\": \"<string>\",\n              \"value\": \"<string>\"\n            },\n            {\n              \"name\": \"<string>\",\n              \"value\": \"<string>\"\n            }\n          ],\n          \"groups\": [\n            \"<integer>\",\n            \"<integer>\"\n          ],\n          \"manager\": {\n            \"employeeNumber\": \"<string>\",\n            \"value\": \"<string>\"\n          },\n          \"travelNameRemark\": \"<string>\",\n          \"xmlProfileSyncId\": \"<string>\"\n        }\n      },\n      \"method\": \"POST\",\n      \"bulkId\": \"<string>\",\n      \"path\": \"/Users\"\n    }\n  ]\n}","options":{"raw":{"headerFamily":"json","language":"json"}}},"url":{"raw":"{{baseUrl}}/Bulk","host":["{{baseUrl}}"],"path":["Bulk"]}},"response":[{"id":"c442cf59-ec7c-411d-b94e-b1bccd2c66d5","name":"accepted provision request","originalRequest":{"method":"POST","header":[{"key":"Content-Type","value":"application/json"},{"key":"Accept","value":"application/json"},{"description":"Added as a part of security scheme: apikey","key":"Authorization","value":"<API Key>"}],"body":{"mode":"raw","raw":"{\n  \"schemas\": [\n    \"urn:ietf:params:scim:api:messages:2.0:BulkRequest\",\n    \"urn:ietf:params:scim:api:messages:2.0:BulkRequest\"\n  ],\n  \"Operations\": [\n    {\n      \"data\": {\n        \"name\": {\n          \"familyName\": \"<string>\",\n          \"givenName\": \"<string>\",\n          \"formatted\": \"<string>\",\n          \"hasNoMiddleName\": \"<boolean>\",\n          \"honorificPrefix\": \"Dr Mrs\",\n          \"honorificSuffix\": \"Jr.\",\n          \"legalName\": \"<string>\",\n          \"middleInitial\": \"<string>\",\n          \"middleName\": \"<string>\"\n        },\n        \"active\": \"<boolean>\",\n        \"id\": \"<string>\",\n        \"emails\": [\n          {\n            \"value\": \"<string>\",\n            \"dateAdded\": \"<string>\",\n            \"dateVerified\": \"<string>\",\n            \"notifications\": \"<boolean>\",\n            \"type\": \"home\",\n            \"verified\": \"<boolean>\"\n          },\n          {\n            \"value\": \"<string>\",\n            \"dateAdded\": \"<string>\",\n            \"dateVerified\": \"<string>\",\n            \"notifications\": \"<boolean>\",\n            \"type\": \"work2\",\n            \"verified\": \"<boolean>\"\n          }\n        ],\n        \"userName\": \"<string>\",\n        \"addresses\": [\n          {\n            \"country\": \"<string>\",\n            \"locality\": \"<string>\",\n            \"postalCode\": \"<string>\",\n            \"region\": \"<string>\",\n            \"streetAddress\": \"<string>\",\n            \"type\": \"billing\"\n          },\n          {\n            \"country\": \"<string>\",\n            \"locality\": \"<string>\",\n            \"postalCode\": \"<string>\",\n            \"region\": \"<string>\",\n            \"streetAddress\": \"<string>\",\n            \"type\": \"other\"\n          }\n        ],\n        \"dateOfBirth\": \"<string>\",\n        \"displayName\": \"<string>\",\n        \"emergencyContacts\": [\n          {\n            \"name\": \"<string>\",\n            \"relationship\": \"Brother\",\n            \"country\": \"<string>\",\n            \"emails\": [\n              \"<string>\",\n              \"<string>\"\n            ],\n            \"locality\": \"<string>\",\n            \"phones\": [\n              \"<string>\",\n              \"<string>\"\n            ],\n            \"postalCode\": \"<string>\",\n            \"region\": \"<string>\",\n            \"streetAddress\": \"<string>\"\n          },\n          {\n            \"name\": \"<string>\",\n            \"relationship\": \"Other\",\n            \"country\": \"<string>\",\n            \"emails\": [\n              \"<string>\",\n              \"<string>\"\n            ],\n            \"locality\": \"<string>\",\n            \"phones\": [\n              \"<string>\",\n              \"<string>\"\n            ],\n            \"postalCode\": \"<string>\",\n            \"region\": \"<string>\",\n            \"streetAddress\": \"<string>\"\n          }\n        ],\n        \"entitlements\": [\n          \"Expense\",\n          \"Locate\"\n        ],\n        \"externalId\": \"<string>\",\n        \"gender\": \"Male\",\n        \"localeOverrides\": {\n          \"preference24Hour\": \"H:mm\",\n          \"preferenceCurrencySymbolLocation\": \"BeforeAmount\",\n          \"preferenceDateFormat\": \"dd-mm-yyyy\",\n          \"preferenceDefaultCalView\": \"day\",\n          \"preferenceDistance\": \"km\",\n          \"preferenceEndDayViewHour\": \"<integer>\",\n          \"preferenceFirstDayOfWeek\": \"Thursday\",\n          \"preferenceHourMinuteSeparator\": \".\",\n          \"preferenceNegativeCurrencyFormat\": \"(100)\",\n          \"preferenceNegativeNumberFormat\": \"(100)\",\n          \"preferenceNumberFormat\": \"1 000,00\",\n          \"preferenceStartDayViewHour\": \"<integer>\"\n        },\n        \"meta\": {},\n        \"nickName\": \"<string>\",\n        \"phoneNumbers\": [\n          {\n            \"display\": \"<string>\",\n            \"notifications\": \"<boolean>\",\n            \"operatingSystem\": \"Android Phone\",\n            \"primary\": \"<boolean>\",\n            \"type\": \"home\",\n            \"value\": \"<string>\"\n          },\n          {\n            \"display\": \"<string>\",\n            \"notifications\": \"<boolean>\",\n            \"operatingSystem\": \"iOS Phone\",\n            \"primary\": \"<boolean>\",\n            \"type\": \"other\",\n            \"value\": \"<string>\"\n          }\n        ],\n        \"preferredLanguage\": \"<string>\",\n        \"timezone\": \"<string>\",\n        \"urn:ietf:params:scim:schemas:extension:enterprise:2.0:Payroll\": {\n          \"adp\": {\n            \"companyCode\": \"<string>\",\n            \"deductionCode\": \"<string>\",\n            \"employeeFileNumber\": \"<string>\"\n          }\n        },\n        \"urn:ietf:params:scim:schemas:extension:enterprise:2.0:User\": {\n          \"companyId\": \"<string>\",\n          \"costCenter\": \"<string>\",\n          \"department\": \"<string>\",\n          \"division\": \"<string>\",\n          \"employeeNumber\": \"<string>\",\n          \"jobTitle\": \"<string>\",\n          \"manager\": {\n            \"$ref\": \"<string>\",\n            \"displayName\": \"<string>\",\n            \"employeeNumber\": \"<string>\",\n            \"value\": \"<string>\"\n          },\n          \"orgUnit\": \"<string>\",\n          \"organization\": \"<string>\",\n          \"self\": {\n            \"$ref\": \"<string>\",\n            \"displayName\": \"<string>\",\n            \"employeeNumber\": \"<string>\",\n            \"value\": \"<string>\"\n          },\n          \"startDate\": \"<string>\",\n          \"terminationDate\": \"<string>\"\n        },\n        \"urn:ietf:params:scim:schemas:extension:spend:2.0:Approver\": {\n          \"approverType\": [\n            \"request\",\n            \"budget\"\n          ]\n        },\n        \"urn:ietf:params:scim:schemas:extension:spend:2.0:Delegate\": {\n          \"delegateProdCode\": [\n            \"expense\",\n            \"purchaseRequest\"\n          ]\n        },\n        \"urn:ietf:params:scim:schemas:extension:spend:2.0:Role\": {\n          \"roles\": [\n            {\n              \"roleName\": {}\n            },\n            {\n              \"roleName\": {}\n            }\n          ]\n        },\n        \"urn:ietf:params:scim:schemas:extension:spend:2.0:User\": {\n          \"cashAdvanceAccountCode\": \"<string>\",\n          \"country\": \"<string>\",\n          \"locale\": \"<string>\",\n          \"reimbursementCurrency\": \"<string>\",\n          \"budgetCountryCode\": \"<string>\",\n          \"ledgerCode\": \"<string>\",\n          \"nonEmployee\": \"<boolean>\",\n          \"reimbursementType\": \"ACCOUNTS_PAYABLE\",\n          \"schemaCustomData\": [\n            {\n              \"id\": \"<string>\",\n              \"value\": \"<string>\"\n            },\n            {\n              \"id\": \"<string>\",\n              \"value\": \"<string>\"\n            }\n          ],\n          \"stateProvince\": \"<string>\",\n          \"testEmployee\": \"<boolean>\"\n        },\n        \"urn:ietf:params:scim:schemas:extension:spend:2.0:UserPreference\": {\n          \"allowCreditCardTransArrivalEmails\": \"<boolean>\",\n          \"allowReceiptImageAvailEmails\": \"<boolean>\",\n          \"autoAddTripCardTransOnReport\": \"<boolean>\",\n          \"defaultReportPrintFormat\": \"FAX\",\n          \"expenseAuditRequired\": \"NEVER\",\n          \"processorReportAccess\": \"All reports Pending processor and above\",\n          \"promptForCardTransactionsOnReport\": \"<boolean>\",\n          \"promptForReportPrintFormat\": \"<boolean>\",\n          \"showExpenseOnReport\": \"NOTHING\",\n          \"showImagingIntro\": \"<boolean>\",\n          \"showInstructHelpPanel\": \"<boolean>\",\n          \"showTotalOnReport\": \"<boolean>\",\n          \"useQuickItinAsDefault\": \"<boolean>\"\n        },\n        \"urn:ietf:params:scim:schemas:extension:spend:2.0:WorkflowPreference\": {\n          \"emailAwaitApprovalOnCashAdvance\": \"<boolean>\",\n          \"emailAwaitApprovalOnPayment\": \"<boolean>\",\n          \"emailAwaitApprovalOnReport\": \"<boolean>\",\n          \"emailAwaitApprovalOnTravelRequest\": \"<boolean>\",\n          \"emailStatusChangeOnCashAdvance\": \"<boolean>\",\n          \"emailStatusChangeOnPayment\": \"<boolean>\",\n          \"emailStatusChangeOnReport\": \"<boolean>\",\n          \"emailStatusChangeOnTravelRequest\": \"<boolean>\",\n          \"promptForApproverOnPaymentSubmit\": \"<boolean>\",\n          \"promptForApproverOnReportSubmit\": \"<boolean>\",\n          \"promptForApproverOnTravelRequestSubmit\": \"<boolean>\"\n        },\n        \"urn:ietf:params:scim:schemas:extension:travel:2.0:User\": {\n          \"ruleClass\": {\n            \"id\": \"<integer>\",\n            \"name\": \"<string>\"\n          },\n          \"travelCrsName\": \"<string>\",\n          \"customFields\": [\n            {\n              \"name\": \"<string>\",\n              \"value\": \"<string>\"\n            },\n            {\n              \"name\": \"<string>\",\n              \"value\": \"<string>\"\n            }\n          ],\n          \"groups\": [\n            \"<integer>\",\n            \"<integer>\"\n          ],\n          \"manager\": {\n            \"employeeNumber\": \"<string>\",\n            \"value\": \"<string>\"\n          },\n          \"travelNameRemark\": \"<string>\",\n          \"xmlProfileSyncId\": \"<string>\"\n        }\n      },\n      \"method\": \"PATCH\",\n      \"bulkId\": \"<string>\",\n      \"path\": \"/Users\"\n    },\n    {\n      \"data\": {\n        \"name\": {\n          \"familyName\": \"<string>\",\n          \"givenName\": \"<string>\",\n          \"formatted\": \"<string>\",\n          \"hasNoMiddleName\": \"<boolean>\",\n          \"honorificPrefix\": \"Prof Dr Mr\",\n          \"honorificSuffix\": \"IV\",\n          \"legalName\": \"<string>\",\n          \"middleInitial\": \"<string>\",\n          \"middleName\": \"<string>\"\n        },\n        \"active\": \"<boolean>\",\n        \"id\": \"<string>\",\n        \"emails\": [\n          {\n            \"value\": \"<string>\",\n            \"dateAdded\": \"<string>\",\n            \"dateVerified\": \"<string>\",\n            \"notifications\": \"<boolean>\",\n            \"type\": \"sms\",\n            \"verified\": \"<boolean>\"\n          },\n          {\n            \"value\": \"<string>\",\n            \"dateAdded\": \"<string>\",\n            \"dateVerified\": \"<string>\",\n            \"notifications\": \"<boolean>\",\n            \"type\": \"home\",\n            \"verified\": \"<boolean>\"\n          }\n        ],\n        \"userName\": \"<string>\",\n        \"addresses\": [\n          {\n            \"country\": \"<string>\",\n            \"locality\": \"<string>\",\n            \"postalCode\": \"<string>\",\n            \"region\": \"<string>\",\n            \"streetAddress\": \"<string>\",\n            \"type\": \"other\"\n          },\n          {\n            \"country\": \"<string>\",\n            \"locality\": \"<string>\",\n            \"postalCode\": \"<string>\",\n            \"region\": \"<string>\",\n            \"streetAddress\": \"<string>\",\n            \"type\": \"other\"\n          }\n        ],\n        \"dateOfBirth\": \"<string>\",\n        \"displayName\": \"<string>\",\n        \"emergencyContacts\": [\n          {\n            \"name\": \"<string>\",\n            \"relationship\": \"Life Partner\",\n            \"country\": \"<string>\",\n            \"emails\": [\n              \"<string>\",\n              \"<string>\"\n            ],\n            \"locality\": \"<string>\",\n            \"phones\": [\n              \"<string>\",\n              \"<string>\"\n            ],\n            \"postalCode\": \"<string>\",\n            \"region\": \"<string>\",\n            \"streetAddress\": \"<string>\"\n          },\n          {\n            \"name\": \"<string>\",\n            \"relationship\": \"Spouse\",\n            \"country\": \"<string>\",\n            \"emails\": [\n              \"<string>\",\n              \"<string>\"\n            ],\n            \"locality\": \"<string>\",\n            \"phones\": [\n              \"<string>\",\n              \"<string>\"\n            ],\n            \"postalCode\": \"<string>\",\n            \"region\": \"<string>\",\n            \"streetAddress\": \"<string>\"\n          }\n        ],\n        \"entitlements\": [\n          \"Locate\",\n          \"Invoice\"\n        ],\n        \"externalId\": \"<string>\",\n        \"gender\": \"Male\",\n        \"localeOverrides\": {\n          \"preference24Hour\": \"h:mm AM/PM\",\n          \"preferenceCurrencySymbolLocation\": \"AfterAmount\",\n          \"preferenceDateFormat\": \"mm/dd/yyyy\",\n          \"preferenceDefaultCalView\": \"month\",\n          \"preferenceDistance\": \"km\",\n          \"preferenceEndDayViewHour\": \"<integer>\",\n          \"preferenceFirstDayOfWeek\": \"Monday\",\n          \"preferenceHourMinuteSeparator\": \".\",\n          \"preferenceNegativeCurrencyFormat\": \"(100)\",\n          \"preferenceNegativeNumberFormat\": \"(100)\",\n          \"preferenceNumberFormat\": \"1 000,00\",\n          \"preferenceStartDayViewHour\": \"<integer>\"\n        },\n        \"meta\": {},\n        \"nickName\": \"<string>\",\n        \"phoneNumbers\": [\n          {\n            \"display\": \"<string>\",\n            \"notifications\": \"<boolean>\",\n            \"operatingSystem\": \"Other smartphone\",\n            \"primary\": \"<boolean>\",\n            \"type\": \"mobile\",\n            \"value\": \"<string>\"\n          },\n          {\n            \"display\": \"<string>\",\n            \"notifications\": \"<boolean>\",\n            \"operatingSystem\": \"Android Phone\",\n            \"primary\": \"<boolean>\",\n            \"type\": \"mobile\",\n            \"value\": \"<string>\"\n          }\n        ],\n        \"preferredLanguage\": \"<string>\",\n        \"timezone\": \"<string>\",\n        \"urn:ietf:params:scim:schemas:extension:enterprise:2.0:Payroll\": {\n          \"adp\": {\n            \"companyCode\": \"<string>\",\n            \"deductionCode\": \"<string>\",\n            \"employeeFileNumber\": \"<string>\"\n          }\n        },\n        \"urn:ietf:params:scim:schemas:extension:enterprise:2.0:User\": {\n          \"companyId\": \"<string>\",\n          \"costCenter\": \"<string>\",\n          \"department\": \"<string>\",\n          \"division\": \"<string>\",\n          \"employeeNumber\": \"<string>\",\n          \"jobTitle\": \"<string>\",\n          \"manager\": {\n            \"$ref\": \"<string>\",\n            \"displayName\": \"<string>\",\n            \"employeeNumber\": \"<string>\",\n            \"value\": \"<string>\"\n          },\n          \"orgUnit\": \"<string>\",\n          \"organization\": \"<string>\",\n          \"self\": {\n            \"$ref\": \"<string>\",\n            \"displayName\": \"<string>\",\n            \"employeeNumber\": \"<string>\",\n            \"value\": \"<string>\"\n          },\n          \"startDate\": \"<string>\",\n          \"terminationDate\": \"<string>\"\n        },\n        \"urn:ietf:params:scim:schemas:extension:spend:2.0:Approver\": {\n          \"approverType\": [\n            \"budget\",\n            \"report\"\n          ]\n        },\n        \"urn:ietf:params:scim:schemas:extension:spend:2.0:Delegate\": {\n          \"delegateProdCode\": [\n            \"payment\",\n            \"expense\"\n          ]\n        },\n        \"urn:ietf:params:scim:schemas:extension:spend:2.0:Role\": {\n          \"roles\": [\n            {\n              \"roleName\": {}\n            },\n            {\n              \"roleName\": {}\n            }\n          ]\n        },\n        \"urn:ietf:params:scim:schemas:extension:spend:2.0:User\": {\n          \"cashAdvanceAccountCode\": \"<string>\",\n          \"country\": \"<string>\",\n          \"locale\": \"<string>\",\n          \"reimbursementCurrency\": \"<string>\",\n          \"budgetCountryCode\": \"<string>\",\n          \"ledgerCode\": \"<string>\",\n          \"nonEmployee\": \"<boolean>\",\n          \"reimbursementType\": \"ACCOUNTS_PAYABLE\",\n          \"schemaCustomData\": [\n            {\n              \"id\": \"<string>\",\n              \"value\": \"<string>\"\n            },\n            {\n              \"id\": \"<string>\",\n              \"value\": \"<string>\"\n            }\n          ],\n          \"stateProvince\": \"<string>\",\n          \"testEmployee\": \"<boolean>\"\n        },\n        \"urn:ietf:params:scim:schemas:extension:spend:2.0:UserPreference\": {\n          \"allowCreditCardTransArrivalEmails\": \"<boolean>\",\n          \"allowReceiptImageAvailEmails\": \"<boolean>\",\n          \"autoAddTripCardTransOnReport\": \"<boolean>\",\n          \"defaultReportPrintFormat\": \"RECEIPTS\",\n          \"expenseAuditRequired\": \"NEVER\",\n          \"processorReportAccess\": \"All reports Pending processor and above\",\n          \"promptForCardTransactionsOnReport\": \"<boolean>\",\n          \"promptForReportPrintFormat\": \"<boolean>\",\n          \"showExpenseOnReport\": \"ALL\",\n          \"showImagingIntro\": \"<boolean>\",\n          \"showInstructHelpPanel\": \"<boolean>\",\n          \"showTotalOnReport\": \"<boolean>\",\n          \"useQuickItinAsDefault\": \"<boolean>\"\n        },\n        \"urn:ietf:params:scim:schemas:extension:spend:2.0:WorkflowPreference\": {\n          \"emailAwaitApprovalOnCashAdvance\": \"<boolean>\",\n          \"emailAwaitApprovalOnPayment\": \"<boolean>\",\n          \"emailAwaitApprovalOnReport\": \"<boolean>\",\n          \"emailAwaitApprovalOnTravelRequest\": \"<boolean>\",\n          \"emailStatusChangeOnCashAdvance\": \"<boolean>\",\n          \"emailStatusChangeOnPayment\": \"<boolean>\",\n          \"emailStatusChangeOnReport\": \"<boolean>\",\n          \"emailStatusChangeOnTravelRequest\": \"<boolean>\",\n          \"promptForApproverOnPaymentSubmit\": \"<boolean>\",\n          \"promptForApproverOnReportSubmit\": \"<boolean>\",\n          \"promptForApproverOnTravelRequestSubmit\": \"<boolean>\"\n        },\n        \"urn:ietf:params:scim:schemas:extension:travel:2.0:User\": {\n          \"ruleClass\": {\n            \"id\": \"<integer>\",\n            \"name\": \"<string>\"\n          },\n          \"travelCrsName\": \"<string>\",\n          \"customFields\": [\n            {\n              \"name\": \"<string>\",\n              \"value\": \"<string>\"\n            },\n            {\n              \"name\": \"<string>\",\n              \"value\": \"<string>\"\n            }\n          ],\n          \"groups\": [\n            \"<integer>\",\n            \"<integer>\"\n          ],\n          \"manager\": {\n            \"employeeNumber\": \"<string>\",\n            \"value\": \"<string>\"\n          },\n          \"travelNameRemark\": \"<string>\",\n          \"xmlProfileSyncId\": \"<string>\"\n        }\n      },\n      \"method\": \"POST\",\n      \"bulkId\": \"<string>\",\n      \"path\": \"/Users\"\n    }\n  ]\n}","options":{"raw":{"headerFamily":"json","language":"json"}}},"url":{"raw":"{{baseUrl}}/Bulk","host":["{{baseUrl}}"],"path":["Bulk"]}},"status":"Accepted","code":202,"_postman_previewlanguage":"json","header":[{"key":"Content-Type","value":"application/json"}],"cookie":[],"responseTime":null,"body":"{\n  \"id\": \"<string>\",\n  \"status\": {\n    \"completed\": \"<boolean>\",\n    \"success\": \"<boolean>\"\n  },\n  \"operationsCount\": {\n    \"total\": \"<number>\",\n    \"success\": \"<number>\",\n    \"failed\": \"<number>\",\n    \"pending\": \"<number>\"\n  },\n  \"itemsPerPage\": \"<integer>\",\n  \"operations\": [\n    {\n      \"id\": \"<string>\",\n      \"status\": {\n        \"completed\": \"<boolean>\",\n        \"success\": \"<boolean>\"\n      },\n      \"bulkId\": \"<string>\",\n      \"extensions\": [\n        {\n          \"name\": \"<string>\",\n          \"status\": {\n            \"completed\": \"<boolean>\",\n            \"code\": \"<string>\",\n            \"result\": \"no-op\",\n            \"success\": \"<boolean>\"\n          },\n          \"messages\": {\n            \"code\": \"<string>\",\n            \"type\": \"warning\",\n            \"message\": \"<string>\",\n            \"schemaPath\": \"<string>\"\n          }\n        },\n        {\n          \"name\": \"<string>\",\n          \"status\": {\n            \"completed\": \"<boolean>\",\n            \"code\": \"<string>\",\n            \"result\": \"no-op\",\n            \"success\": \"<boolean>\"\n          },\n          \"messages\": {\n            \"code\": \"<string>\",\n            \"type\": \"error\",\n            \"message\": \"<string>\",\n            \"schemaPath\": \"<string>\"\n          }\n        }\n      ],\n      \"resource\": {\n        \"id\": \"<string>\",\n        \"type\": \"User\"\n      }\n    },\n    {\n      \"id\": \"<string>\",\n      \"status\": {\n        \"completed\": \"<boolean>\",\n        \"success\": \"<boolean>\"\n      },\n      \"bulkId\": \"<string>\",\n      \"extensions\": [\n        {\n          \"name\": \"<string>\",\n          \"status\": {\n            \"completed\": \"<boolean>\",\n            \"code\": \"<string>\",\n            \"result\": \"error\",\n            \"success\": \"<boolean>\"\n          },\n          \"messages\": {\n            \"code\": \"<string>\",\n            \"type\": \"warning\",\n            \"message\": \"<string>\",\n            \"schemaPath\": \"<string>\"\n          }\n        },\n        {\n          \"name\": \"<string>\",\n          \"status\": {\n            \"completed\": \"<boolean>\",\n            \"code\": \"<string>\",\n            \"result\": \"not-processed\",\n            \"success\": \"<boolean>\"\n          },\n          \"messages\": {\n            \"code\": \"<string>\",\n            \"type\": \"warning\",\n            \"message\": \"<string>\",\n            \"schemaPath\": \"<string>\"\n          }\n        }\n      ],\n      \"resource\": {\n        \"id\": \"<string>\",\n        \"type\": \"User\"\n      }\n    }\n  ],\n  \"startIndex\": \"<integer>\",\n  \"totalResults\": \"<integer>\"\n}"},{"id":"f8ff3f1c-c4f9-4f41-abc3-ea5c181d4598","name":"Untitled Response","originalRequest":{"method":"POST","header":[{"key":"Content-Type","value":"application/json"},{"description":"Added as a part of security scheme: apikey","key":"Authorization","value":"<API Key>"}],"body":{"mode":"raw","raw":"{\n  \"schemas\": [\n    \"urn:ietf:params:scim:api:messages:2.0:BulkRequest\",\n    \"urn:ietf:params:scim:api:messages:2.0:BulkRequest\"\n  ],\n  \"Operations\": [\n    {\n      \"data\": {\n        \"name\": {\n          \"familyName\": \"<string>\",\n          \"givenName\": \"<string>\",\n          \"formatted\": \"<string>\",\n          \"hasNoMiddleName\": \"<boolean>\",\n          \"honorificPrefix\": \"Dr Mrs\",\n          \"honorificSuffix\": \"Jr.\",\n          \"legalName\": \"<string>\",\n          \"middleInitial\": \"<string>\",\n          \"middleName\": \"<string>\"\n        },\n        \"active\": \"<boolean>\",\n        \"id\": \"<string>\",\n        \"emails\": [\n          {\n            \"value\": \"<string>\",\n            \"dateAdded\": \"<string>\",\n            \"dateVerified\": \"<string>\",\n            \"notifications\": \"<boolean>\",\n            \"type\": \"home\",\n            \"verified\": \"<boolean>\"\n          },\n          {\n            \"value\": \"<string>\",\n            \"dateAdded\": \"<string>\",\n            \"dateVerified\": \"<string>\",\n            \"notifications\": \"<boolean>\",\n            \"type\": \"work2\",\n            \"verified\": \"<boolean>\"\n          }\n        ],\n        \"userName\": \"<string>\",\n        \"addresses\": [\n          {\n            \"country\": \"<string>\",\n            \"locality\": \"<string>\",\n            \"postalCode\": \"<string>\",\n            \"region\": \"<string>\",\n            \"streetAddress\": \"<string>\",\n            \"type\": \"billing\"\n          },\n          {\n            \"country\": \"<string>\",\n            \"locality\": \"<string>\",\n            \"postalCode\": \"<string>\",\n            \"region\": \"<string>\",\n            \"streetAddress\": \"<string>\",\n            \"type\": \"other\"\n          }\n        ],\n        \"dateOfBirth\": \"<string>\",\n        \"displayName\": \"<string>\",\n        \"emergencyContacts\": [\n          {\n            \"name\": \"<string>\",\n            \"relationship\": \"Brother\",\n            \"country\": \"<string>\",\n            \"emails\": [\n              \"<string>\",\n              \"<string>\"\n            ],\n            \"locality\": \"<string>\",\n            \"phones\": [\n              \"<string>\",\n              \"<string>\"\n            ],\n            \"postalCode\": \"<string>\",\n            \"region\": \"<string>\",\n            \"streetAddress\": \"<string>\"\n          },\n          {\n            \"name\": \"<string>\",\n            \"relationship\": \"Other\",\n            \"country\": \"<string>\",\n            \"emails\": [\n              \"<string>\",\n              \"<string>\"\n            ],\n            \"locality\": \"<string>\",\n            \"phones\": [\n              \"<string>\",\n              \"<string>\"\n            ],\n            \"postalCode\": \"<string>\",\n            \"region\": \"<string>\",\n            \"streetAddress\": \"<string>\"\n          }\n        ],\n        \"entitlements\": [\n          \"Expense\",\n          \"Locate\"\n        ],\n        \"externalId\": \"<string>\",\n        \"gender\": \"Male\",\n        \"localeOverrides\": {\n          \"preference24Hour\": \"H:mm\",\n          \"preferenceCurrencySymbolLocation\": \"BeforeAmount\",\n          \"preferenceDateFormat\": \"dd-mm-yyyy\",\n          \"preferenceDefaultCalView\": \"day\",\n          \"preferenceDistance\": \"km\",\n          \"preferenceEndDayViewHour\": \"<integer>\",\n          \"preferenceFirstDayOfWeek\": \"Thursday\",\n          \"preferenceHourMinuteSeparator\": \".\",\n          \"preferenceNegativeCurrencyFormat\": \"(100)\",\n          \"preferenceNegativeNumberFormat\": \"(100)\",\n          \"preferenceNumberFormat\": \"1 000,00\",\n          \"preferenceStartDayViewHour\": \"<integer>\"\n        },\n        \"meta\": {},\n        \"nickName\": \"<string>\",\n        \"phoneNumbers\": [\n          {\n            \"display\": \"<string>\",\n            \"notifications\": \"<boolean>\",\n            \"operatingSystem\": \"Android Phone\",\n            \"primary\": \"<boolean>\",\n            \"type\": \"home\",\n            \"value\": \"<string>\"\n          },\n          {\n            \"display\": \"<string>\",\n            \"notifications\": \"<boolean>\",\n            \"operatingSystem\": \"iOS Phone\",\n            \"primary\": \"<boolean>\",\n            \"type\": \"other\",\n            \"value\": \"<string>\"\n          }\n        ],\n        \"preferredLanguage\": \"<string>\",\n        \"timezone\": \"<string>\",\n        \"urn:ietf:params:scim:schemas:extension:enterprise:2.0:Payroll\": {\n          \"adp\": {\n            \"companyCode\": \"<string>\",\n            \"deductionCode\": \"<string>\",\n            \"employeeFileNumber\": \"<string>\"\n          }\n        },\n        \"urn:ietf:params:scim:schemas:extension:enterprise:2.0:User\": {\n          \"companyId\": \"<string>\",\n          \"costCenter\": \"<string>\",\n          \"department\": \"<string>\",\n          \"division\": \"<string>\",\n          \"employeeNumber\": \"<string>\",\n          \"jobTitle\": \"<string>\",\n          \"manager\": {\n            \"$ref\": \"<string>\",\n            \"displayName\": \"<string>\",\n            \"employeeNumber\": \"<string>\",\n            \"value\": \"<string>\"\n          },\n          \"orgUnit\": \"<string>\",\n          \"organization\": \"<string>\",\n          \"self\": {\n            \"$ref\": \"<string>\",\n            \"displayName\": \"<string>\",\n            \"employeeNumber\": \"<string>\",\n            \"value\": \"<string>\"\n          },\n          \"startDate\": \"<string>\",\n          \"terminationDate\": \"<string>\"\n        },\n        \"urn:ietf:params:scim:schemas:extension:spend:2.0:Approver\": {\n          \"approverType\": [\n            \"request\",\n            \"budget\"\n          ]\n        },\n        \"urn:ietf:params:scim:schemas:extension:spend:2.0:Delegate\": {\n          \"delegateProdCode\": [\n            \"expense\",\n            \"purchaseRequest\"\n          ]\n        },\n        \"urn:ietf:params:scim:schemas:extension:spend:2.0:Role\": {\n          \"roles\": [\n            {\n              \"roleName\": {}\n            },\n            {\n              \"roleName\": {}\n            }\n          ]\n        },\n        \"urn:ietf:params:scim:schemas:extension:spend:2.0:User\": {\n          \"cashAdvanceAccountCode\": \"<string>\",\n          \"country\": \"<string>\",\n          \"locale\": \"<string>\",\n          \"reimbursementCurrency\": \"<string>\",\n          \"budgetCountryCode\": \"<string>\",\n          \"ledgerCode\": \"<string>\",\n          \"nonEmployee\": \"<boolean>\",\n          \"reimbursementType\": \"ACCOUNTS_PAYABLE\",\n          \"schemaCustomData\": [\n            {\n              \"id\": \"<string>\",\n              \"value\": \"<string>\"\n            },\n            {\n              \"id\": \"<string>\",\n              \"value\": \"<string>\"\n            }\n          ],\n          \"stateProvince\": \"<string>\",\n          \"testEmployee\": \"<boolean>\"\n        },\n        \"urn:ietf:params:scim:schemas:extension:spend:2.0:UserPreference\": {\n          \"allowCreditCardTransArrivalEmails\": \"<boolean>\",\n          \"allowReceiptImageAvailEmails\": \"<boolean>\",\n          \"autoAddTripCardTransOnReport\": \"<boolean>\",\n          \"defaultReportPrintFormat\": \"FAX\",\n          \"expenseAuditRequired\": \"NEVER\",\n          \"processorReportAccess\": \"All reports Pending processor and above\",\n          \"promptForCardTransactionsOnReport\": \"<boolean>\",\n          \"promptForReportPrintFormat\": \"<boolean>\",\n          \"showExpenseOnReport\": \"NOTHING\",\n          \"showImagingIntro\": \"<boolean>\",\n          \"showInstructHelpPanel\": \"<boolean>\",\n          \"showTotalOnReport\": \"<boolean>\",\n          \"useQuickItinAsDefault\": \"<boolean>\"\n        },\n        \"urn:ietf:params:scim:schemas:extension:spend:2.0:WorkflowPreference\": {\n          \"emailAwaitApprovalOnCashAdvance\": \"<boolean>\",\n          \"emailAwaitApprovalOnPayment\": \"<boolean>\",\n          \"emailAwaitApprovalOnReport\": \"<boolean>\",\n          \"emailAwaitApprovalOnTravelRequest\": \"<boolean>\",\n          \"emailStatusChangeOnCashAdvance\": \"<boolean>\",\n          \"emailStatusChangeOnPayment\": \"<boolean>\",\n          \"emailStatusChangeOnReport\": \"<boolean>\",\n          \"emailStatusChangeOnTravelRequest\": \"<boolean>\",\n          \"promptForApproverOnPaymentSubmit\": \"<boolean>\",\n          \"promptForApproverOnReportSubmit\": \"<boolean>\",\n          \"promptForApproverOnTravelRequestSubmit\": \"<boolean>\"\n        },\n        \"urn:ietf:params:scim:schemas:extension:travel:2.0:User\": {\n          \"ruleClass\": {\n            \"id\": \"<integer>\",\n            \"name\": \"<string>\"\n          },\n          \"travelCrsName\": \"<string>\",\n          \"customFields\": [\n            {\n              \"name\": \"<string>\",\n              \"value\": \"<string>\"\n            },\n            {\n              \"name\": \"<string>\",\n              \"value\": \"<string>\"\n            }\n          ],\n          \"groups\": [\n            \"<integer>\",\n            \"<integer>\"\n          ],\n          \"manager\": {\n            \"employeeNumber\": \"<string>\",\n            \"value\": \"<string>\"\n          },\n          \"travelNameRemark\": \"<string>\",\n          \"xmlProfileSyncId\": \"<string>\"\n        }\n      },\n      \"method\": \"PATCH\",\n      \"bulkId\": \"<string>\",\n      \"path\": \"/Users\"\n    },\n    {\n      \"data\": {\n        \"name\": {\n          \"familyName\": \"<string>\",\n          \"givenName\": \"<string>\",\n          \"formatted\": \"<string>\",\n          \"hasNoMiddleName\": \"<boolean>\",\n          \"honorificPrefix\": \"Prof Dr Mr\",\n          \"honorificSuffix\": \"IV\",\n          \"legalName\": \"<string>\",\n          \"middleInitial\": \"<string>\",\n          \"middleName\": \"<string>\"\n        },\n        \"active\": \"<boolean>\",\n        \"id\": \"<string>\",\n        \"emails\": [\n          {\n            \"value\": \"<string>\",\n            \"dateAdded\": \"<string>\",\n            \"dateVerified\": \"<string>\",\n            \"notifications\": \"<boolean>\",\n            \"type\": \"sms\",\n            \"verified\": \"<boolean>\"\n          },\n          {\n            \"value\": \"<string>\",\n            \"dateAdded\": \"<string>\",\n            \"dateVerified\": \"<string>\",\n            \"notifications\": \"<boolean>\",\n            \"type\": \"home\",\n            \"verified\": \"<boolean>\"\n          }\n        ],\n        \"userName\": \"<string>\",\n        \"addresses\": [\n          {\n            \"country\": \"<string>\",\n            \"locality\": \"<string>\",\n            \"postalCode\": \"<string>\",\n            \"region\": \"<string>\",\n            \"streetAddress\": \"<string>\",\n            \"type\": \"other\"\n          },\n          {\n            \"country\": \"<string>\",\n            \"locality\": \"<string>\",\n            \"postalCode\": \"<string>\",\n            \"region\": \"<string>\",\n            \"streetAddress\": \"<string>\",\n            \"type\": \"other\"\n          }\n        ],\n        \"dateOfBirth\": \"<string>\",\n        \"displayName\": \"<string>\",\n        \"emergencyContacts\": [\n          {\n            \"name\": \"<string>\",\n            \"relationship\": \"Life Partner\",\n            \"country\": \"<string>\",\n            \"emails\": [\n              \"<string>\",\n              \"<string>\"\n            ],\n            \"locality\": \"<string>\",\n            \"phones\": [\n              \"<string>\",\n              \"<string>\"\n            ],\n            \"postalCode\": \"<string>\",\n            \"region\": \"<string>\",\n            \"streetAddress\": \"<string>\"\n          },\n          {\n            \"name\": \"<string>\",\n            \"relationship\": \"Spouse\",\n            \"country\": \"<string>\",\n            \"emails\": [\n              \"<string>\",\n              \"<string>\"\n            ],\n            \"locality\": \"<string>\",\n            \"phones\": [\n              \"<string>\",\n              \"<string>\"\n            ],\n            \"postalCode\": \"<string>\",\n            \"region\": \"<string>\",\n            \"streetAddress\": \"<string>\"\n          }\n        ],\n        \"entitlements\": [\n          \"Locate\",\n          \"Invoice\"\n        ],\n        \"externalId\": \"<string>\",\n        \"gender\": \"Male\",\n        \"localeOverrides\": {\n          \"preference24Hour\": \"h:mm AM/PM\",\n          \"preferenceCurrencySymbolLocation\": \"AfterAmount\",\n          \"preferenceDateFormat\": \"mm/dd/yyyy\",\n          \"preferenceDefaultCalView\": \"month\",\n          \"preferenceDistance\": \"km\",\n          \"preferenceEndDayViewHour\": \"<integer>\",\n          \"preferenceFirstDayOfWeek\": \"Monday\",\n          \"preferenceHourMinuteSeparator\": \".\",\n          \"preferenceNegativeCurrencyFormat\": \"(100)\",\n          \"preferenceNegativeNumberFormat\": \"(100)\",\n          \"preferenceNumberFormat\": \"1 000,00\",\n          \"preferenceStartDayViewHour\": \"<integer>\"\n        },\n        \"meta\": {},\n        \"nickName\": \"<string>\",\n        \"phoneNumbers\": [\n          {\n            \"display\": \"<string>\",\n            \"notifications\": \"<boolean>\",\n            \"operatingSystem\": \"Other smartphone\",\n            \"primary\": \"<boolean>\",\n            \"type\": \"mobile\",\n            \"value\": \"<string>\"\n          },\n          {\n            \"display\": \"<string>\",\n            \"notifications\": \"<boolean>\",\n            \"operatingSystem\": \"Android Phone\",\n            \"primary\": \"<boolean>\",\n            \"type\": \"mobile\",\n            \"value\": \"<string>\"\n          }\n        ],\n        \"preferredLanguage\": \"<string>\",\n        \"timezone\": \"<string>\",\n        \"urn:ietf:params:scim:schemas:extension:enterprise:2.0:Payroll\": {\n          \"adp\": {\n            \"companyCode\": \"<string>\",\n            \"deductionCode\": \"<string>\",\n            \"employeeFileNumber\": \"<string>\"\n          }\n        },\n        \"urn:ietf:params:scim:schemas:extension:enterprise:2.0:User\": {\n          \"companyId\": \"<string>\",\n          \"costCenter\": \"<string>\",\n          \"department\": \"<string>\",\n          \"division\": \"<string>\",\n          \"employeeNumber\": \"<string>\",\n          \"jobTitle\": \"<string>\",\n          \"manager\": {\n            \"$ref\": \"<string>\",\n            \"displayName\": \"<string>\",\n            \"employeeNumber\": \"<string>\",\n            \"value\": \"<string>\"\n          },\n          \"orgUnit\": \"<string>\",\n          \"organization\": \"<string>\",\n          \"self\": {\n            \"$ref\": \"<string>\",\n            \"displayName\": \"<string>\",\n            \"employeeNumber\": \"<string>\",\n            \"value\": \"<string>\"\n          },\n          \"startDate\": \"<string>\",\n          \"terminationDate\": \"<string>\"\n        },\n        \"urn:ietf:params:scim:schemas:extension:spend:2.0:Approver\": {\n          \"approverType\": [\n            \"budget\",\n            \"report\"\n          ]\n        },\n        \"urn:ietf:params:scim:schemas:extension:spend:2.0:Delegate\": {\n          \"delegateProdCode\": [\n            \"payment\",\n            \"expense\"\n          ]\n        },\n        \"urn:ietf:params:scim:schemas:extension:spend:2.0:Role\": {\n          \"roles\": [\n            {\n              \"roleName\": {}\n            },\n            {\n              \"roleName\": {}\n            }\n          ]\n        },\n        \"urn:ietf:params:scim:schemas:extension:spend:2.0:User\": {\n          \"cashAdvanceAccountCode\": \"<string>\",\n          \"country\": \"<string>\",\n          \"locale\": \"<string>\",\n          \"reimbursementCurrency\": \"<string>\",\n          \"budgetCountryCode\": \"<string>\",\n          \"ledgerCode\": \"<string>\",\n          \"nonEmployee\": \"<boolean>\",\n          \"reimbursementType\": \"ACCOUNTS_PAYABLE\",\n          \"schemaCustomData\": [\n            {\n              \"id\": \"<string>\",\n              \"value\": \"<string>\"\n            },\n            {\n              \"id\": \"<string>\",\n              \"value\": \"<string>\"\n            }\n          ],\n          \"stateProvince\": \"<string>\",\n          \"testEmployee\": \"<boolean>\"\n        },\n        \"urn:ietf:params:scim:schemas:extension:spend:2.0:UserPreference\": {\n          \"allowCreditCardTransArrivalEmails\": \"<boolean>\",\n          \"allowReceiptImageAvailEmails\": \"<boolean>\",\n          \"autoAddTripCardTransOnReport\": \"<boolean>\",\n          \"defaultReportPrintFormat\": \"RECEIPTS\",\n          \"expenseAuditRequired\": \"NEVER\",\n          \"processorReportAccess\": \"All reports Pending processor and above\",\n          \"promptForCardTransactionsOnReport\": \"<boolean>\",\n          \"promptForReportPrintFormat\": \"<boolean>\",\n          \"showExpenseOnReport\": \"ALL\",\n          \"showImagingIntro\": \"<boolean>\",\n          \"showInstructHelpPanel\": \"<boolean>\",\n          \"showTotalOnReport\": \"<boolean>\",\n          \"useQuickItinAsDefault\": \"<boolean>\"\n        },\n        \"urn:ietf:params:scim:schemas:extension:spend:2.0:WorkflowPreference\": {\n          \"emailAwaitApprovalOnCashAdvance\": \"<boolean>\",\n          \"emailAwaitApprovalOnPayment\": \"<boolean>\",\n          \"emailAwaitApprovalOnReport\": \"<boolean>\",\n          \"emailAwaitApprovalOnTravelRequest\": \"<boolean>\",\n          \"emailStatusChangeOnCashAdvance\": \"<boolean>\",\n          \"emailStatusChangeOnPayment\": \"<boolean>\",\n          \"emailStatusChangeOnReport\": \"<boolean>\",\n          \"emailStatusChangeOnTravelRequest\": \"<boolean>\",\n          \"promptForApproverOnPaymentSubmit\": \"<boolean>\",\n          \"promptForApproverOnReportSubmit\": \"<boolean>\",\n          \"promptForApproverOnTravelRequestSubmit\": \"<boolean>\"\n        },\n        \"urn:ietf:params:scim:schemas:extension:travel:2.0:User\": {\n          \"ruleClass\": {\n            \"id\": \"<integer>\",\n            \"name\": \"<string>\"\n          },\n          \"travelCrsName\": \"<string>\",\n          \"customFields\": [\n            {\n              \"name\": \"<string>\",\n              \"value\": \"<string>\"\n            },\n            {\n              \"name\": \"<string>\",\n              \"value\": \"<string>\"\n            }\n          ],\n          \"groups\": [\n            \"<integer>\",\n            \"<integer>\"\n          ],\n          \"manager\": {\n            \"employeeNumber\": \"<string>\",\n            \"value\": \"<string>\"\n          },\n          \"travelNameRemark\": \"<string>\",\n          \"xmlProfileSyncId\": \"<string>\"\n        }\n      },\n      \"method\": \"POST\",\n      \"bulkId\": \"<string>\",\n      \"path\": \"/Users\"\n    }\n  ]\n}","options":{"raw":{"headerFamily":"json","language":"json"}}},"url":{"raw":"{{baseUrl}}/Bulk","host":["{{baseUrl}}"],"path":["Bulk"]}},"status":"Internal Server Error","code":500,"_postman_previewlanguage":"text","header":[],"cookie":[],"responseTime":null,"body":""}]}],"id":"b1cd67bd-3f9f-47ec-bcee-10d3a776a0a4"},{"name":"Schemas","item":[{"name":"{id}","item":[{"name":"Get a schema.","id":"a2e715d3-2104-48f4-8a6a-0f86d41d8b8b","protocolProfileBehavior":{"disableBodyPruning":true},"request":{"method":"GET","header":[],"url":{"raw":"{{baseUrl}}/Schemas/:id","host":["{{baseUrl}}"],"path":["Schemas",":id"],"variable":[{"id":"bf6820c1-c0e0-4a67-9862-80c714c15e91","key":"id","value":"<string>"}]}},"response":[{"id":"a82c9739-9eac-45fa-95fb-3a2ba96493db","name":"Untitled Response","originalRequest":{"method":"GET","header":[{"description":"Added as a part of security scheme: apikey","key":"Authorization","value":"<API Key>"}],"url":{"raw":"{{baseUrl}}/Schemas/:id","host":["{{baseUrl}}"],"path":["Schemas",":id"],"variable":[{"key":"id"}]}},"status":"Internal Server Error","code":500,"_postman_previewlanguage":"text","header":[],"cookie":[],"responseTime":null,"body":""}]}],"id":"31236238-c0f9-45a3-8d79-33eb5002aacc"},{"name":"Get all supported schemas.","id":"0cac8a82-297c-431a-918d-7a61b179aff0","protocolProfileBehavior":{"disableBodyPruning":true},"request":{"method":"GET","header":[],"url":{"raw":"{{baseUrl}}/Schemas","host":["{{baseUrl}}"],"path":["Schemas"]}},"response":[{"id":"b245e8d5-cc87-46e1-ab28-920d1d4263db","name":"Untitled Response","originalRequest":{"method":"GET","header":[{"description":"Added as a part of security scheme: apikey","key":"Authorization","value":"<API Key>"}],"url":{"raw":"{{baseUrl}}/Schemas","host":["{{baseUrl}}"],"path":["Schemas"]}},"status":"Internal Server Error","code":500,"_postman_previewlanguage":"text","header":[],"cookie":[],"responseTime":null,"body":""}]}],"id":"e4bfeb8f-ba7f-4b30-933a-ca40d97aefab"},{"name":"ServiceProviderConfig","item":[{"name":"SCIM service provider configuration representation/implementation details.","id":"af9198e0-84a2-4a48-9366-07c8d4385c83","protocolProfileBehavior":{"disableBodyPruning":true},"request":{"method":"GET","header":[],"url":{"raw":"{{baseUrl}}/ServiceProviderConfig","host":["{{baseUrl}}"],"path":["ServiceProviderConfig"]}},"response":[{"id":"ed1c8970-578b-49be-a132-3313d2ca6021","name":"Untitled Response","originalRequest":{"method":"GET","header":[{"description":"Added as a part of security scheme: apikey","key":"Authorization","value":"<API Key>"}],"url":{"raw":"{{baseUrl}}/ServiceProviderConfig","host":["{{baseUrl}}"],"path":["ServiceProviderConfig"]}},"status":"Internal Server Error","code":500,"_postman_previewlanguage":"text","header":[],"cookie":[],"responseTime":null,"body":""}]}],"id":"c66809d9-a438-46eb-9a14-512c77392f54"}],"auth":{"type":"apikey","apikey":[{"key":"key","value":"Authorization","type":"string"},{"key":"value","value":"{{apiKey}}","type":"string"},{"key":"in","value":"header","type":"string"}]},"variable":[{"id":"a0ad9bbc-37eb-4163-8795-4d1b9cf67cf8","key":"baseUrl","value":"https://provisioning.seapr1.uscom.cnqr.delivery/provisioning/v4"}]}