{"info":{"_postman_id":"2df3d280-0bcd-4994-a444-4edf2916085c","name":"Suppliers","description":"TripLink supplier information.","schema":"https://schema.getpostman.com/json/collection/v2.1.0/collection.json"},"item":[{"name":"common","item":[{"name":"suppliers","item":[{"name":"{id}","item":[{"name":"Get a single Supplier by ID","id":"671b45bc-b515-4482-a605-f5c5dc44ea90","protocolProfileBehavior":{"disableBodyPruning":true},"request":{"method":"GET","header":[{"key":"Accept","value":"application/json"}],"url":{"raw":"{{baseUrl}}/common/suppliers/:id","host":["{{baseUrl}}"],"path":["common","suppliers",":id"],"variable":[{"id":"53325a65-5371-44ce-9ee7-bea4728d863a","key":"id","value":"<string>"}]},"description":"Returns a single Supplier ID"},"response":[{"id":"49e02fa8-8cdd-441b-8c49-6cb83017fc38","name":"Success","originalRequest":{"method":"GET","header":[{"key":"Accept","value":"application/json"}],"url":{"raw":"{{baseUrl}}/common/suppliers/:id","host":["{{baseUrl}}"],"path":["common","suppliers",":id"],"variable":[{"key":"id"}]}},"status":"OK","code":200,"_postman_previewlanguage":"json","header":[{"key":"Content-Type","value":"application/json"}],"cookie":[],"responseTime":null,"body":"{\n  \"AmadeusId\": \"<string>\",\n  \"AustinTetra\": \"<string>\",\n  \"BusinessName\": \"<string>\",\n  \"ChainCode\": \"<string>\",\n  \"ChainName\": \"<string>\",\n  \"City\": \"<string>\",\n  \"CountryCode\": \"<string>\",\n  \"CreditCardVendorId\": \"<string>\",\n  \"DunsNumber\": \"<string>\",\n  \"Email\": \"<string>\",\n  \"Fax\": \"<string>\",\n  \"GalileoId\": \"<string>\",\n  \"ID\": \"<string>\",\n  \"MccCode\": \"<string>\",\n  \"NorthstarId\": \"<string>\",\n  \"PegasusId\": \"<string>\",\n  \"Phone\": \"<string>\",\n  \"PostalCode\": \"<string>\",\n  \"PrimaryNaics\": \"<string>\",\n  \"PrimarySic\": \"<string>\",\n  \"PropertyCode\": \"<string>\",\n  \"SabreId\": \"<string>\",\n  \"SecondaryNaics\": \"<string>\",\n  \"SecondarySic\": \"<string>\",\n  \"State\": \"<string>\",\n  \"StreetAddress\": \"<string>\",\n  \"StreetAddress2\": \"<string>\",\n  \"TaxId\": \"<string>\",\n  \"TollFree\": \"<string>\",\n  \"URI\": \"<string>\",\n  \"WebUrl\": \"<string>\",\n  \"WorldspanId\": \"<string>\"\n}"}]}],"id":"b0434ec8-291f-4e9a-a3cb-f8638c930f66"},{"name":"Gets All Suppliers by Search Criteria","id":"54db0d4a-3732-4b8c-b47c-6806116c664c","protocolProfileBehavior":{"disableBodyPruning":true},"request":{"method":"GET","header":[{"key":"Accept","value":"application/json"}],"url":{"raw":"{{baseUrl}}/common/suppliers?name=<string>&address=<string>&address2=<string>&city=<string>&state=<string>&zip=<string>&country=<string>&phone=<string>&mcCode=<string>&taxId=<string>&merchantType=<string>&merchantID=<string>&iataCode=<string>&relevance=<integer>","host":["{{baseUrl}}"],"path":["common","suppliers"],"query":[{"description":"Name","key":"name","value":"<string>"},{"description":"Address","key":"address","value":"<string>"},{"description":"Address","key":"address2","value":"<string>"},{"description":"City","key":"city","value":"<string>"},{"description":"State","key":"state","value":"<string>"},{"description":"Zip","key":"zip","value":"<string>"},{"description":"Country Code","key":"country","value":"<string>"},{"description":"Phone","key":"phone","value":"<string>"},{"description":"MCC Code (Ex: Delta Airline - 3058)","key":"mcCode","value":"<string>"},{"description":"Tax Id","key":"taxId","value":"<string>"},{"description":"Merchant Type Code(Ex: Visa - VI, Amex - AX) ","key":"merchantType","value":"<string>"},{"description":"Merchant Id","key":"merchantID","value":"<string>"},{"description":"IATA Code","key":"iataCode","value":"<string>"},{"description":"Relevance of the Search results","key":"relevance","value":"<integer>"}]},"description":"Returns all Suppliers based on the search criteria."},"response":[{"id":"076197bc-28a3-40b3-a68c-6967210cb600","name":"Success","originalRequest":{"method":"GET","header":[{"key":"Accept","value":"application/json"}],"url":{"raw":"{{baseUrl}}/common/suppliers?name=<string>&address=<string>&address2=<string>&city=<string>&state=<string>&zip=<string>&country=<string>&phone=<string>&mcCode=<string>&taxId=<string>&merchantType=<string>&merchantID=<string>&iataCode=<string>&relevance=<integer>","host":["{{baseUrl}}"],"path":["common","suppliers"],"query":[{"description":"Name","key":"name","value":"<string>"},{"description":"Address","key":"address","value":"<string>"},{"description":"Address","key":"address2","value":"<string>"},{"description":"City","key":"city","value":"<string>"},{"description":"State","key":"state","value":"<string>"},{"description":"Zip","key":"zip","value":"<string>"},{"description":"Country Code","key":"country","value":"<string>"},{"description":"Phone","key":"phone","value":"<string>"},{"description":"MCC Code (Ex: Delta Airline - 3058)","key":"mcCode","value":"<string>"},{"description":"Tax Id","key":"taxId","value":"<string>"},{"description":"Merchant Type Code(Ex: Visa - VI, Amex - AX) ","key":"merchantType","value":"<string>"},{"description":"Merchant Id","key":"merchantID","value":"<string>"},{"description":"IATA Code","key":"iataCode","value":"<string>"},{"description":"Relevance of the Search results","key":"relevance","value":"<integer>"}]}},"status":"OK","code":200,"_postman_previewlanguage":"json","header":[{"key":"Content-Type","value":"application/json"}],"cookie":[],"responseTime":null,"body":"{\n  \"Items\": {\n    \"BusinessName\": \"<string>\",\n    \"City\": \"<string>\",\n    \"CountryCode\": \"<string>\",\n    \"ID\": \"<string>\",\n    \"PostalCode\": \"<string>\",\n    \"State\": \"<string>\",\n    \"StreetAddress\": \"<string>\",\n    \"StreetAddress2\": \"<string>\",\n    \"URI\": \"<string>\"\n  },\n  \"NextPage\": \"<string>\"\n}"}]}],"id":"32db7db5-34bd-4dcb-9aa7-82bcd3aaf1c6"}],"id":"8195a7e0-dc8a-4dfb-9e81-701d37928cd9"}],"auth":{"type":"bearer","bearer":[{"key":"token","value":"{{accessToken}}","type":"string"}]},"event":[{"listen":"prerequest","script":{"id":"26d7a9ad-ed01-48f2-89b9-cb0921020f3b","type":"text/javascript","exec":[""]}},{"listen":"test","script":{"id":"3f5b3594-5c70-44ee-9c37-febd243def4b","type":"text/javascript","exec":[""]}}],"variable":[{"id":"fc8fae19-82f4-48ea-bb98-722dcc5a8002","key":"baseUrl","value":"https://www.concursolutions.com/api/v3.0"}]}