{"info":{"_postman_id":"3910a23f-557c-4bfc-8938-abe58f038b41","name":"Latest Bookings","schema":"https://schema.getpostman.com/json/collection/v2.1.0/collection.json"},"item":[{"name":"insights","item":[{"name":"latestbookings","item":[{"name":"Get the latest hotel and air booking for a particular user.","id":"05596b8c-6ae3-470f-b9f7-3db5530d5ee2","protocolProfileBehavior":{"disableBodyPruning":true},"request":{"method":"GET","header":[{"key":"Accept","value":"application/json"}],"url":{"raw":"{{baseUrl}}/insights/latestbookings/","host":["{{baseUrl}}"],"path":["insights","latestbookings",""],"query":[{"key":"user","value":"","description":"Optional. The login ID of the user. The user must have the Web Services Admin (Professional) or Can Administer (Standard) user role to use this parameter.","disabled":true}]},"description":"Get the latest hotel and air booking for a particular user."},"response":[{"id":"021f7ebf-e028-4af3-ae6c-2189c6a085bf","name":"Success","originalRequest":{"method":"GET","header":[{"key":"Accept","value":"application/json"}],"url":{"raw":"{{baseUrl}}/insights/latestbookings/?user=<string>","host":["{{baseUrl}}"],"path":["insights","latestbookings",""],"query":[{"description":"Optional. The login ID of the user. The user must have the Web Services Admin (Professional) or Can Administer (Standard) user role to use this parameter.","key":"user","value":"<string>"}]}},"status":"OK","code":200,"_postman_previewlanguage":"json","header":[{"key":"Content-Type","value":"application/json"}],"cookie":[],"responseTime":null,"body":"{\n  \"Airlines\": {\n    \"BookingClass\": \"<string>\",\n    \"Code\": \"<string>\"\n  },\n  \"Hotel\": {\n    \"Location\": \"<string>\",\n    \"StarRating\": \"<integer>\"\n  }\n}"}]}],"id":"df8e8d64-8fef-4b37-a211-eef1858a5857"}],"id":"f45e67de-bc36-48f4-b298-08286e51783c"}],"auth":{"type":"bearer","bearer":[{"key":"token","value":"{{accessToken}}","type":"string"}]},"event":[{"listen":"prerequest","script":{"id":"d3583014-0576-476e-aa74-135223ae767e","type":"text/javascript","exec":[""]}},{"listen":"test","script":{"id":"630478df-0c30-4723-b230-2a423a1c8db6","type":"text/javascript","exec":[""]}}],"variable":[{"id":"87082178-14c5-4138-84ea-da24f480a726","key":"baseUrl","value":"https://www.concursolutions.com/api/v3.0"}]}