{"info":{"_postman_id":"3c907ff2-95b6-4b9f-8c0c-a3971375e719","name":"V3","schema":"https://schema.getpostman.com/json/collection/v2.1.0/collection.json"},"item":[{"name":"New Request","id":"3b1c4e3a-5daa-45ea-8b20-faf5d3c1f9a7","protocolProfileBehavior":{"disableBodyPruning":true},"request":{"method":"GET","header":[]},"response":[]}],"event":[{"listen":"prerequest","script":{"id":"d5540920-7561-4272-99c4-67761c40b4ba","type":"text/javascript","exec":[""]}},{"listen":"test","script":{"id":"14dd999a-09db-4d39-880e-3162b651210e","type":"text/javascript","exec":[""]}}],"variable":[{"id":"951e311e-a220-4274-b366-a620a2185825","key":"url","value":"https://off:off@world.openfoodfacts.net","type":"string"}]}