{"info":{"_postman_id":"3f0fdad5-9668-4caa-a51d-f88d9ad0187b","name":"Pastebin","schema":"https://schema.getpostman.com/json/collection/v2.1.0/collection.json"},"item":[{"name":"Login","event":[{"listen":"test","script":{"id":"a4d5c9f0-70a2-4a84-aa2d-ed4c13d67a05","exec":["var user_token = pm.response.text()\r","pm.collectionVariables.set(\"api_user_key\", user_token)\r",""],"type":"text/javascript"}}],"id":"d5b208f7-866c-495d-8591-946966f1825f","protocolProfileBehavior":{"disableBodyPruning":true},"request":{"method":"POST","header":[],"body":{"mode":"urlencoded","urlencoded":[{"type":"text","key":"api_dev_key","value":"{{Dev API Key}}"},{"type":"text","key":"api_user_name","value":"{{username}}"},{"type":"text","key":"api_user_password","value":";UED,V+2tAYJ>f(^Ac58"}]},"url":{"raw":"https://pastebin.com/api/api_login.php","protocol":"https","host":["pastebin","com"],"path":["api","api_login.php"]}},"response":[]},{"name":"Getting raw paste output of users pastes including 'private' pastes","event":[{"listen":"test","script":{"id":"a4d5c9f0-70a2-4a84-aa2d-ed4c13d67a05","exec":[""],"type":"text/javascript"}}],"id":"07b8bca0-ecbf-40ba-9255-009f5da24f5b","protocolProfileBehavior":{"disableBodyPruning":true},"request":{"method":"POST","header":[],"body":{"mode":"urlencoded","urlencoded":[{"type":"text","key":"api_dev_key","value":"{{Dev API Key}}"},{"type":"text","key":"api_user_name","value":"{{username}}"},{"type":"text","key":"api_user_password","value":"{{password}}"}]},"url":{"raw":"https://pastebin.com/api/api_raw.php","protocol":"https","host":["pastebin","com"],"path":["api","api_raw.php"]}},"response":[]}],"event":[{"listen":"prerequest","script":{"id":"4d70008b-3a6c-4b0b-8dd2-68cafd825e87","type":"text/javascript","exec":[""]}},{"listen":"test","script":{"id":"54790ab8-2aeb-4c67-9d78-480372dfdfd0","type":"text/javascript","exec":[""]}}],"variable":[{"id":"910aee5c-7edf-4e24-8b6a-0dc38c2c61eb","key":"Dev API Key","value":"r78rkV08LJoqmxfmo_AqsaX5PLlDdDr0","type":"string"},{"id":"0310a583-248d-4bcb-8934-c91f7b83091c","key":"username","value":"oconnesjGF","type":"string"},{"id":"4950c433-e057-4015-aa81-6d307da4c1c1","key":"password","value":";UED,V+2tAYJ>f(^Ac58","type":"string"},{"id":"cce709bf-af31-4f77-9c81-b7b0e6cc5181","key":"api_user_key","value":""}]}