{"info":{"_postman_id":"428ad9aa-4370-42f4-b1cc-785a7b88c709","name":"Notifications","description":"The purpose of this API is to provide SAP Concur's partners the ability to message users, through the web and mobile product.","schema":"https://schema.getpostman.com/json/collection/v2.1.0/collection.json"},"item":[{"name":"messages","item":[{"name":"{userId}","item":[{"name":"session","item":[{"name":"This endpoint provides a way for SAP Concur partners to message users and notify them. Partners will provide details about the message they want to send, along with data to apply to the message.","id":"d433cfc7-a66d-46af-8b75-b812180dc3ef","protocolProfileBehavior":{"disableBodyPruning":true},"request":{"method":"POST","header":[{"key":"Content-Type","value":"application/json"},{"key":"Accept","value":"application/json"}],"body":{"mode":"raw","raw":"{\n  \"sessionId\": \"<string>\",\n  \"templateId\": \"<string>\",\n  \"context\": {\n    \"url\": \"<string>\"\n  }\n}","options":{"raw":{"headerFamily":"json","language":"json"}}},"url":{"raw":"{{baseUrl}}/messages/:userId/session","host":["{{baseUrl}}"],"path":["messages",":userId","session"],"variable":[{"id":"255d2640-ee83-4564-85c8-834236390fc2","key":"userId","value":"<string>"}]},"description":"This endpoint provides a way for SAP Concur partners to message users and notify them. Partners will provide details about the message they want to send, along with data to apply to the message."},"response":[{"id":"5ec1dbeb-eacb-4017-b77f-d6db7f375edf","name":"OK","originalRequest":{"method":"POST","header":[{"key":"Content-Type","value":"application/json"}],"body":{"mode":"raw","raw":"{\n  \"sessionId\": \"<string>\",\n  \"templateId\": \"<string>\",\n  \"context\": {\n    \"url\": \"<string>\"\n  }\n}","options":{"raw":{"headerFamily":"json","language":"json"}}},"url":{"raw":"{{baseUrl}}/messages/:userId/session","host":["{{baseUrl}}"],"path":["messages",":userId","session"],"variable":[{"key":"userId"}]}},"status":"OK","code":200,"_postman_previewlanguage":"text","header":[],"cookie":[],"responseTime":null,"body":""},{"id":"104a7e3c-e81e-479d-9919-df7cbb623e30","name":"Bad Request","originalRequest":{"method":"POST","header":[{"key":"Content-Type","value":"application/json"},{"key":"Accept","value":"application/json"}],"body":{"mode":"raw","raw":"{\n  \"sessionId\": \"<string>\",\n  \"templateId\": \"<string>\",\n  \"context\": {\n    \"url\": \"<string>\"\n  }\n}","options":{"raw":{"headerFamily":"json","language":"json"}}},"url":{"raw":"{{baseUrl}}/messages/:userId/session","host":["{{baseUrl}}"],"path":["messages",":userId","session"],"variable":[{"key":"userId"}]}},"status":"Bad Request","code":400,"_postman_previewlanguage":"json","header":[{"key":"Content-Type","value":"application/json"}],"cookie":[],"responseTime":null,"body":"{\n  \"errors\": [\n    {\n      \"errorId\": \"<string>\",\n      \"errorCode\": \"<string>\",\n      \"errorMessage\": \"<string>\"\n    },\n    {\n      \"errorId\": \"<string>\",\n      \"errorCode\": \"<string>\",\n      \"errorMessage\": \"<string>\"\n    }\n  ]\n}"},{"id":"fcc1b3d9-7be0-43b0-8aca-bf77383266db","name":"Unauthorized","originalRequest":{"method":"POST","header":[{"key":"Content-Type","value":"application/json"},{"key":"Accept","value":"application/json"}],"body":{"mode":"raw","raw":"{\n  \"sessionId\": \"<string>\",\n  \"templateId\": \"<string>\",\n  \"context\": {\n    \"url\": \"<string>\"\n  }\n}","options":{"raw":{"headerFamily":"json","language":"json"}}},"url":{"raw":"{{baseUrl}}/messages/:userId/session","host":["{{baseUrl}}"],"path":["messages",":userId","session"],"variable":[{"key":"userId"}]}},"status":"Unauthorized","code":401,"_postman_previewlanguage":"json","header":[{"key":"Content-Type","value":"application/json"}],"cookie":[],"responseTime":null,"body":"{\n  \"errors\": [\n    {\n      \"errorId\": \"<string>\",\n      \"errorCode\": \"<string>\",\n      \"errorMessage\": \"<string>\"\n    },\n    {\n      \"errorId\": \"<string>\",\n      \"errorCode\": \"<string>\",\n      \"errorMessage\": \"<string>\"\n    }\n  ]\n}"},{"id":"382ec3bb-de7b-48b8-95cf-45ebb7dcbecc","name":"Forbidden","originalRequest":{"method":"POST","header":[{"key":"Content-Type","value":"application/json"},{"key":"Accept","value":"application/json"}],"body":{"mode":"raw","raw":"{\n  \"sessionId\": \"<string>\",\n  \"templateId\": \"<string>\",\n  \"context\": {\n    \"url\": \"<string>\"\n  }\n}","options":{"raw":{"headerFamily":"json","language":"json"}}},"url":{"raw":"{{baseUrl}}/messages/:userId/session","host":["{{baseUrl}}"],"path":["messages",":userId","session"],"variable":[{"key":"userId"}]}},"status":"Forbidden","code":403,"_postman_previewlanguage":"json","header":[{"key":"Content-Type","value":"application/json"}],"cookie":[],"responseTime":null,"body":"{\n  \"errors\": [\n    {\n      \"errorId\": \"<string>\",\n      \"errorCode\": \"<string>\",\n      \"errorMessage\": \"<string>\"\n    },\n    {\n      \"errorId\": \"<string>\",\n      \"errorCode\": \"<string>\",\n      \"errorMessage\": \"<string>\"\n    }\n  ]\n}"},{"id":"206f6f81-9658-40ff-98d4-e2a640312a3f","name":"Not Found","originalRequest":{"method":"POST","header":[{"key":"Content-Type","value":"application/json"},{"key":"Accept","value":"application/json"}],"body":{"mode":"raw","raw":"{\n  \"sessionId\": \"<string>\",\n  \"templateId\": \"<string>\",\n  \"context\": {\n    \"url\": \"<string>\"\n  }\n}","options":{"raw":{"headerFamily":"json","language":"json"}}},"url":{"raw":"{{baseUrl}}/messages/:userId/session","host":["{{baseUrl}}"],"path":["messages",":userId","session"],"variable":[{"key":"userId"}]}},"status":"Not Found","code":404,"_postman_previewlanguage":"json","header":[{"key":"Content-Type","value":"application/json"}],"cookie":[],"responseTime":null,"body":"{\n  \"errors\": [\n    {\n      \"errorId\": \"<string>\",\n      \"errorCode\": \"<string>\",\n      \"errorMessage\": \"<string>\"\n    },\n    {\n      \"errorId\": \"<string>\",\n      \"errorCode\": \"<string>\",\n      \"errorMessage\": \"<string>\"\n    }\n  ]\n}"},{"id":"7cb4bb42-a0a1-4743-b282-92502c9adbce","name":"Internal Server Error","originalRequest":{"method":"POST","header":[{"key":"Content-Type","value":"application/json"},{"key":"Accept","value":"application/json"}],"body":{"mode":"raw","raw":"{\n  \"sessionId\": \"<string>\",\n  \"templateId\": \"<string>\",\n  \"context\": {\n    \"url\": \"<string>\"\n  }\n}","options":{"raw":{"headerFamily":"json","language":"json"}}},"url":{"raw":"{{baseUrl}}/messages/:userId/session","host":["{{baseUrl}}"],"path":["messages",":userId","session"],"variable":[{"key":"userId"}]}},"status":"Internal Server Error","code":500,"_postman_previewlanguage":"json","header":[{"key":"Content-Type","value":"application/json"}],"cookie":[],"responseTime":null,"body":"{\n  \"errors\": [\n    {\n      \"errorId\": \"<string>\",\n      \"errorCode\": \"<string>\",\n      \"errorMessage\": \"<string>\"\n    },\n    {\n      \"errorId\": \"<string>\",\n      \"errorCode\": \"<string>\",\n      \"errorMessage\": \"<string>\"\n    }\n  ]\n}"},{"id":"c9c20605-b3b7-44a8-acfc-445525392ada","name":"Service Unavailable","originalRequest":{"method":"POST","header":[{"key":"Content-Type","value":"application/json"},{"key":"Accept","value":"application/json"}],"body":{"mode":"raw","raw":"{\n  \"sessionId\": \"<string>\",\n  \"templateId\": \"<string>\",\n  \"context\": {\n    \"url\": \"<string>\"\n  }\n}","options":{"raw":{"headerFamily":"json","language":"json"}}},"url":{"raw":"{{baseUrl}}/messages/:userId/session","host":["{{baseUrl}}"],"path":["messages",":userId","session"],"variable":[{"key":"userId"}]}},"status":"Service Unavailable","code":503,"_postman_previewlanguage":"json","header":[{"key":"Content-Type","value":"application/json"}],"cookie":[],"responseTime":null,"body":"{\n  \"errors\": [\n    {\n      \"errorId\": \"<string>\",\n      \"errorCode\": \"<string>\",\n      \"errorMessage\": \"<string>\"\n    },\n    {\n      \"errorId\": \"<string>\",\n      \"errorCode\": \"<string>\",\n      \"errorMessage\": \"<string>\"\n    }\n  ]\n}"},{"id":"ffccc299-f41b-4343-a316-3f19320c5f0a","name":"Gateway Timeout","originalRequest":{"method":"POST","header":[{"key":"Content-Type","value":"application/json"},{"key":"Accept","value":"application/json"}],"body":{"mode":"raw","raw":"{\n  \"sessionId\": \"<string>\",\n  \"templateId\": \"<string>\",\n  \"context\": {\n    \"url\": \"<string>\"\n  }\n}","options":{"raw":{"headerFamily":"json","language":"json"}}},"url":{"raw":"{{baseUrl}}/messages/:userId/session","host":["{{baseUrl}}"],"path":["messages",":userId","session"],"variable":[{"key":"userId"}]}},"status":"Gateway Timeout","code":504,"_postman_previewlanguage":"json","header":[{"key":"Content-Type","value":"application/json"}],"cookie":[],"responseTime":null,"body":"{\n  \"errors\": [\n    {\n      \"errorId\": \"<string>\",\n      \"errorCode\": \"<string>\",\n      \"errorMessage\": \"<string>\"\n    },\n    {\n      \"errorId\": \"<string>\",\n      \"errorCode\": \"<string>\",\n      \"errorMessage\": \"<string>\"\n    }\n  ]\n}"}]}],"id":"64aeb6ba-7779-464a-93d2-c3999e838167"}],"id":"b320bd5a-8f94-4a9a-be98-7c2765d58e39"}],"id":"d7d6df25-c02e-4a26-b81c-2812f5ccd2a1"}],"variable":[{"id":"6f08a084-c8cc-4046-bef2-d6188edb14e6","key":"baseUrl","value":"https://us.api.concursolutions.com/notifications/v4"}]}