{"info":{"_postman_id":"48a70b17-0a6f-4777-a7f5-e44ebb2f6140","name":"Payment Request Digest","description":"A payment request digest is a collection of summarized payment requests to invoice vendors. This API provides methods to view all payment requests corresponding to search parameters, or view a payment request digest by ID.","schema":"https://schema.getpostman.com/json/collection/v2.1.0/collection.json"},"item":[{"name":"invoice","item":[{"name":"paymentrequestdigests","item":[{"name":"{id}","item":[{"name":"Get payment request digest","id":"4b481c54-529a-4712-b580-66489ad33078","protocolProfileBehavior":{"disableBodyPruning":true},"request":{"method":"GET","header":[{"key":"Accept","value":"application/json"}],"url":{"raw":"{{baseUrl}}/invoice/paymentrequestdigests/:id","host":["{{baseUrl}}"],"path":["invoice","paymentrequestdigests",":id"],"variable":[{"id":"fa5ae09d-a1c4-490b-b9c1-7a7158e798ff","key":"id","value":"<string>"}]},"description":"Returns the specified payment request digest. "},"response":[{"id":"eab2b118-338c-4904-88d7-ec847005cb58","name":"Success","originalRequest":{"method":"GET","header":[{"key":"Accept","value":"application/json"},{"description":"Added as a part of security scheme: oauth2","key":"Authorization","value":"<token>"}],"url":{"raw":"{{baseUrl}}/invoice/paymentrequestdigests/:id","host":["{{baseUrl}}"],"path":["invoice","paymentrequestdigests",":id"],"variable":[{"key":"id"}]}},"status":"OK","code":200,"_postman_previewlanguage":"json","header":[{"key":"Content-Type","value":"application/json"}],"cookie":[],"responseTime":null,"body":"{\n  \"ApprovalStatusCode\": \"<string>\",\n  \"CreateDate\": \"<string>\",\n  \"CurrencyCode\": \"<string>\",\n  \"ID\": \"<string>\",\n  \"InvoiceNumber\": \"<string>\",\n  \"IsDeleted\": \"<string>\",\n  \"OwnerLoginID\": \"<string>\",\n  \"OwnerName\": \"<string>\",\n  \"PaidDate\": \"<string>\",\n  \"PaymentRequestId\": \"<string>\",\n  \"PaymentRequestUri\": \"<string>\",\n  \"PaymentStatusCode\": \"<string>\",\n  \"PurchaseOrderNumber\": \"<string>\",\n  \"Total\": \"<string>\",\n  \"URI\": \"<string>\",\n  \"UserDefinedDate\": \"<string>\",\n  \"VendorName\": \"<string>\"\n}"}]}],"id":"75da1a63-7ef0-44d7-87ea-0cfa84b54704"},{"name":"Get all payment requests digests","id":"3cce098b-c5d1-493c-aae6-57cb11ce14a2","protocolProfileBehavior":{"disableBodyPruning":true},"request":{"method":"GET","header":[{"key":"Accept","value":"application/json"}],"url":{"raw":"{{baseUrl}}/invoice/paymentrequestdigests?offset=<string>&limit=<integer>&approvalStatus=<string>&paymentStatus=<string>&vendorInvoiceNumber=<string>&createDateBefore=<dateTime>&createDateAfter=<dateTime>&userDefinedDateBefore=<dateTime>&userDefinedDateAfter=<dateTime>&submitDateBefore=<dateTime>&submitDateAfter=<dateTime>&paidDateBefore=<dateTime>&paidDateAfter=<dateTime>","host":["{{baseUrl}}"],"path":["invoice","paymentrequestdigests"],"query":[{"description":"The start of the page offset.","key":"offset","value":"<string>"},{"description":"The number of records to return (default 1000).","key":"limit","value":"<integer>"},{"description":"A code representing a payment request approval status. Use \"GET /invoice/localizeddata\" to get the available approval status codes.","key":"approvalStatus","value":"<string>"},{"description":"A code representing a Payment Request Payment Status. Use \"GET /invoice/localizeddata\" to get the available payment status codes","key":"paymentStatus","value":"<string>"},{"description":"Vendor invoice number tied to invoice.","key":"vendorInvoiceNumber","value":"<string>"},{"description":"The payment request create date is before this date. Format: YYYY-MM-DD","key":"createDateBefore","value":"<dateTime>"},{"description":"The payment request create date is after this date. Format: YYYY-MM-DD","key":"createDateAfter","value":"<dateTime>"},{"description":"The payment request user defined date is before this date. Format: YYYY-MM-DD","key":"userDefinedDateBefore","value":"<dateTime>"},{"description":"The payment request user defined date is after this date. Format: YYYY-MM-DD","key":"userDefinedDateAfter","value":"<dateTime>"},{"description":"The payment request submit date is before this date. Format: YYYY-MM-DD","key":"submitDateBefore","value":"<dateTime>"},{"description":"The payment request submit date is after this date. Format: YYYY-MM-DD","key":"submitDateAfter","value":"<dateTime>"},{"description":"The payment request paid date is before this date. Format: YYYY-MM-DD","key":"paidDateBefore","value":"<dateTime>"},{"description":"The payment request paid date is after this date. Format: YYYY-MM-DD","key":"paidDateAfter","value":"<dateTime>"}]},"description":"Returns all payment requests digests based on the search criteria."},"response":[{"id":"1961bd5c-c780-4925-8828-95a2873b2193","name":"Success","originalRequest":{"method":"GET","header":[{"key":"Accept","value":"application/json"},{"description":"Added as a part of security scheme: oauth2","key":"Authorization","value":"<token>"}],"url":{"raw":"{{baseUrl}}/invoice/paymentrequestdigests?offset=<string>&limit=<integer>&approvalStatus=<string>&paymentStatus=<string>&vendorInvoiceNumber=<string>&createDateBefore=<dateTime>&createDateAfter=<dateTime>&userDefinedDateBefore=<dateTime>&userDefinedDateAfter=<dateTime>&submitDateBefore=<dateTime>&submitDateAfter=<dateTime>&paidDateBefore=<dateTime>&paidDateAfter=<dateTime>","host":["{{baseUrl}}"],"path":["invoice","paymentrequestdigests"],"query":[{"description":"The start of the page offset.","key":"offset","value":"<string>"},{"description":"The number of records to return (default 1000).","key":"limit","value":"<integer>"},{"description":"A code representing a payment request approval status. Use \"GET /invoice/localizeddata\" to get the available approval status codes.","key":"approvalStatus","value":"<string>"},{"description":"A code representing a Payment Request Payment Status. Use \"GET /invoice/localizeddata\" to get the available payment status codes","key":"paymentStatus","value":"<string>"},{"description":"Vendor invoice number tied to invoice.","key":"vendorInvoiceNumber","value":"<string>"},{"description":"The payment request create date is before this date. Format: YYYY-MM-DD","key":"createDateBefore","value":"<dateTime>"},{"description":"The payment request create date is after this date. Format: YYYY-MM-DD","key":"createDateAfter","value":"<dateTime>"},{"description":"The payment request user defined date is before this date. Format: YYYY-MM-DD","key":"userDefinedDateBefore","value":"<dateTime>"},{"description":"The payment request user defined date is after this date. Format: YYYY-MM-DD","key":"userDefinedDateAfter","value":"<dateTime>"},{"description":"The payment request submit date is before this date. Format: YYYY-MM-DD","key":"submitDateBefore","value":"<dateTime>"},{"description":"The payment request submit date is after this date. Format: YYYY-MM-DD","key":"submitDateAfter","value":"<dateTime>"},{"description":"The payment request paid date is before this date. Format: YYYY-MM-DD","key":"paidDateBefore","value":"<dateTime>"},{"description":"The payment request paid date is after this date. Format: YYYY-MM-DD","key":"paidDateAfter","value":"<dateTime>"}]}},"status":"OK","code":200,"_postman_previewlanguage":"json","header":[{"key":"Content-Type","value":"application/json"}],"cookie":[],"responseTime":null,"body":"{\n  \"Items\": {\n    \"ApprovalStatusCode\": \"<string>\",\n    \"CreateDate\": \"<string>\",\n    \"CurrencyCode\": \"<string>\",\n    \"ID\": \"<string>\",\n    \"InvoiceNumber\": \"<string>\",\n    \"IsDeleted\": \"<string>\",\n    \"OwnerLoginID\": \"<string>\",\n    \"OwnerName\": \"<string>\",\n    \"PaidDate\": \"<string>\",\n    \"PaymentRequestId\": \"<string>\",\n    \"PaymentRequestUri\": \"<string>\",\n    \"PaymentStatusCode\": \"<string>\",\n    \"PurchaseOrderNumber\": \"<string>\",\n    \"Total\": \"<string>\",\n    \"URI\": \"<string>\",\n    \"UserDefinedDate\": \"<string>\",\n    \"VendorName\": \"<string>\"\n  },\n  \"NextPage\": \"<string>\",\n  \"PaymentRequestDigest\": {\n    \"ApprovalStatusCode\": \"<string>\",\n    \"CreateDate\": \"<string>\",\n    \"CurrencyCode\": \"<string>\",\n    \"ID\": \"<string>\",\n    \"InvoiceNumber\": \"<string>\",\n    \"IsDeleted\": \"<string>\",\n    \"OwnerLoginID\": \"<string>\",\n    \"OwnerName\": \"<string>\",\n    \"PaidDate\": \"<string>\",\n    \"PaymentRequestId\": \"<string>\",\n    \"PaymentRequestUri\": \"<string>\",\n    \"PaymentStatusCode\": \"<string>\",\n    \"PurchaseOrderNumber\": \"<string>\",\n    \"Total\": \"<string>\",\n    \"URI\": \"<string>\",\n    \"UserDefinedDate\": \"<string>\",\n    \"VendorName\": \"<string>\"\n  },\n  \"TotalCount\": \"<integer>\"\n}"}]}],"id":"766b34c3-9d5c-40f8-9e56-5659f1dfb058"}],"id":"122918a5-f78a-4326-b0b9-95300f0adff3"}],"auth":{"type":"oauth2","oauth2":[{"key":"accessTokenUrl","value":"https://us.api.concursolutions.com/oauth2/v0","type":"string"},{"key":"grant_type","value":"client_credentials","type":"string"}]},"variable":[{"id":"22f19a9e-22ba-4b53-b7f2-c91cd1199196","key":"baseUrl","value":"https://www.concursolutions.com/api/v3.0"}]}