{"info":{"_postman_id":"549d5800-981b-44a9-9a25-79c55228fb3c","name":"Quick Expenses","schema":"https://schema.getpostman.com/json/collection/v2.1.0/collection.json"},"item":[{"name":"quickexpense","item":[{"name":"v4","item":[{"name":"users","item":[{"name":"{userID}","item":[{"name":"context","item":[{"name":"{contextType}","item":[{"name":"quickexpenses","item":[{"name":"image","item":[{"name":"This API is used to create a quick expense with image. An image is required. This API accepts multipart/form-data request.","id":"51f2d86e-f7d0-4b5d-970b-6a841ef98c38","protocolProfileBehavior":{"disableBodyPruning":true},"request":{"method":"POST","header":[{"description":"A SAP Concur specific custom header used for technical support.","key":"concur-correlationid","value":"<string>"},{"description":"The unique identifier of the user's locale that indicates the language in which the API response should be formulated.","key":"accept-language","value":"<string>"},{"key":"Content-Type","value":"multipart/form-data"},{"key":"Accept","value":"application/json"}],"body":{"mode":"formdata","formdata":[{"description":"(Required) Image file. <br>Supported image file type ['PNG','GIF','PDF','TIFF','JPEG']. Max image size supported - 5MB","key":"fileContent","value":"<string>","type":"text"},{"description":"<b>QuickExpenseRequest</b> {<br><b>comment</b> (string, optional): This is a comment attached to the quick expense. ,<br><b>entryDetails</b> (string, optional): The quick expense entry details. ,<br><b>expenseTypeId</b> (string, optional): This is the expense type id of the quick expense. ,<br><b>location</b> (Location): The location where the quick expense occurred. ,<br><b>paymentTypeId</b> (string, optional): This is the payment type id of the quick expense. , <br><b>transactionAmount</b> (Amount): The amount of the quick expense. ,<br><b>transactionDate</b> (string): This is the transaction date of the quick expense. Format: YYYY-MM-DD ,<br><b>vendor</b> (string, optional): The name of the vendor. ,<br><b>Location</b> {<br><b>city</b> (string, optional): The location city. ,<br><b>countryCode</b> (string, optional): The location country ISO 3166-1 code. ,<br><b>countrySubDivisionCode</b> (string, optional): The location country sub division ISO 3166-2 code. ,<br><b>id</b> (string, optional): The unique identifier of the location. ,<br><b>name</b> (string, optional): The location name.<br>}<br><b>Amount</b> {<br><b>currencyCode</b> (string): The 3-letter ISO 4217 currency code for the amount. ,<br><b>value</b> (number): The amount value.<br>}","key":"quickExpenseRequest","value":"<string>","type":"text"}]},"url":{"raw":"{{baseUrl}}/quickexpense/v4/users/:userID/context/:contextType/quickexpenses/image","host":["{{baseUrl}}"],"path":["quickexpense","v4","users",":userID","context",":contextType","quickexpenses","image"],"variable":[{"id":"ef1fb1d5-d12b-4009-b29c-c75620f4ac0a","key":"userID"},{"id":"d2589c08-d082-4364-a5db-33f25839317d","key":"contextType","value":"TRAVELER"},{"id":"1780d364-d921-4532-821c-3904d5c4a61e","key":"userId","value":"<string>","description":"(Required) The unique identifier of the SAP Concur user."}]},"description":"This API creates a new quick expense and attaches an image to it, which is provided with multipart/form-data request."},"response":[{"id":"99e7e738-d4e8-45eb-a13f-55eea1db9306","name":"OK","originalRequest":{"method":"POST","header":[{"description":"A SAP Concur specific custom header used for technical support.","key":"concur-correlationid","value":"<string>"},{"description":"The unique identifier of the user's locale that indicates the language in which the API response should be formulated.","key":"accept-language","value":"<string>"},{"key":"Content-Type","value":"multipart/form-data"},{"key":"Accept","value":"application/json"}],"body":{"mode":"formdata","formdata":[{"description":"(Required) Image file. <br>Supported image file type ['PNG','GIF','PDF','TIFF','JPEG']. Max image size supported - 5MB","key":"fileContent","value":"<string>","type":"text"},{"description":"<b>QuickExpenseRequest</b> {<br><b>comment</b> (string, optional): This is a comment attached to the quick expense. ,<br><b>entryDetails</b> (string, optional): The quick expense entry details. ,<br><b>expenseTypeId</b> (string, optional): This is the expense type id of the quick expense. ,<br><b>location</b> (Location): The location where the quick expense occurred. ,<br><b>paymentTypeId</b> (string, optional): This is the payment type id of the quick expense. , <br><b>transactionAmount</b> (Amount): The amount of the quick expense. ,<br><b>transactionDate</b> (string): This is the transaction date of the quick expense. Format: YYYY-MM-DD ,<br><b>vendor</b> (string, optional): The name of the vendor. ,<br><b>Location</b> {<br><b>city</b> (string, optional): The location city. ,<br><b>countryCode</b> (string, optional): The location country ISO 3166-1 code. ,<br><b>countrySubDivisionCode</b> (string, optional): The location country sub division ISO 3166-2 code. ,<br><b>id</b> (string, optional): The unique identifier of the location. ,<br><b>name</b> (string, optional): The location name.<br>}<br><b>Amount</b> {<br><b>currencyCode</b> (string): The 3-letter ISO 4217 currency code for the amount. ,<br><b>value</b> (number): The amount value.<br>}","key":"quickExpenseRequest","value":"<string>","type":"text"}]},"url":{"raw":"{{baseUrl}}/quickexpense/v4/users/:userID/context/:contextType/quickexpenses/image","host":["{{baseUrl}}"],"path":["quickexpense","v4","users",":userID","context",":contextType","quickexpenses","image"],"variable":[{"key":"userID"},{"key":"contextType"}]}},"status":"OK","code":200,"_postman_previewlanguage":"json","header":[{"key":"Content-Type","value":"application/json"}],"cookie":[],"responseTime":null,"body":"{\n  \"quickExpenseIdUri\": \"<string>\"\n}"},{"id":"1e78d9f7-dbe0-4344-99f6-9b9ed6507927","name":"Sucessfully created new quick expense","originalRequest":{"method":"POST","header":[{"description":"A SAP Concur specific custom header used for technical support.","key":"concur-correlationid","value":"<string>"},{"description":"The unique identifier of the user's locale that indicates the language in which the API response should be formulated.","key":"accept-language","value":"<string>"},{"key":"Content-Type","value":"multipart/form-data"},{"key":"Accept","value":"application/json"}],"body":{"mode":"formdata","formdata":[{"description":"(Required) Image file. <br>Supported image file type ['PNG','GIF','PDF','TIFF','JPEG']. Max image size supported - 5MB","key":"fileContent","value":"<string>","type":"text"},{"description":"<b>QuickExpenseRequest</b> {<br><b>comment</b> (string, optional): This is a comment attached to the quick expense. ,<br><b>entryDetails</b> (string, optional): The quick expense entry details. ,<br><b>expenseTypeId</b> (string, optional): This is the expense type id of the quick expense. ,<br><b>location</b> (Location): The location where the quick expense occurred. ,<br><b>paymentTypeId</b> (string, optional): This is the payment type id of the quick expense. , <br><b>transactionAmount</b> (Amount): The amount of the quick expense. ,<br><b>transactionDate</b> (string): This is the transaction date of the quick expense. Format: YYYY-MM-DD ,<br><b>vendor</b> (string, optional): The name of the vendor. ,<br><b>Location</b> {<br><b>city</b> (string, optional): The location city. ,<br><b>countryCode</b> (string, optional): The location country ISO 3166-1 code. ,<br><b>countrySubDivisionCode</b> (string, optional): The location country sub division ISO 3166-2 code. ,<br><b>id</b> (string, optional): The unique identifier of the location. ,<br><b>name</b> (string, optional): The location name.<br>}<br><b>Amount</b> {<br><b>currencyCode</b> (string): The 3-letter ISO 4217 currency code for the amount. ,<br><b>value</b> (number): The amount value.<br>}","key":"quickExpenseRequest","value":"<string>","type":"text"}]},"url":{"raw":"{{baseUrl}}/quickexpense/v4/users/:userID/context/:contextType/quickexpenses/image","host":["{{baseUrl}}"],"path":["quickexpense","v4","users",":userID","context",":contextType","quickexpenses","image"],"variable":[{"key":"userID"},{"key":"contextType"}]}},"status":"Created","code":201,"_postman_previewlanguage":"json","header":[{"key":"Content-Type","value":"application/json"}],"cookie":[],"responseTime":null,"body":"{\n  \"quickExpenseIdUri\": \"<string>\"\n}"},{"id":"27f40576-4a31-42eb-ac44-6fc2fc0412a3","name":"Bad Request","originalRequest":{"method":"POST","header":[{"description":"A SAP Concur specific custom header used for technical support.","key":"concur-correlationid","value":"<string>"},{"description":"The unique identifier of the user's locale that indicates the language in which the API response should be formulated.","key":"accept-language","value":"<string>"},{"key":"Content-Type","value":"multipart/form-data"},{"key":"Accept","value":"application/json"}],"body":{"mode":"formdata","formdata":[{"description":"(Required) Image file. <br>Supported image file type ['PNG','GIF','PDF','TIFF','JPEG']. Max image size supported - 5MB","key":"fileContent","value":"<string>","type":"text"},{"description":"<b>QuickExpenseRequest</b> {<br><b>comment</b> (string, optional): This is a comment attached to the quick expense. ,<br><b>entryDetails</b> (string, optional): The quick expense entry details. ,<br><b>expenseTypeId</b> (string, optional): This is the expense type id of the quick expense. ,<br><b>location</b> (Location): The location where the quick expense occurred. ,<br><b>paymentTypeId</b> (string, optional): This is the payment type id of the quick expense. , <br><b>transactionAmount</b> (Amount): The amount of the quick expense. ,<br><b>transactionDate</b> (string): This is the transaction date of the quick expense. Format: YYYY-MM-DD ,<br><b>vendor</b> (string, optional): The name of the vendor. ,<br><b>Location</b> {<br><b>city</b> (string, optional): The location city. ,<br><b>countryCode</b> (string, optional): The location country ISO 3166-1 code. ,<br><b>countrySubDivisionCode</b> (string, optional): The location country sub division ISO 3166-2 code. ,<br><b>id</b> (string, optional): The unique identifier of the location. ,<br><b>name</b> (string, optional): The location name.<br>}<br><b>Amount</b> {<br><b>currencyCode</b> (string): The 3-letter ISO 4217 currency code for the amount. ,<br><b>value</b> (number): The amount value.<br>}","key":"quickExpenseRequest","value":"<string>","type":"text"}]},"url":{"raw":"{{baseUrl}}/quickexpense/v4/users/:userID/context/:contextType/quickexpenses/image","host":["{{baseUrl}}"],"path":["quickexpense","v4","users",":userID","context",":contextType","quickexpenses","image"],"variable":[{"key":"userID"},{"key":"contextType"}]}},"status":"Bad Request","code":400,"_postman_previewlanguage":"json","header":[{"key":"Content-Type","value":"application/json"}],"cookie":[],"responseTime":null,"body":"{\n  \"errorMessage\": \"<string>\",\n  \"httpStatus\": \"<string>\",\n  \"path\": \"<string>\",\n  \"timestamp\": \"<dateTime>\",\n  \"errorId\": \"<string>\",\n  \"validationErrors\": [\n    {\n      \"value\": \"reference #/components/schemas/ValidationError not found in the OpenAPI spec\"\n    },\n    {\n      \"value\": \"reference #/components/schemas/ValidationError not found in the OpenAPI spec\"\n    }\n  ]\n}"},{"id":"45040d5f-aea2-4d6e-aea9-4a06b8c39717","name":"User doesn't have appropriate roles to create quick expense","originalRequest":{"method":"POST","header":[{"description":"A SAP Concur specific custom header used for technical support.","key":"concur-correlationid","value":"<string>"},{"description":"The unique identifier of the user's locale that indicates the language in which the API response should be formulated.","key":"accept-language","value":"<string>"},{"key":"Content-Type","value":"multipart/form-data"},{"key":"Accept","value":"application/json"}],"body":{"mode":"formdata","formdata":[{"description":"(Required) Image file. <br>Supported image file type ['PNG','GIF','PDF','TIFF','JPEG']. Max image size supported - 5MB","key":"fileContent","value":"<string>","type":"text"},{"description":"<b>QuickExpenseRequest</b> {<br><b>comment</b> (string, optional): This is a comment attached to the quick expense. ,<br><b>entryDetails</b> (string, optional): The quick expense entry details. ,<br><b>expenseTypeId</b> (string, optional): This is the expense type id of the quick expense. ,<br><b>location</b> (Location): The location where the quick expense occurred. ,<br><b>paymentTypeId</b> (string, optional): This is the payment type id of the quick expense. , <br><b>transactionAmount</b> (Amount): The amount of the quick expense. ,<br><b>transactionDate</b> (string): This is the transaction date of the quick expense. Format: YYYY-MM-DD ,<br><b>vendor</b> (string, optional): The name of the vendor. ,<br><b>Location</b> {<br><b>city</b> (string, optional): The location city. ,<br><b>countryCode</b> (string, optional): The location country ISO 3166-1 code. ,<br><b>countrySubDivisionCode</b> (string, optional): The location country sub division ISO 3166-2 code. ,<br><b>id</b> (string, optional): The unique identifier of the location. ,<br><b>name</b> (string, optional): The location name.<br>}<br><b>Amount</b> {<br><b>currencyCode</b> (string): The 3-letter ISO 4217 currency code for the amount. ,<br><b>value</b> (number): The amount value.<br>}","key":"quickExpenseRequest","value":"<string>","type":"text"}]},"url":{"raw":"{{baseUrl}}/quickexpense/v4/users/:userID/context/:contextType/quickexpenses/image","host":["{{baseUrl}}"],"path":["quickexpense","v4","users",":userID","context",":contextType","quickexpenses","image"],"variable":[{"key":"userID"},{"key":"contextType"}]}},"status":"Forbidden","code":403,"_postman_previewlanguage":"json","header":[{"key":"Content-Type","value":"application/json"}],"cookie":[],"responseTime":null,"body":"{\n  \"errorMessage\": \"<string>\",\n  \"httpStatus\": \"<string>\",\n  \"path\": \"<string>\",\n  \"timestamp\": \"<dateTime>\",\n  \"errorId\": \"<string>\",\n  \"validationErrors\": [\n    {\n      \"value\": \"reference #/components/schemas/ValidationError not found in the OpenAPI spec\"\n    },\n    {\n      \"value\": \"reference #/components/schemas/ValidationError not found in the OpenAPI spec\"\n    }\n  ]\n}"},{"id":"bcedf1d9-030c-4710-b55c-c1eac5fee827","name":"Internal Server Error","originalRequest":{"method":"POST","header":[{"description":"A SAP Concur specific custom header used for technical support.","key":"concur-correlationid","value":"<string>"},{"description":"The unique identifier of the user's locale that indicates the language in which the API response should be formulated.","key":"accept-language","value":"<string>"},{"key":"Content-Type","value":"multipart/form-data"},{"key":"Accept","value":"application/json"}],"body":{"mode":"formdata","formdata":[{"description":"(Required) Image file. <br>Supported image file type ['PNG','GIF','PDF','TIFF','JPEG']. Max image size supported - 5MB","key":"fileContent","value":"<string>","type":"text"},{"description":"<b>QuickExpenseRequest</b> {<br><b>comment</b> (string, optional): This is a comment attached to the quick expense. ,<br><b>entryDetails</b> (string, optional): The quick expense entry details. ,<br><b>expenseTypeId</b> (string, optional): This is the expense type id of the quick expense. ,<br><b>location</b> (Location): The location where the quick expense occurred. ,<br><b>paymentTypeId</b> (string, optional): This is the payment type id of the quick expense. , <br><b>transactionAmount</b> (Amount): The amount of the quick expense. ,<br><b>transactionDate</b> (string): This is the transaction date of the quick expense. Format: YYYY-MM-DD ,<br><b>vendor</b> (string, optional): The name of the vendor. ,<br><b>Location</b> {<br><b>city</b> (string, optional): The location city. ,<br><b>countryCode</b> (string, optional): The location country ISO 3166-1 code. ,<br><b>countrySubDivisionCode</b> (string, optional): The location country sub division ISO 3166-2 code. ,<br><b>id</b> (string, optional): The unique identifier of the location. ,<br><b>name</b> (string, optional): The location name.<br>}<br><b>Amount</b> {<br><b>currencyCode</b> (string): The 3-letter ISO 4217 currency code for the amount. ,<br><b>value</b> (number): The amount value.<br>}","key":"quickExpenseRequest","value":"<string>","type":"text"}]},"url":{"raw":"{{baseUrl}}/quickexpense/v4/users/:userID/context/:contextType/quickexpenses/image","host":["{{baseUrl}}"],"path":["quickexpense","v4","users",":userID","context",":contextType","quickexpenses","image"],"variable":[{"key":"userID"},{"key":"contextType"}]}},"status":"Internal Server Error","code":500,"_postman_previewlanguage":"json","header":[{"key":"Content-Type","value":"application/json"}],"cookie":[],"responseTime":null,"body":"{\n  \"errorMessage\": \"<string>\",\n  \"httpStatus\": \"<string>\",\n  \"path\": \"<string>\",\n  \"timestamp\": \"<dateTime>\",\n  \"errorId\": \"<string>\",\n  \"validationErrors\": [\n    {\n      \"value\": \"reference #/components/schemas/ValidationError not found in the OpenAPI spec\"\n    },\n    {\n      \"value\": \"reference #/components/schemas/ValidationError not found in the OpenAPI spec\"\n    }\n  ]\n}"}]}],"id":"a8276f4c-279f-4153-8269-b81d1f91e4cc"},{"name":"This API is used to create a quick expense. This API does not support image creation.","id":"c8afee1f-34bf-4d78-97e9-fb2aa2b69e1b","protocolProfileBehavior":{"disableBodyPruning":true},"request":{"method":"POST","header":[{"description":"A SAP Concur specific custom header used for technical support.","key":"concur-correlationid","value":"<string>"},{"description":"The unique identifier of the user's locale that indicates the language in which the API response should be formulated.","key":"accept-language","value":"<string>"},{"key":"Content-Type","value":"application/json"},{"key":"Accept","value":"application/json"}],"body":{"mode":"raw","raw":"{\n  \"location\": {\n    \"city\": \"<string>\",\n    \"countryCode\": \"<string>\",\n    \"countrySubDivisionCode\": \"<string>\",\n    \"id\": \"<string>\",\n    \"name\": \"<string>\"\n  },\n  \"transactionAmount\": {\n    \"currencyCode\": \"<string>\",\n    \"value\": \"<double>\"\n  },\n  \"transactionDate\": \"<date>\",\n  \"comment\": \"<string>\",\n  \"entryDetails\": \"<string>\",\n  \"expenseTypeId\": \"<string>\",\n  \"paymentTypeId\": \"PENDC\",\n  \"vendor\": \"<string>\"\n}","options":{"raw":{"headerFamily":"json","language":"json"}}},"url":{"raw":"{{baseUrl}}/quickexpense/v4/users/:userID/context/:contextType/quickexpenses","host":["{{baseUrl}}"],"path":["quickexpense","v4","users",":userID","context",":contextType","quickexpenses"],"variable":[{"id":"27e9887e-a58e-4f00-a518-8adb6888f924","key":"userID"},{"id":"0567d164-1781-40d3-91f2-acf1352ae9e1","key":"contextType","value":"TRAVELER"},{"id":"af1a5d76-e1ee-405b-b931-8a6fa5ac6846","key":"userId","value":"<string>","description":"(Required) The unique identifier of the SAP Concur user."}]},"description":"This API creates a basic expense with minimal fields. Can be added to expense reports from within SAP Concur."},"response":[{"id":"cbce10c4-5b9c-4795-b1f8-460a95f881f3","name":"OK","originalRequest":{"method":"POST","header":[{"description":"A SAP Concur specific custom header used for technical support.","key":"concur-correlationid","value":"<string>"},{"description":"The unique identifier of the user's locale that indicates the language in which the API response should be formulated.","key":"accept-language","value":"<string>"},{"key":"Content-Type","value":"application/json"},{"key":"Accept","value":"application/json"}],"body":{"mode":"raw","raw":"{\n  \"location\": {\n    \"city\": \"<string>\",\n    \"countryCode\": \"<string>\",\n    \"countrySubDivisionCode\": \"<string>\",\n    \"id\": \"<string>\",\n    \"name\": \"<string>\"\n  },\n  \"transactionAmount\": {\n    \"currencyCode\": \"<string>\",\n    \"value\": \"<double>\"\n  },\n  \"transactionDate\": \"<date>\",\n  \"comment\": \"<string>\",\n  \"entryDetails\": \"<string>\",\n  \"expenseTypeId\": \"<string>\",\n  \"paymentTypeId\": \"PENDC\",\n  \"vendor\": \"<string>\"\n}","options":{"raw":{"headerFamily":"json","language":"json"}}},"url":{"raw":"{{baseUrl}}/quickexpense/v4/users/:userID/context/:contextType/quickexpenses","host":["{{baseUrl}}"],"path":["quickexpense","v4","users",":userID","context",":contextType","quickexpenses"],"variable":[{"key":"userID"},{"key":"contextType"}]}},"status":"OK","code":200,"_postman_previewlanguage":"json","header":[{"key":"Content-Type","value":"application/json"}],"cookie":[],"responseTime":null,"body":"{\n  \"quickExpenseIdUri\": \"<string>\"\n}"},{"id":"a12c5747-cbcf-43e6-8b1e-8e7c80726afc","name":"Sucessfully created new quick expense","originalRequest":{"method":"POST","header":[{"description":"A SAP Concur specific custom header used for technical support.","key":"concur-correlationid","value":"<string>"},{"description":"The unique identifier of the user's locale that indicates the language in which the API response should be formulated.","key":"accept-language","value":"<string>"},{"key":"Content-Type","value":"application/json"},{"key":"Accept","value":"application/json"}],"body":{"mode":"raw","raw":"{\n  \"location\": {\n    \"city\": \"<string>\",\n    \"countryCode\": \"<string>\",\n    \"countrySubDivisionCode\": \"<string>\",\n    \"id\": \"<string>\",\n    \"name\": \"<string>\"\n  },\n  \"transactionAmount\": {\n    \"currencyCode\": \"<string>\",\n    \"value\": \"<double>\"\n  },\n  \"transactionDate\": \"<date>\",\n  \"comment\": \"<string>\",\n  \"entryDetails\": \"<string>\",\n  \"expenseTypeId\": \"<string>\",\n  \"paymentTypeId\": \"PENDC\",\n  \"vendor\": \"<string>\"\n}","options":{"raw":{"headerFamily":"json","language":"json"}}},"url":{"raw":"{{baseUrl}}/quickexpense/v4/users/:userID/context/:contextType/quickexpenses","host":["{{baseUrl}}"],"path":["quickexpense","v4","users",":userID","context",":contextType","quickexpenses"],"variable":[{"key":"userID"},{"key":"contextType"}]}},"status":"Created","code":201,"_postman_previewlanguage":"json","header":[{"key":"Content-Type","value":"application/json"}],"cookie":[],"responseTime":null,"body":"{\n  \"quickExpenseIdUri\": \"<string>\"\n}"},{"id":"bc2d0981-8fa9-4487-a431-36499b9aae89","name":"Bad Request","originalRequest":{"method":"POST","header":[{"description":"A SAP Concur specific custom header used for technical support.","key":"concur-correlationid","value":"<string>"},{"description":"The unique identifier of the user's locale that indicates the language in which the API response should be formulated.","key":"accept-language","value":"<string>"},{"key":"Content-Type","value":"application/json"},{"key":"Accept","value":"application/json"}],"body":{"mode":"raw","raw":"{\n  \"location\": {\n    \"city\": \"<string>\",\n    \"countryCode\": \"<string>\",\n    \"countrySubDivisionCode\": \"<string>\",\n    \"id\": \"<string>\",\n    \"name\": \"<string>\"\n  },\n  \"transactionAmount\": {\n    \"currencyCode\": \"<string>\",\n    \"value\": \"<double>\"\n  },\n  \"transactionDate\": \"<date>\",\n  \"comment\": \"<string>\",\n  \"entryDetails\": \"<string>\",\n  \"expenseTypeId\": \"<string>\",\n  \"paymentTypeId\": \"PENDC\",\n  \"vendor\": \"<string>\"\n}","options":{"raw":{"headerFamily":"json","language":"json"}}},"url":{"raw":"{{baseUrl}}/quickexpense/v4/users/:userID/context/:contextType/quickexpenses","host":["{{baseUrl}}"],"path":["quickexpense","v4","users",":userID","context",":contextType","quickexpenses"],"variable":[{"key":"userID"},{"key":"contextType"}]}},"status":"Bad Request","code":400,"_postman_previewlanguage":"json","header":[{"key":"Content-Type","value":"application/json"}],"cookie":[],"responseTime":null,"body":"{\n  \"errorMessage\": \"<string>\",\n  \"httpStatus\": \"<string>\",\n  \"path\": \"<string>\",\n  \"timestamp\": \"<dateTime>\",\n  \"errorId\": \"<string>\",\n  \"validationErrors\": [\n    {\n      \"value\": \"reference #/components/schemas/ValidationError not found in the OpenAPI spec\"\n    },\n    {\n      \"value\": \"reference #/components/schemas/ValidationError not found in the OpenAPI spec\"\n    }\n  ]\n}"},{"id":"fece0487-52e4-4d61-95a4-a0c8d3207ecb","name":"User doesn't have appropriate roles to create quick expense","originalRequest":{"method":"POST","header":[{"description":"A SAP Concur specific custom header used for technical support.","key":"concur-correlationid","value":"<string>"},{"description":"The unique identifier of the user's locale that indicates the language in which the API response should be formulated.","key":"accept-language","value":"<string>"},{"key":"Content-Type","value":"application/json"},{"key":"Accept","value":"application/json"}],"body":{"mode":"raw","raw":"{\n  \"location\": {\n    \"city\": \"<string>\",\n    \"countryCode\": \"<string>\",\n    \"countrySubDivisionCode\": \"<string>\",\n    \"id\": \"<string>\",\n    \"name\": \"<string>\"\n  },\n  \"transactionAmount\": {\n    \"currencyCode\": \"<string>\",\n    \"value\": \"<double>\"\n  },\n  \"transactionDate\": \"<date>\",\n  \"comment\": \"<string>\",\n  \"entryDetails\": \"<string>\",\n  \"expenseTypeId\": \"<string>\",\n  \"paymentTypeId\": \"PENDC\",\n  \"vendor\": \"<string>\"\n}","options":{"raw":{"headerFamily":"json","language":"json"}}},"url":{"raw":"{{baseUrl}}/quickexpense/v4/users/:userID/context/:contextType/quickexpenses","host":["{{baseUrl}}"],"path":["quickexpense","v4","users",":userID","context",":contextType","quickexpenses"],"variable":[{"key":"userID"},{"key":"contextType"}]}},"status":"Forbidden","code":403,"_postman_previewlanguage":"json","header":[{"key":"Content-Type","value":"application/json"}],"cookie":[],"responseTime":null,"body":"{\n  \"errorMessage\": \"<string>\",\n  \"httpStatus\": \"<string>\",\n  \"path\": \"<string>\",\n  \"timestamp\": \"<dateTime>\",\n  \"errorId\": \"<string>\",\n  \"validationErrors\": [\n    {\n      \"value\": \"reference #/components/schemas/ValidationError not found in the OpenAPI spec\"\n    },\n    {\n      \"value\": \"reference #/components/schemas/ValidationError not found in the OpenAPI spec\"\n    }\n  ]\n}"},{"id":"283583dd-ec99-48e2-96df-eb96ef910b31","name":"Internal Server Error","originalRequest":{"method":"POST","header":[{"description":"A SAP Concur specific custom header used for technical support.","key":"concur-correlationid","value":"<string>"},{"description":"The unique identifier of the user's locale that indicates the language in which the API response should be formulated.","key":"accept-language","value":"<string>"},{"key":"Content-Type","value":"application/json"},{"key":"Accept","value":"application/json"}],"body":{"mode":"raw","raw":"{\n  \"location\": {\n    \"city\": \"<string>\",\n    \"countryCode\": \"<string>\",\n    \"countrySubDivisionCode\": \"<string>\",\n    \"id\": \"<string>\",\n    \"name\": \"<string>\"\n  },\n  \"transactionAmount\": {\n    \"currencyCode\": \"<string>\",\n    \"value\": \"<double>\"\n  },\n  \"transactionDate\": \"<date>\",\n  \"comment\": \"<string>\",\n  \"entryDetails\": \"<string>\",\n  \"expenseTypeId\": \"<string>\",\n  \"paymentTypeId\": \"PENDC\",\n  \"vendor\": \"<string>\"\n}","options":{"raw":{"headerFamily":"json","language":"json"}}},"url":{"raw":"{{baseUrl}}/quickexpense/v4/users/:userID/context/:contextType/quickexpenses","host":["{{baseUrl}}"],"path":["quickexpense","v4","users",":userID","context",":contextType","quickexpenses"],"variable":[{"key":"userID"},{"key":"contextType"}]}},"status":"Internal Server Error","code":500,"_postman_previewlanguage":"json","header":[{"key":"Content-Type","value":"application/json"}],"cookie":[],"responseTime":null,"body":"{\n  \"errorMessage\": \"<string>\",\n  \"httpStatus\": \"<string>\",\n  \"path\": \"<string>\",\n  \"timestamp\": \"<dateTime>\",\n  \"errorId\": \"<string>\",\n  \"validationErrors\": [\n    {\n      \"value\": \"reference #/components/schemas/ValidationError not found in the OpenAPI spec\"\n    },\n    {\n      \"value\": \"reference #/components/schemas/ValidationError not found in the OpenAPI spec\"\n    }\n  ]\n}"}]}],"id":"278fb5c3-5e47-48a0-b954-d20ce2cc8ecc"}],"id":"74c898e8-5df1-4b27-8a7c-106759c1474b"}],"id":"3bb6b5e6-bb4f-4fa7-8de0-83a20710c7eb"}],"id":"9f65d558-021d-446c-8c3f-8863b5e65d0e"}],"id":"962eea52-98cf-4baa-ba86-33bf37aca696"}],"id":"51140068-2c84-458e-92ca-ebf620003418"}],"id":"e1a7a07b-38cc-4ec3-81a5-d6204b474687"}],"variable":[{"id":"eb990406-3527-4c07-84fd-4ef08bbf55c4","key":"baseUrl","value":"https://us.api.concursolutions.com"}]}