{"info":{"_postman_id":"5954c242-1cf6-427b-bfdb-7b8011940090","name":"Event Service API","description":"Event Service API.","schema":"https://schema.getpostman.com/json/collection/v2.1.0/collection.json"},"item":[{"name":"v4","item":[{"name":"subscriptions","item":[{"name":"webhook","item":[{"name":"Create or update subscription webhook","id":"a3fcb6df-3a03-4d2c-ba23-f419ad858eda","protocolProfileBehavior":{"disableBodyPruning":true},"request":{"auth":{"type":"bearer","bearer":[{"key":"token","value":"{{accessTokenEvents}}","type":"string"}]},"method":"PUT","header":[{"key":"Content-Type","value":"application/json"},{"key":"Accept","value":"*/*"}],"body":{"mode":"raw","raw":"{\n  \"id\": \"<string>\",\n  \"topic\": \"<string>\",\n  \"webHookConfig\": {\n    \"endpoint\": \"<string>\"\n  },\n  \"filter\": \"<string>\"\n}","options":{"raw":{"headerFamily":"json","language":"json"}}},"url":{"raw":"{{baseUrl}}/v4/subscriptions/webhook","host":["{{baseUrl}}"],"path":["v4","subscriptions","webhook"]},"description":"Allows you to create or update subscription webhook for allowed topic (look up Topic Management for details)."},"response":[{"id":"d7e4a611-2826-4170-9740-8e515a7adbec","name":"OK","originalRequest":{"method":"PUT","header":[{"key":"Content-Type","value":"application/json"},{"key":"Accept","value":"*/*"},{"description":"Added as a part of security scheme: apikey","key":"Authorization","value":"<API Key>"}],"body":{"mode":"raw","raw":"{\n  \"id\": \"<string>\",\n  \"topic\": \"<string>\",\n  \"webHookConfig\": {\n    \"endpoint\": \"<string>\"\n  },\n  \"filter\": \"<string>\"\n}","options":{"raw":{"headerFamily":"json","language":"json"}}},"url":{"raw":"{{baseUrl}}/v4/subscriptions/webhook","host":["{{baseUrl}}"],"path":["v4","subscriptions","webhook"]}},"status":"OK","code":200,"_postman_previewlanguage":"text","header":[{"key":"Content-Type","value":"*/*"}],"cookie":[],"responseTime":null,"body":"{\n  \"message\": \"<string>\"\n}"}]}],"id":"18ca95a0-b2e6-466f-98cf-c5b43020909a"},{"name":"{id}","item":[{"name":"Fetch your subscription details","id":"ad090b75-9337-4b62-9c11-df542194166c","protocolProfileBehavior":{"disableBodyPruning":true},"request":{"auth":{"type":"bearer","bearer":[{"key":"token","value":"{{accessToken}}","type":"string"}]},"method":"GET","header":[{"key":"Accept","value":"application/json"}],"url":{"raw":"{{baseUrl}}/v4/subscriptions/:id","host":["{{baseUrl}}"],"path":["v4","subscriptions",":id"],"variable":[{"key":"id","value":"servicenow.concur.travel.integration"}]},"description":"Allows you to fetch certain subscription details."},"response":[{"id":"9b1fe8a3-3750-4e7f-ad9c-b91069732d4a","name":"OK","originalRequest":{"method":"GET","header":[{"key":"Accept","value":"application/json"},{"description":"Added as a part of security scheme: apikey","key":"Authorization","value":"<API Key>"}],"url":{"raw":"{{baseUrl}}/v4/subscriptions/:id","host":["{{baseUrl}}"],"path":["v4","subscriptions",":id"],"variable":[{"key":"id"}]}},"status":"OK","code":200,"_postman_previewlanguage":"json","header":[{"key":"Content-Type","value":"application/json"}],"cookie":[],"responseTime":null,"body":"{\n  \"applicationId\": \"<string>\",\n  \"id\": \"<string>\",\n  \"topic\": \"<string>\",\n  \"webHookConfig\": {\n    \"endpoint\": \"<string>\"\n  },\n  \"companyIds\": [\n    \"<string>\",\n    \"<string>\"\n  ],\n  \"filter\": \"<string>\",\n  \"groups\": [\n    \"<string>\",\n    \"<string>\"\n  ],\n  \"scope\": \"<string>\"\n}"}]},{"name":"Delete your subscription","id":"eed2d59b-6874-4173-a12d-2005eb510b1c","protocolProfileBehavior":{"disableBodyPruning":true},"request":{"auth":{"type":"bearer","bearer":[{"key":"token","value":"{{accessTokenEvents}}","type":"string"}]},"method":"DELETE","header":[{"key":"Accept","value":"application/json"}],"url":{"raw":"{{baseUrl}}/v4/subscriptions/:id","host":["{{baseUrl}}"],"path":["v4","subscriptions",":id"],"variable":[{"id":"0524e3a5-c374-46ac-beba-78279812ebb2","key":"id","value":"<string>"}]},"description":"Allows you to delete an existing subscription."},"response":[{"id":"512b9ee5-c449-4c1d-b5b4-b9b54b9cac68","name":"OK","originalRequest":{"method":"DELETE","header":[{"key":"Accept","value":"application/json"},{"description":"Added as a part of security scheme: apikey","key":"Authorization","value":"<API Key>"}],"url":{"raw":"{{baseUrl}}/v4/subscriptions/:id","host":["{{baseUrl}}"],"path":["v4","subscriptions",":id"],"variable":[{"key":"id"}]}},"status":"OK","code":200,"_postman_previewlanguage":"json","header":[{"key":"Content-Type","value":"application/json"}],"cookie":[],"responseTime":null,"body":"{\n  \"message\": \"<string>\"\n}"}]}],"id":"414e81de-a396-47cb-9fbb-65aa72ad87bf"},{"name":"Fetch all of your subscriptions and subscription details","id":"77433337-f30a-42e7-9657-827b08128f97","protocolProfileBehavior":{"disableBodyPruning":true},"request":{"auth":{"type":"bearer","bearer":[{"key":"token","value":"{{accessTokenEvents}}","type":"string"}]},"method":"GET","header":[{"key":"Accept","value":"application/json"}],"url":{"raw":"{{baseUrl}}/v4/subscriptions","host":["{{baseUrl}}"],"path":["v4","subscriptions"]},"description":"Allows you to fetch all of your subscriptions based on your Application ID found in the JWT (web token)."},"response":[{"id":"e7a8b1a7-f876-4004-aad0-ce4fd1809b3c","name":"OK","originalRequest":{"method":"GET","header":[{"key":"Accept","value":"application/json"},{"description":"Added as a part of security scheme: apikey","key":"Authorization","value":"<API Key>"}],"url":{"raw":"{{baseUrl}}/v4/subscriptions","host":["{{baseUrl}}"],"path":["v4","subscriptions"]}},"status":"OK","code":200,"_postman_previewlanguage":"json","header":[{"key":"Content-Type","value":"application/json"}],"cookie":[],"responseTime":null,"body":"[\n  {\n    \"applicationId\": \"<string>\",\n    \"id\": \"<string>\",\n    \"topic\": \"<string>\",\n    \"webHookConfig\": {\n      \"endpoint\": \"<string>\"\n    },\n    \"companyIds\": [\n      \"<string>\",\n      \"<string>\"\n    ],\n    \"filter\": \"<string>\",\n    \"groups\": [\n      \"<string>\",\n      \"<string>\"\n    ],\n    \"scope\": \"<string>\"\n  },\n  {\n    \"applicationId\": \"<string>\",\n    \"id\": \"<string>\",\n    \"topic\": \"<string>\",\n    \"webHookConfig\": {\n      \"endpoint\": \"<string>\"\n    },\n    \"companyIds\": [\n      \"<string>\",\n      \"<string>\"\n    ],\n    \"filter\": \"<string>\",\n    \"groups\": [\n      \"<string>\",\n      \"<string>\"\n    ],\n    \"scope\": \"<string>\"\n  }\n]"}]}],"id":"4452d018-1b13-46cb-8ac8-f188a7a2fe3c"},{"name":"topics","item":[{"name":"Fetch allowed topics","id":"de463ee3-e0c7-4b15-b2ba-aaa2480f0208","protocolProfileBehavior":{"disableBodyPruning":true},"request":{"auth":{"type":"bearer","bearer":[{"key":"token","value":"{{accessTokenEvents}}","type":"string"}]},"method":"GET","header":[{"key":"Accept","value":"application/json"}],"url":{"raw":"{{baseUrl}}/v4/topics","host":["{{baseUrl}}"],"path":["v4","topics"]},"description":"Fetch all allowed topics. If you don't see a specific topic, you don't have necessary scopes in your JWT. Please contact topic owner to add correct scopes to your Application."},"response":[{"id":"2f1b131b-d84a-4e57-8948-e0afc081c925","name":"OK","originalRequest":{"method":"GET","header":[{"key":"Accept","value":"application/json"},{"description":"Added as a part of security scheme: apikey","key":"Authorization","value":"<API Key>"}],"url":{"raw":"{{baseUrl}}/v4/topics","host":["{{baseUrl}}"],"path":["v4","topics"]}},"status":"OK","code":200,"_postman_previewlanguage":"json","header":[{"key":"Content-Type","value":"application/json"}],"cookie":[],"responseTime":null,"body":"[\n  \"<string>\",\n  \"<string>\"\n]"}]}],"id":"43367ea4-f329-4ef4-8c94-1c639b52b332"}],"id":"8b3e9352-1e1a-41a0-8289-ec21b081adb8"},{"name":"Event Subscription Authentication","event":[{"listen":"test","script":{"id":"fa6154fe-53cd-4e20-85f0-dea9a2fb54c8","exec":["pm.test(\"Initialize\", function () {\r","\r","    pm.response.to.not.be.error;\r","    pm.response.to.not.have.jsonBody(\"error\");\r","\r","    var jsonData = pm.response.json();\r","    var accessToken = jsonData.access_token;\r","    pm.expect(accessToken.length).to.be.above(0);\r","    \r","    pm.collectionVariables.set(\"accessTokenEvents\", accessToken);\r","\r","    var geoLocation = jsonData.geolocation;\r","\r","    pm.collectionVariables.set(\"geolocationURL\", geoLocation); \r","});\r",""],"type":"text/javascript"}}],"id":"a19e8126-8eef-43b8-ab77-d15dfbc9dd32","protocolProfileBehavior":{"disableBodyPruning":true},"request":{"method":"POST","header":[],"body":{"mode":"urlencoded","urlencoded":[{"key":"grant_type","value":"client_credentials","type":"text"},{"key":"client_secret","value":"{{clientSecret}}","type":"text"},{"key":"client_id","value":"{{clientId}}","type":"text"}]},"url":{"raw":"https://{{dataCenterURI}}/oauth2/v0/token","protocol":"https","host":["{{dataCenterURI}}"],"path":["oauth2","v0","token"]}},"response":[]}],"auth":{"type":"bearer","bearer":[{"key":"token","value":"{{accessToken}}","type":"string"}]},"event":[{"listen":"prerequest","script":{"id":"982cda71-74e8-4b82-adf4-81c06e19c981","type":"text/javascript","exec":[""]}},{"listen":"test","script":{"id":"6371b358-93b0-4ec3-a389-3414e8f7f56d","type":"text/javascript","exec":[""]}}],"variable":[{"id":"0eaf3d12-3d4c-4177-a74c-82bcd110cb72","key":"baseUrl","value":"https://www-us2.api.concursolutions.com/events"},{"id":"35a75168-2206-459f-944b-5f7dd22fdab1","key":"accessTokenEvents","value":"XXX - set by postman collection"},{"id":"e21f21b1-4dcc-4a16-9229-42e91aa491a0","key":"geolocationURL","value":"XXX - set by postman collection"}]}