{"info":{"_postman_id":"5c2ed3bc-7bdd-4cbc-9cdd-7d398a88dd20","name":"Localized Data","description":"Invoice includes various status codes, and error messages. This API provides a method to list the localized strings of various codes.","schema":"https://schema.getpostman.com/json/collection/v2.1.0/collection.json"},"item":[{"name":"invoice","item":[{"name":"localizeddata","item":[{"name":"Get localized string of various codes in Invoice. ","id":"c83ed804-eb06-4834-8278-85eb5b57d011","protocolProfileBehavior":{"disableBodyPruning":true},"request":{"method":"GET","header":[{"key":"Accept","value":"application/json"}],"url":{"raw":"{{baseUrl}}/invoice/localizeddata?type=<string>&langCode=<string>","host":["{{baseUrl}}"],"path":["invoice","localizeddata"],"query":[{"description":"Valid types are -    approvalStatus, paymentStatus, expenseType, ledgerCode, dataSourceCode, payMethod, receiptConfirmation, unitOfMeasure.","key":"type","value":"<string>"},{"description":"Optional. The language code requested. lang codes examples - de, en, es, fr, fr_CA, hu, it, ja, pl, pt_BR","key":"langCode","value":"<string>"}]},"description":"Returns the  localized string of various codes in Invoice. "},"response":[{"id":"e3f2dde9-0282-4cf3-9d5a-a03569b7f218","name":"Success","originalRequest":{"method":"GET","header":[{"key":"Accept","value":"application/json"}],"url":{"raw":"{{baseUrl}}/invoice/localizeddata?type=<string>&langCode=<string>","host":["{{baseUrl}}"],"path":["invoice","localizeddata"],"query":[{"description":"Valid types are -    approvalStatus, paymentStatus, expenseType, ledgerCode, dataSourceCode, payMethod, receiptConfirmation, unitOfMeasure.","key":"type","value":"<string>"},{"description":"Optional. The language code requested. lang codes examples - de, en, es, fr, fr_CA, hu, it, ja, pl, pt_BR","key":"langCode","value":"<string>"}]}},"status":"OK","code":200,"_postman_previewlanguage":"json","header":[{"key":"Content-Type","value":"application/json"}],"cookie":[],"responseTime":null,"body":"{\n  \"LocalizationData\": {\n    \"Code\": \"<string>\",\n    \"LangCode\": \"<string>\",\n    \"LocalizedValue\": \"<string>\"\n  },\n  \"TotalCount\": \"<integer>\"\n}"}]}],"id":"bc58a305-23f4-4a51-8135-5dc83a3952fd"}],"id":"93f416c7-a9c6-4aa3-82f4-150eec38e541"}],"variable":[{"id":"dca207d1-d836-48a5-8ea5-13ac249a5cec","key":"baseUrl","value":"https://www.concursolutions.com/api/v3.0"}]}