{"info":{"_postman_id":"5d7e6625-a1e6-42e8-b752-22f5406205f2","name":"Request Group Configurations","description":"Requests allow travelers to submit travel plans, expected expenses, and expected cash advance needs prior to spending funds. Request policies define the required information and workflow for the requests. This API provides the details of the Request policies for the supplied user ID.","schema":"https://schema.getpostman.com/json/collection/v2.1.0/collection.json"},"item":[{"name":"travelrequest","item":[{"name":"requestgroupconfigurations","item":[{"name":"Get Request group configuration.","id":"0b7d0d6a-8227-442e-ae83-c54881694bfe","protocolProfileBehavior":{"disableBodyPruning":true},"request":{"method":"GET","header":[{"key":"Accept","value":"application/json"}],"url":{"raw":"{{baseUrl}}/travelrequest/requestgroupconfigurations","host":["{{baseUrl}}"],"path":["travelrequest","requestgroupconfigurations"],"query":[{"key":"user","value":"<string>","description":"The login ID of the user. Optional. The user must have the Web Services Admin (Professional) or Can Administer (Standard) user role to use this parameter.","disabled":true},{"key":"offset","value":"<string>","description":"Starting page offset","disabled":true},{"key":"limit","value":"<integer>","description":"Determines the number of records to return (default 10)","disabled":true}]},"description":"Get the Request group configuration owned by the specified user, or all Request group configurations for the company."},"response":[{"id":"0803aad6-6b31-4f77-95db-1db7cb85a7c8","name":"Success","originalRequest":{"method":"GET","header":[{"key":"Accept","value":"application/json"},{"description":"Added as a part of security scheme: oauth2","key":"Authorization","value":"<token>"}],"url":{"raw":"{{baseUrl}}/travelrequest/requestgroupconfigurations?user=<string>&offset=<string>&limit=<integer>","host":["{{baseUrl}}"],"path":["travelrequest","requestgroupconfigurations"],"query":[{"description":"The login ID of the user. Optional. The user must have the Web Services Admin (Professional) or Can Administer (Standard) user role to use this parameter.","key":"user","value":"<string>"},{"description":"Starting page offset","key":"offset","value":"<string>"},{"description":"Determines the number of records to return (default 10)","key":"limit","value":"<integer>"}]}},"status":"OK","code":200,"_postman_previewlanguage":"json","header":[{"key":"Content-Type","value":"application/json"}],"cookie":[],"responseTime":null,"body":"{\n  \"Items\": {\n    \"AgencyOffices\": {\n      \"ID\": \"<string>\",\n      \"Name\": \"<string>\"\n    },\n    \"DefaultPolicyID\": \"<string>\",\n    \"ID\": \"<string>\",\n    \"Name\": \"<string>\",\n    \"Policies\": {\n      \"HeaderFormID\": \"<string>\",\n      \"ID\": \"<string>\",\n      \"IsDefault\": \"<boolean>\",\n      \"Name\": \"<string>\",\n      \"NoCreation\": \"<boolean>\",\n      \"SegmentTypes\": {\n        \"DisplayOrder\": \"<integer>\",\n        \"IconCode\": \"<string>\",\n        \"ID\": \"<string>\",\n        \"Name\": \"<string>\",\n        \"SegmentCustomFormID\": \"<string>\",\n        \"SegmentFormID\": \"<string>\",\n        \"SegmentTypeCode\": \"<string>\"\n      }\n    },\n    \"RequestTypes\": {\n      \"Code\": \"<string>\",\n      \"Name\": \"<string>\"\n    },\n    \"URI\": \"<string>\"\n  },\n  \"NextPage\": \"<string>\"\n}"}]}],"id":"ef2598b1-858d-4d3e-80ee-7156d62da23c"}],"id":"73d52fef-4b7b-4444-89f5-35e2b34435a1"}],"auth":{"type":"bearer","bearer":[{"key":"token","value":"{{accessToken}}","type":"string"}]},"event":[{"listen":"prerequest","script":{"id":"3bf0b365-b417-4aee-86a6-69cdd6c7eea9","type":"text/javascript","exec":[""]}},{"listen":"test","script":{"id":"feac8926-495a-4e88-a9b6-d2a1f9089db1","type":"text/javascript","exec":[""]}}],"variable":[{"id":"2a534320-a88b-4f03-b916-caa3fba9e0c4","key":"baseUrl","value":"https://us.api.concursolutions.com/api/v3.1"}]}