{"info":{"_postman_id":"61afdf99-1255-4d0e-b7b5-c9b7c3c7f0b7","name":"FinnHub API","schema":"https://schema.getpostman.com/json/collection/v2.1.0/collection.json"},"item":[{"name":"Symbol Lookup ","id":"bbd8333d-6aa5-41fb-ac00-b14bd5aa1be7","protocolProfileBehavior":{"disableBodyPruning":true},"request":{"method":"GET","header":[],"url":{"raw":"{{baseURL}}/search?q=asgn","host":["{{baseURL}}"],"path":["search"],"query":[{"key":"q","value":"asgn"}]}},"response":[]},{"name":"Quote ","id":"018cdd03-59b5-49b4-a870-c4ca4b16df88","protocolProfileBehavior":{"disableBodyPruning":true},"request":{"method":"GET","header":[],"url":{"raw":"{{baseURL}}/quote?symbol=ASGN","host":["{{baseURL}}"],"path":["quote"],"query":[{"key":"symbol","value":"ASGN"}]}},"response":[]}],"auth":{"type":"apikey","apikey":[{"key":"value","value":"cdl80oaad3i7vjm85r30cdl80oaad3i7vjm85r3g","type":"string"},{"key":"key","value":"token","type":"string"},{"key":"in","value":"query","type":"string"}]},"event":[{"listen":"prerequest","script":{"id":"3264a7e5-065a-420d-9080-08b76c9e3eba","type":"text/javascript","exec":[""]}},{"listen":"test","script":{"id":"96c462d0-6f81-4f1e-b89c-14aaa6b574c4","type":"text/javascript","exec":[""]}}],"variable":[{"id":"7e9c117d-b09c-4f80-bff5-f3eb575359f6","key":"baseURL","value":"https://finnhub.io/api/v1","type":"string"}]}