{"info":{"_postman_id":"63bb7bf9-76a5-4176-be53-8b88e56e8c2b","name":"Receipts","schema":"https://schema.getpostman.com/json/collection/v2.1.0/collection.json"},"item":[{"name":"receipts","item":[{"name":"v4","item":[{"name":"status","item":[{"name":"{receiptId}","item":[{"name":"Receipt status","id":"5d8536c2-f122-40ca-8cca-01f953908eba","protocolProfileBehavior":{"disableBodyPruning":true},"request":{"method":"GET","header":[],"url":{"raw":"{{baseUrl}}/receipts/v4/status/:receiptId","host":["{{baseUrl}}"],"path":["receipts","v4","status",":receiptId"],"variable":[{"id":"5119e47d-c830-465d-b59d-d00031355f0d","key":"receiptId","value":"<string>"}]},"description":"Get status information about a receipt."},"response":[{"id":"61f4a7e6-3797-426c-8d4a-392c1c276475","name":"Status information about the receipt, including logs about the back-end processing of the receipt.","originalRequest":{"method":"GET","header":[{"description":"Added as a part of security scheme: apikey","key":"Authorization","value":"<API Key>"}],"url":{"raw":"{{baseUrl}}/receipts/v4/status/:receiptId","host":["{{baseUrl}}"],"path":["receipts","v4","status",":receiptId"],"variable":[{"key":"receiptId"}]}},"status":"OK","code":200,"_postman_previewlanguage":"text","header":[],"cookie":[],"responseTime":null,"body":""},{"id":"c91012c8-5838-4076-afce-5fb96b23010f","name":"Callers must provide a valid JWT and/or Concur-issued X.509 client certificate","originalRequest":{"method":"GET","header":[{"description":"Added as a part of security scheme: apikey","key":"Authorization","value":"<API Key>"}],"url":{"raw":"{{baseUrl}}/receipts/v4/status/:receiptId","host":["{{baseUrl}}"],"path":["receipts","v4","status",":receiptId"],"variable":[{"key":"receiptId"}]}},"status":"Unauthorized","code":401,"_postman_previewlanguage":"text","header":[],"cookie":[],"responseTime":null,"body":""},{"id":"f9aa3d95-ee03-4693-b41a-08f0a8c52f4a","name":"Caller does not have the required scope, or, depending on the type of JWT, may not have permission to access receipts for this specific user or company. In rare cases, this error code might mean that special functionality is limited to certain application","originalRequest":{"method":"GET","header":[{"description":"Added as a part of security scheme: apikey","key":"Authorization","value":"<API Key>"}],"url":{"raw":"{{baseUrl}}/receipts/v4/status/:receiptId","host":["{{baseUrl}}"],"path":["receipts","v4","status",":receiptId"],"variable":[{"key":"receiptId"}]}},"status":"Forbidden","code":403,"_postman_previewlanguage":"text","header":[],"cookie":[],"responseTime":null,"body":""},{"id":"7bd91d6b-b822-4cec-aad0-b4ff502ab631","name":"No status record exists for this receiptId","originalRequest":{"method":"GET","header":[{"description":"Added as a part of security scheme: apikey","key":"Authorization","value":"<API Key>"}],"url":{"raw":"{{baseUrl}}/receipts/v4/status/:receiptId","host":["{{baseUrl}}"],"path":["receipts","v4","status",":receiptId"],"variable":[{"key":"receiptId"}]}},"status":"Not Found","code":404,"_postman_previewlanguage":"text","header":[],"cookie":[],"responseTime":null,"body":""}]}],"id":"b0bcc19b-a91b-4f5c-a06f-3b725caf0ed0"},{"name":"Bulk status","id":"78b2ae1d-f20a-4c9b-8866-b3c2e3374eea","protocolProfileBehavior":{"disableBodyPruning":true},"request":{"method":"POST","header":[{"key":"Content-Type","value":"application/json"},{"key":"Accept","value":"application/json"}],"body":{"mode":"raw","raw":"{\n  \"receiptIds\": [\n    \"<string>\",\n    \"<string>\"\n  ],\n  \"forwardIds\": [\n    \"<string>\",\n    \"<string>\"\n  ]\n}","options":{"raw":{"headerFamily":"json","language":"json"}}},"url":{"raw":"{{baseUrl}}/receipts/v4/status","host":["{{baseUrl}}"],"path":["receipts","v4","status"]},"description":"Get status information for multiple receipts at once. Either receiptIds or forwardIds can be used. Maximum 50 receipts per call."},"response":[{"id":"e3a375be-ddb5-4d71-9f72-70e047efd7db","name":"Bulk status results","originalRequest":{"method":"POST","header":[{"key":"Content-Type","value":"application/json"},{"key":"Accept","value":"application/json"},{"description":"Added as a part of security scheme: apikey","key":"Authorization","value":"<API Key>"}],"body":{"mode":"raw","raw":"{\n  \"receiptIds\": [\n    \"<string>\",\n    \"<string>\"\n  ],\n  \"forwardIds\": [\n    \"<string>\",\n    \"<string>\"\n  ]\n}","options":{"raw":{"headerFamily":"json","language":"json"}}},"url":{"raw":"{{baseUrl}}/receipts/v4/status","host":["{{baseUrl}}"],"path":["receipts","v4","status"]}},"status":"OK","code":200,"_postman_previewlanguage":"json","header":[{"key":"Content-Type","value":"application/json"}],"cookie":[],"responseTime":null,"body":"[\n  {\n    \"receiptId\": \"<string>\",\n    \"responseCode\": \"<number>\",\n    \"receiptStatus\": {\n      \"status\": \"PROCESSING\",\n      \"digitizationStatus\": \"FAILED\"\n    },\n    \"receiptEventLogs\": \"<string>\"\n  },\n  {\n    \"receiptId\": \"<string>\",\n    \"responseCode\": \"<number>\",\n    \"receiptStatus\": {\n      \"status\": \"PROCESSED\",\n      \"digitizationStatus\": \"NO_PROCESSING_REQUIRED\"\n    },\n    \"receiptEventLogs\": \"<string>\"\n  }\n]"},{"id":"53b52e16-2186-4bd1-ba03-9d63f1e2985f","name":"Bad request. Fix the body of the request before trying again.","originalRequest":{"method":"POST","header":[{"key":"Content-Type","value":"application/json"},{"description":"Added as a part of security scheme: apikey","key":"Authorization","value":"<API Key>"}],"body":{"mode":"raw","raw":"{\n  \"receiptIds\": [\n    \"<string>\",\n    \"<string>\"\n  ],\n  \"forwardIds\": [\n    \"<string>\",\n    \"<string>\"\n  ]\n}","options":{"raw":{"headerFamily":"json","language":"json"}}},"url":{"raw":"{{baseUrl}}/receipts/v4/status","host":["{{baseUrl}}"],"path":["receipts","v4","status"]}},"status":"Bad Request","code":400,"_postman_previewlanguage":"text","header":[],"cookie":[],"responseTime":null,"body":""},{"id":"9c09206f-6b8b-4cfa-aa2f-5bac7600b086","name":"Callers must provide a valid JWT and/or Concur-issued X.509 client certificate","originalRequest":{"method":"POST","header":[{"key":"Content-Type","value":"application/json"},{"description":"Added as a part of security scheme: apikey","key":"Authorization","value":"<API Key>"}],"body":{"mode":"raw","raw":"{\n  \"receiptIds\": [\n    \"<string>\",\n    \"<string>\"\n  ],\n  \"forwardIds\": [\n    \"<string>\",\n    \"<string>\"\n  ]\n}","options":{"raw":{"headerFamily":"json","language":"json"}}},"url":{"raw":"{{baseUrl}}/receipts/v4/status","host":["{{baseUrl}}"],"path":["receipts","v4","status"]}},"status":"Unauthorized","code":401,"_postman_previewlanguage":"text","header":[],"cookie":[],"responseTime":null,"body":""},{"id":"a6daa3b5-a2e5-4524-939f-bf954685e276","name":"The caller does not have permission to perform the intended action.","originalRequest":{"method":"POST","header":[{"key":"Content-Type","value":"application/json"},{"description":"Added as a part of security scheme: apikey","key":"Authorization","value":"<API Key>"}],"body":{"mode":"raw","raw":"{\n  \"receiptIds\": [\n    \"<string>\",\n    \"<string>\"\n  ],\n  \"forwardIds\": [\n    \"<string>\",\n    \"<string>\"\n  ]\n}","options":{"raw":{"headerFamily":"json","language":"json"}}},"url":{"raw":"{{baseUrl}}/receipts/v4/status","host":["{{baseUrl}}"],"path":["receipts","v4","status"]}},"status":"Forbidden","code":403,"_postman_previewlanguage":"text","header":[],"cookie":[],"responseTime":null,"body":""}]}],"id":"7e941a16-e0ab-4d77-892c-fdf69e6a851c"},{"name":"{receiptId}","item":[{"name":"digitizedImage","item":[{"name":"Digitized image by ID","id":"ab8f166d-fa65-4bd3-9507-8598cfd5b424","protocolProfileBehavior":{"disableBodyPruning":true},"request":{"method":"GET","header":[],"url":{"raw":"{{baseUrl}}/receipts/v4/:receiptId/digitizedImage","host":["{{baseUrl}}"],"path":["receipts","v4",":receiptId","digitizedImage"],"variable":[{"id":"aee12cf6-43ca-4d49-8777-a9ea261c189b","key":"receiptId","value":"<string>"}]},"description":"Get a digitized receipt image. These digitized images are the result of special processing and comply with legal regulations in certain jurisdictions."},"response":[{"id":"a8ba739d-13b8-4d20-aae3-d12339049784","name":"The digitized (certified) copy of the image, complete with any accompanying PDF metadata","originalRequest":{"method":"GET","header":[{"description":"Added as a part of security scheme: apikey","key":"Authorization","value":"<API Key>"}],"url":{"raw":"{{baseUrl}}/receipts/v4/:receiptId/digitizedImage","host":["{{baseUrl}}"],"path":["receipts","v4",":receiptId","digitizedImage"],"variable":[{"key":"receiptId"}]}},"status":"OK","code":200,"_postman_previewlanguage":"text","header":[],"cookie":[],"responseTime":null,"body":""},{"id":"14ffb1f4-3eb9-4ee7-8885-ec2645ae780e","name":"Callers must provide a valid JWT and/or Concur-issued X.509 client certificate","originalRequest":{"method":"GET","header":[{"description":"Added as a part of security scheme: apikey","key":"Authorization","value":"<API Key>"}],"url":{"raw":"{{baseUrl}}/receipts/v4/:receiptId/digitizedImage","host":["{{baseUrl}}"],"path":["receipts","v4",":receiptId","digitizedImage"],"variable":[{"key":"receiptId"}]}},"status":"Unauthorized","code":401,"_postman_previewlanguage":"text","header":[],"cookie":[],"responseTime":null,"body":""},{"id":"d1eb1b0d-f283-494c-b172-86acbd9c6205","name":"Caller does not have the required scope, or, depending on the type of JWT, may not have permission to access receipts for this specific user or company. In rare cases, this error code might mean that special functionality is limited to certain application","originalRequest":{"method":"GET","header":[{"description":"Added as a part of security scheme: apikey","key":"Authorization","value":"<API Key>"}],"url":{"raw":"{{baseUrl}}/receipts/v4/:receiptId/digitizedImage","host":["{{baseUrl}}"],"path":["receipts","v4",":receiptId","digitizedImage"],"variable":[{"key":"receiptId"}]}},"status":"Forbidden","code":403,"_postman_previewlanguage":"text","header":[],"cookie":[],"responseTime":null,"body":""},{"id":"2f76dac4-c298-4117-b1ec-ecf520cccf1c","name":"No v4 receipt image exists for this receiptId","originalRequest":{"method":"GET","header":[{"description":"Added as a part of security scheme: apikey","key":"Authorization","value":"<API Key>"}],"url":{"raw":"{{baseUrl}}/receipts/v4/:receiptId/digitizedImage","host":["{{baseUrl}}"],"path":["receipts","v4",":receiptId","digitizedImage"],"variable":[{"key":"receiptId"}]}},"status":"Not Found","code":404,"_postman_previewlanguage":"text","header":[],"cookie":[],"responseTime":null,"body":""}]}],"id":"eec3332a-6b9a-498e-9ee3-60f8e6f348f0"},{"name":"image","item":[{"name":"Image by ID","id":"53d15256-8b73-4667-9d69-47e935aaf6e2","protocolProfileBehavior":{"disableBodyPruning":true},"request":{"method":"GET","header":[],"url":{"raw":"{{baseUrl}}/receipts/v4/:receiptId/image","host":["{{baseUrl}}"],"path":["receipts","v4",":receiptId","image"],"variable":[{"id":"94e52b69-8353-4256-85f9-bc19838b573c","key":"receiptId","value":"<string>"}]},"description":"Get the image file for a given receiptId"},"response":[{"id":"454571cf-10ce-46fb-91ef-4db9ea8c4708","name":"The v4 image file associated with the receiptId. This is not the Imaging Service copy of the image but might be visually similar.","originalRequest":{"method":"GET","header":[{"description":"Added as a part of security scheme: apikey","key":"Authorization","value":"<API Key>"}],"url":{"raw":"{{baseUrl}}/receipts/v4/:receiptId/image","host":["{{baseUrl}}"],"path":["receipts","v4",":receiptId","image"],"variable":[{"key":"receiptId"}]}},"status":"OK","code":200,"_postman_previewlanguage":"text","header":[],"cookie":[],"responseTime":null,"body":""},{"id":"1ac628b0-359b-4a19-98aa-e6830e484af6","name":"Callers must provide a valid JWT and/or Concur-issued X.509 client certificate","originalRequest":{"method":"GET","header":[{"description":"Added as a part of security scheme: apikey","key":"Authorization","value":"<API Key>"}],"url":{"raw":"{{baseUrl}}/receipts/v4/:receiptId/image","host":["{{baseUrl}}"],"path":["receipts","v4",":receiptId","image"],"variable":[{"key":"receiptId"}]}},"status":"Unauthorized","code":401,"_postman_previewlanguage":"text","header":[],"cookie":[],"responseTime":null,"body":""},{"id":"01f9e0f7-6f93-476b-ba00-1ec1606afc50","name":"Caller does not have the required scope, or, depending on the type of JWT, may not have permission to access receipts for this specific user or company. In rare cases, this error code might mean that special functionality is limited to certain application","originalRequest":{"method":"GET","header":[{"description":"Added as a part of security scheme: apikey","key":"Authorization","value":"<API Key>"}],"url":{"raw":"{{baseUrl}}/receipts/v4/:receiptId/image","host":["{{baseUrl}}"],"path":["receipts","v4",":receiptId","image"],"variable":[{"key":"receiptId"}]}},"status":"Forbidden","code":403,"_postman_previewlanguage":"text","header":[],"cookie":[],"responseTime":null,"body":""},{"id":"16899c73-295c-48a5-8e81-b27cd3e71870","name":"No v4 receipt image exists for this receiptId","originalRequest":{"method":"GET","header":[{"description":"Added as a part of security scheme: apikey","key":"Authorization","value":"<API Key>"}],"url":{"raw":"{{baseUrl}}/receipts/v4/:receiptId/image","host":["{{baseUrl}}"],"path":["receipts","v4",":receiptId","image"],"variable":[{"key":"receiptId"}]}},"status":"Not Found","code":404,"_postman_previewlanguage":"text","header":[],"cookie":[],"responseTime":null,"body":""}]}],"id":"e9cb81f1-fc3e-4e4a-8c34-2ca2b566851d"},{"name":"states","item":[{"name":"Receipt by ID","id":"88d03acc-c12b-4c58-bda3-c0abc818b39b","protocolProfileBehavior":{"disableBodyPruning":true},"request":{"method":"GET","header":[{"key":"Accept","value":"application/json"}],"url":{"raw":"{{baseUrl}}/receipts/v4/:receiptId/states","host":["{{baseUrl}}"],"path":["receipts","v4",":receiptId","states"],"variable":[{"id":"e8c2c250-7ca2-4b7b-af0b-126a73bf8493","key":"receiptId","value":"<string>"}]},"description":"Get an individual receipt by receiptId, including state metadata. The JSON will include links that can be called to change the state of the receipt."},"response":[{"id":"7dc4a7b4-6623-443e-9449-e2348a1a77e2","name":"JSON representing an E-receipt and its associated metadata.","originalRequest":{"method":"GET","header":[{"key":"Accept","value":"application/json"},{"description":"Added as a part of security scheme: apikey","key":"Authorization","value":"<API Key>"}],"url":{"raw":"{{baseUrl}}/receipts/v4/:receiptId/states","host":["{{baseUrl}}"],"path":["receipts","v4",":receiptId","states"],"variable":[{"key":"receiptId"}]}},"status":"OK","code":200,"_postman_previewlanguage":"json","header":[{"key":"Content-Type","value":"application/json"}],"cookie":[],"responseTime":null,"body":"{\n  \"links\": [\n    {\n      \"href\": \"commodo eu\",\n      \"method\": \"ut nulla aute\",\n      \"rel\": \"ad eu laborum id\"\n    },\n    {\n      \"href\": \"dolor non esse ex\",\n      \"method\": \"pariatur enim esse\",\n      \"rel\": \"Lorem fugiat adipisicing eu qui\"\n    }\n  ],\n  \"modifiedAt\": \"<string>\",\n  \"companyId\": \"<string>\",\n  \"dateTimeReceived\": \"<string>\",\n  \"entityId\": \"<string>\",\n  \"validationSchema\": \"http://schema.concursolutions.com/car-rental-receipt.schema.json\",\n  \"receipt\": {},\n  \"image\": \"<string>\",\n  \"userId\": \"<string>\",\n  \"id\": \"<string>\",\n  \"digitizationStatus\": \"PROCESSING\",\n  \"forwardId\": {},\n  \"self\": \"<string>\",\n  \"template\": \"<string>\"\n}"},{"id":"ef202162-3a08-42ca-ac3f-d46a0b758999","name":"Callers must provide a valid JWT and/or Concur-issued X.509 client certificate","originalRequest":{"method":"GET","header":[{"description":"Added as a part of security scheme: apikey","key":"Authorization","value":"<API Key>"}],"url":{"raw":"{{baseUrl}}/receipts/v4/:receiptId/states","host":["{{baseUrl}}"],"path":["receipts","v4",":receiptId","states"],"variable":[{"key":"receiptId"}]}},"status":"Unauthorized","code":401,"_postman_previewlanguage":"text","header":[],"cookie":[],"responseTime":null,"body":""},{"id":"2619ab22-a922-4a07-a526-1a81ea16dbc9","name":"Caller does not have the required scope, or, depending on the type of JWT, may not have permission to access receipts for this specific user or company. In rare cases, this error code might mean that special functionality is limited to certain application","originalRequest":{"method":"GET","header":[{"description":"Added as a part of security scheme: apikey","key":"Authorization","value":"<API Key>"}],"url":{"raw":"{{baseUrl}}/receipts/v4/:receiptId/states","host":["{{baseUrl}}"],"path":["receipts","v4",":receiptId","states"],"variable":[{"key":"receiptId"}]}},"status":"Forbidden","code":403,"_postman_previewlanguage":"text","header":[],"cookie":[],"responseTime":null,"body":""},{"id":"96c4a51d-90eb-4897-8870-5c56590c086f","name":"No receipt exists with this ID","originalRequest":{"method":"GET","header":[{"description":"Added as a part of security scheme: apikey","key":"Authorization","value":"<API Key>"}],"url":{"raw":"{{baseUrl}}/receipts/v4/:receiptId/states","host":["{{baseUrl}}"],"path":["receipts","v4",":receiptId","states"],"variable":[{"key":"receiptId"}]}},"status":"Not Found","code":404,"_postman_previewlanguage":"text","header":[],"cookie":[],"responseTime":null,"body":""}]}],"id":"0843d709-60c2-4e4f-859c-c658fcd43878"},{"name":"sdr","item":[{"name":"SDR","id":"6c78995d-a69a-4fc6-907f-8192c5e9bb1b","protocolProfileBehavior":{"disableBodyPruning":true},"request":{"method":"GET","header":[{"key":"Accept","value":"application/json"}],"url":{"raw":"{{baseUrl}}/receipts/v4/:receiptId/sdr","host":["{{baseUrl}}"],"path":["receipts","v4",":receiptId","sdr"],"variable":[{"id":"33689ea6-9368-4135-b532-4c4c8778f57e","key":"receiptId","value":"<string>"}]},"description":"Get the structured data record (SDR) for a receipt. This data is related to tax regulations in certain jurisdictions."},"response":[{"id":"80ff20ee-dec8-4c87-a18f-88d21dc82c93","name":"JSON representing an SDR.","originalRequest":{"method":"GET","header":[{"key":"Accept","value":"application/json"},{"description":"Added as a part of security scheme: apikey","key":"Authorization","value":"<API Key>"}],"url":{"raw":"{{baseUrl}}/receipts/v4/:receiptId/sdr","host":["{{baseUrl}}"],"path":["receipts","v4",":receiptId","sdr"],"variable":[{"key":"receiptId"}]}},"status":"OK","code":200,"_postman_previewlanguage":"json","header":[{"key":"Content-Type","value":"application/json"}],"cookie":[],"responseTime":null,"body":"{\n  \"invoiceNumber\": \"<string>\",\n  \"invoiceType\": \"FA\",\n  \"supplierName\": \"<string>\",\n  \"supplierTaxId\": \"<string>\",\n  \"supplierAddress\": {\n    \"streetAddress\": \"<string>\",\n    \"addressLocality\": \"<string>\",\n    \"addressRegion\": \"<string>\",\n    \"addressCountry\": \"<string>\",\n    \"postalCode\": \"<string>\"\n  },\n  \"transactionDate\": \"<string>\",\n  \"issueDate\": \"<string>\",\n  \"taxes\": [\n    {\n      \"rateType\": \"parking\",\n      \"taxRate\": \".571\",\n      \"taxBase\": \"4287802\",\n      \"amount\": \"5746941053\"\n    }\n  ]\n}"},{"id":"fa7b97f7-8150-40ae-8754-ce7e7e255c48","name":"Callers must provide a valid JWT and/or Concur-issued X.509 client certificate","originalRequest":{"method":"GET","header":[{"description":"Added as a part of security scheme: apikey","key":"Authorization","value":"<API Key>"}],"url":{"raw":"{{baseUrl}}/receipts/v4/:receiptId/sdr","host":["{{baseUrl}}"],"path":["receipts","v4",":receiptId","sdr"],"variable":[{"key":"receiptId"}]}},"status":"Unauthorized","code":401,"_postman_previewlanguage":"text","header":[],"cookie":[],"responseTime":null,"body":""},{"id":"9e1cb4dd-3c0f-4632-b913-fcc4d253788b","name":"Caller does not have the required scope, or, depending on the type of JWT, may not have permission to access receipts for this specific user or company. In rare cases, this error code might mean that special functionality is limited to certain application","originalRequest":{"method":"GET","header":[{"description":"Added as a part of security scheme: apikey","key":"Authorization","value":"<API Key>"}],"url":{"raw":"{{baseUrl}}/receipts/v4/:receiptId/sdr","host":["{{baseUrl}}"],"path":["receipts","v4",":receiptId","sdr"],"variable":[{"key":"receiptId"}]}},"status":"Forbidden","code":403,"_postman_previewlanguage":"text","header":[],"cookie":[],"responseTime":null,"body":""},{"id":"9ee3d280-6fcb-454c-a0d2-235b22945169","name":"No receipt exists with this ID","originalRequest":{"method":"GET","header":[{"description":"Added as a part of security scheme: apikey","key":"Authorization","value":"<API Key>"}],"url":{"raw":"{{baseUrl}}/receipts/v4/:receiptId/sdr","host":["{{baseUrl}}"],"path":["receipts","v4",":receiptId","sdr"],"variable":[{"key":"receiptId"}]}},"status":"Not Found","code":404,"_postman_previewlanguage":"text","header":[],"cookie":[],"responseTime":null,"body":""}]},{"name":"Create/update SDR data for a receipt. The receipt MUST have been successfully digitized (digitizationStatus is PROCESSED) for the request to succeed. Digitization status can be checked by calling GET /receipts/receipts/v4/status/{receiptId}","id":"d4c1dc5a-07ca-4323-877e-f28d484b1a63","protocolProfileBehavior":{"disableBodyPruning":true},"request":{"method":"POST","header":[{"description":"A link to the SDR schema to be used to validate the incoming E-receipt data. Currently, Spain is the only locality supported for SDR.","key":"link","value":"<http://schema.concursolutions.com/spain-sdr.schema.json>;rel=describedBy"},{"key":"Content-Type","value":"application/json"}],"body":{"mode":"raw","raw":"{\n  \"sdrData\": {\n    \"invoiceNumber\": \"<string>\",\n    \"invoiceType\": \"FC\",\n    \"supplierName\": \"<string>\",\n    \"supplierTaxId\": \"<string>\",\n    \"supplierAddress\": {\n      \"streetAddress\": \"<string>\",\n      \"addressLocality\": \"<string>\",\n      \"addressRegion\": \"<string>\",\n      \"addressCountry\": \"<string>\",\n      \"postalCode\": \"<string>\"\n    },\n    \"transactionDate\": \"<string>\",\n    \"issueDate\": \"<string>\",\n    \"taxes\": [\n      {\n        \"rateType\": \"superReduced\",\n        \"taxRate\": \"35.23377\",\n        \"taxBase\": \"99641.0010934\",\n        \"amount\": \"0526165.8475\"\n      }\n    ]\n  }\n}","options":{"raw":{"headerFamily":"json","language":"json"}}},"url":{"raw":"{{baseUrl}}/receipts/v4/:receiptId/sdr","host":["{{baseUrl}}"],"path":["receipts","v4",":receiptId","sdr"],"variable":[{"id":"03af2787-cef8-4262-9351-9595e41511c7","key":"receiptId","value":"<string>"}]},"description":"Create/update SDR data for a receipt. The receipt MUST have been successfully digitized (digitizationStatus is PROCESSED) for the request to succeed. Digitization status can be checked by calling GET /receipts/receipts/v4/status/{receiptId}"},"response":[{"id":"117e7dcd-1ed3-4dca-b8a7-f49b35cc1722","name":"The SDR has been accepted for processing.","originalRequest":{"method":"POST","header":[{"description":"A link to the SDR schema to be used to validate the incoming E-receipt data. Currently, Spain is the only locality supported for SDR.","key":"link","value":"<http://schema.concursolutions.com/spain-sdr.schema.json>;rel=describedBy"},{"key":"Content-Type","value":"application/json"},{"description":"Added as a part of security scheme: apikey","key":"Authorization","value":"<API Key>"}],"body":{"mode":"raw","raw":"{\n  \"sdrData\": {\n    \"invoiceNumber\": \"<string>\",\n    \"invoiceType\": \"FC\",\n    \"supplierName\": \"<string>\",\n    \"supplierTaxId\": \"<string>\",\n    \"supplierAddress\": {\n      \"streetAddress\": \"<string>\",\n      \"addressLocality\": \"<string>\",\n      \"addressRegion\": \"<string>\",\n      \"addressCountry\": \"<string>\",\n      \"postalCode\": \"<string>\"\n    },\n    \"transactionDate\": \"<string>\",\n    \"issueDate\": \"<string>\",\n    \"taxes\": [\n      {\n        \"rateType\": \"superReduced\",\n        \"taxRate\": \"35.23377\",\n        \"taxBase\": \"99641.0010934\",\n        \"amount\": \"0526165.8475\"\n      }\n    ]\n  }\n}","options":{"raw":{"headerFamily":"json","language":"json"}}},"url":{"raw":"{{baseUrl}}/receipts/v4/:receiptId/sdr","host":["{{baseUrl}}"],"path":["receipts","v4",":receiptId","sdr"],"variable":[{"key":"receiptId"}]}},"status":"Accepted","code":202,"_postman_previewlanguage":"text","header":[],"cookie":[],"responseTime":null,"body":""},{"id":"443150d2-099d-460b-a042-02b40a227fb9","name":"Malformed or bad request. Fix the request parameters before trying again.","originalRequest":{"method":"POST","header":[{"description":"A link to the SDR schema to be used to validate the incoming E-receipt data. Currently, Spain is the only locality supported for SDR.","key":"link","value":"<http://schema.concursolutions.com/spain-sdr.schema.json>;rel=describedBy"},{"key":"Content-Type","value":"application/json"},{"description":"Added as a part of security scheme: apikey","key":"Authorization","value":"<API Key>"}],"body":{"mode":"raw","raw":"{\n  \"sdrData\": {\n    \"invoiceNumber\": \"<string>\",\n    \"invoiceType\": \"FC\",\n    \"supplierName\": \"<string>\",\n    \"supplierTaxId\": \"<string>\",\n    \"supplierAddress\": {\n      \"streetAddress\": \"<string>\",\n      \"addressLocality\": \"<string>\",\n      \"addressRegion\": \"<string>\",\n      \"addressCountry\": \"<string>\",\n      \"postalCode\": \"<string>\"\n    },\n    \"transactionDate\": \"<string>\",\n    \"issueDate\": \"<string>\",\n    \"taxes\": [\n      {\n        \"rateType\": \"superReduced\",\n        \"taxRate\": \"35.23377\",\n        \"taxBase\": \"99641.0010934\",\n        \"amount\": \"0526165.8475\"\n      }\n    ]\n  }\n}","options":{"raw":{"headerFamily":"json","language":"json"}}},"url":{"raw":"{{baseUrl}}/receipts/v4/:receiptId/sdr","host":["{{baseUrl}}"],"path":["receipts","v4",":receiptId","sdr"],"variable":[{"key":"receiptId"}]}},"status":"Bad Request","code":400,"_postman_previewlanguage":"text","header":[],"cookie":[],"responseTime":null,"body":""},{"id":"964375e2-14d0-441e-9a13-fc3b87161f15","name":"Callers must provide a valid JWT and/or Concur-issued X.509 client certificate","originalRequest":{"method":"POST","header":[{"description":"A link to the SDR schema to be used to validate the incoming E-receipt data. Currently, Spain is the only locality supported for SDR.","key":"link","value":"<http://schema.concursolutions.com/spain-sdr.schema.json>;rel=describedBy"},{"key":"Content-Type","value":"application/json"},{"description":"Added as a part of security scheme: apikey","key":"Authorization","value":"<API Key>"}],"body":{"mode":"raw","raw":"{\n  \"sdrData\": {\n    \"invoiceNumber\": \"<string>\",\n    \"invoiceType\": \"FC\",\n    \"supplierName\": \"<string>\",\n    \"supplierTaxId\": \"<string>\",\n    \"supplierAddress\": {\n      \"streetAddress\": \"<string>\",\n      \"addressLocality\": \"<string>\",\n      \"addressRegion\": \"<string>\",\n      \"addressCountry\": \"<string>\",\n      \"postalCode\": \"<string>\"\n    },\n    \"transactionDate\": \"<string>\",\n    \"issueDate\": \"<string>\",\n    \"taxes\": [\n      {\n        \"rateType\": \"superReduced\",\n        \"taxRate\": \"35.23377\",\n        \"taxBase\": \"99641.0010934\",\n        \"amount\": \"0526165.8475\"\n      }\n    ]\n  }\n}","options":{"raw":{"headerFamily":"json","language":"json"}}},"url":{"raw":"{{baseUrl}}/receipts/v4/:receiptId/sdr","host":["{{baseUrl}}"],"path":["receipts","v4",":receiptId","sdr"],"variable":[{"key":"receiptId"}]}},"status":"Unauthorized","code":401,"_postman_previewlanguage":"text","header":[],"cookie":[],"responseTime":null,"body":""},{"id":"7a0c0991-fb58-492b-999e-321ef301879e","name":"Caller does not have the required scope, or, depending on the type of JWT, may not have permission to access receipts for this specific user or company. In rare cases, this error code might mean that special functionality is limited to certain application","originalRequest":{"method":"POST","header":[{"description":"A link to the SDR schema to be used to validate the incoming E-receipt data. Currently, Spain is the only locality supported for SDR.","key":"link","value":"<http://schema.concursolutions.com/spain-sdr.schema.json>;rel=describedBy"},{"key":"Content-Type","value":"application/json"},{"description":"Added as a part of security scheme: apikey","key":"Authorization","value":"<API Key>"}],"body":{"mode":"raw","raw":"{\n  \"sdrData\": {\n    \"invoiceNumber\": \"<string>\",\n    \"invoiceType\": \"FC\",\n    \"supplierName\": \"<string>\",\n    \"supplierTaxId\": \"<string>\",\n    \"supplierAddress\": {\n      \"streetAddress\": \"<string>\",\n      \"addressLocality\": \"<string>\",\n      \"addressRegion\": \"<string>\",\n      \"addressCountry\": \"<string>\",\n      \"postalCode\": \"<string>\"\n    },\n    \"transactionDate\": \"<string>\",\n    \"issueDate\": \"<string>\",\n    \"taxes\": [\n      {\n        \"rateType\": \"superReduced\",\n        \"taxRate\": \"35.23377\",\n        \"taxBase\": \"99641.0010934\",\n        \"amount\": \"0526165.8475\"\n      }\n    ]\n  }\n}","options":{"raw":{"headerFamily":"json","language":"json"}}},"url":{"raw":"{{baseUrl}}/receipts/v4/:receiptId/sdr","host":["{{baseUrl}}"],"path":["receipts","v4",":receiptId","sdr"],"variable":[{"key":"receiptId"}]}},"status":"Forbidden","code":403,"_postman_previewlanguage":"text","header":[],"cookie":[],"responseTime":null,"body":""},{"id":"670a70b4-af52-44a8-a796-f91c2c90d3dd","name":"No receipt exists with this ID","originalRequest":{"method":"POST","header":[{"description":"A link to the SDR schema to be used to validate the incoming E-receipt data. Currently, Spain is the only locality supported for SDR.","key":"link","value":"<http://schema.concursolutions.com/spain-sdr.schema.json>;rel=describedBy"},{"key":"Content-Type","value":"application/json"},{"description":"Added as a part of security scheme: apikey","key":"Authorization","value":"<API Key>"}],"body":{"mode":"raw","raw":"{\n  \"sdrData\": {\n    \"invoiceNumber\": \"<string>\",\n    \"invoiceType\": \"FC\",\n    \"supplierName\": \"<string>\",\n    \"supplierTaxId\": \"<string>\",\n    \"supplierAddress\": {\n      \"streetAddress\": \"<string>\",\n      \"addressLocality\": \"<string>\",\n      \"addressRegion\": \"<string>\",\n      \"addressCountry\": \"<string>\",\n      \"postalCode\": \"<string>\"\n    },\n    \"transactionDate\": \"<string>\",\n    \"issueDate\": \"<string>\",\n    \"taxes\": [\n      {\n        \"rateType\": \"superReduced\",\n        \"taxRate\": \"35.23377\",\n        \"taxBase\": \"99641.0010934\",\n        \"amount\": \"0526165.8475\"\n      }\n    ]\n  }\n}","options":{"raw":{"headerFamily":"json","language":"json"}}},"url":{"raw":"{{baseUrl}}/receipts/v4/:receiptId/sdr","host":["{{baseUrl}}"],"path":["receipts","v4",":receiptId","sdr"],"variable":[{"key":"receiptId"}]}},"status":"Not Found","code":404,"_postman_previewlanguage":"text","header":[],"cookie":[],"responseTime":null,"body":""},{"id":"eb90ce50-bffb-4cbf-9f0a-00163e0eb650","name":"Only digitized receipts are eligible for SDR","originalRequest":{"method":"POST","header":[{"description":"A link to the SDR schema to be used to validate the incoming E-receipt data. Currently, Spain is the only locality supported for SDR.","key":"link","value":"<http://schema.concursolutions.com/spain-sdr.schema.json>;rel=describedBy"},{"key":"Content-Type","value":"application/json"},{"description":"Added as a part of security scheme: apikey","key":"Authorization","value":"<API Key>"}],"body":{"mode":"raw","raw":"{\n  \"sdrData\": {\n    \"invoiceNumber\": \"<string>\",\n    \"invoiceType\": \"FC\",\n    \"supplierName\": \"<string>\",\n    \"supplierTaxId\": \"<string>\",\n    \"supplierAddress\": {\n      \"streetAddress\": \"<string>\",\n      \"addressLocality\": \"<string>\",\n      \"addressRegion\": \"<string>\",\n      \"addressCountry\": \"<string>\",\n      \"postalCode\": \"<string>\"\n    },\n    \"transactionDate\": \"<string>\",\n    \"issueDate\": \"<string>\",\n    \"taxes\": [\n      {\n        \"rateType\": \"superReduced\",\n        \"taxRate\": \"35.23377\",\n        \"taxBase\": \"99641.0010934\",\n        \"amount\": \"0526165.8475\"\n      }\n    ]\n  }\n}","options":{"raw":{"headerFamily":"json","language":"json"}}},"url":{"raw":"{{baseUrl}}/receipts/v4/:receiptId/sdr","host":["{{baseUrl}}"],"path":["receipts","v4",":receiptId","sdr"],"variable":[{"key":"receiptId"}]}},"status":"Unprocessable Entity (WebDAV) (RFC 4918)","code":422,"_postman_previewlanguage":"text","header":[],"cookie":[],"responseTime":null,"body":""}]}],"id":"b194ede6-4643-41ac-ae51-26373454b4de"},{"name":"Receipt by ID","id":"a6c29fa2-c666-46f7-8729-c9fd0269ef29","protocolProfileBehavior":{"disableBodyPruning":true},"request":{"method":"GET","header":[{"key":"Accept","value":"application/json"}],"url":{"raw":"{{baseUrl}}/receipts/v4/:receiptId","host":["{{baseUrl}}"],"path":["receipts","v4",":receiptId"],"variable":[{"id":"38b3e226-20ba-4021-b9e1-17f1a4775d87","key":"receiptId","value":"<string>"}]},"description":"Get an individual receipt by receiptId."},"response":[{"id":"ae021701-b1b1-4375-be28-9e5620d6e4e3","name":"JSON representing an E-receipt and its associated metadata.","originalRequest":{"method":"GET","header":[{"key":"Accept","value":"application/json"},{"description":"Added as a part of security scheme: apikey","key":"Authorization","value":"<API Key>"}],"url":{"raw":"{{baseUrl}}/receipts/v4/:receiptId","host":["{{baseUrl}}"],"path":["receipts","v4",":receiptId"],"variable":[{"key":"receiptId"}]}},"status":"OK","code":200,"_postman_previewlanguage":"json","header":[{"key":"Content-Type","value":"application/json"}],"cookie":[],"responseTime":null,"body":"{\n  \"modifiedAt\": \"<string>\",\n  \"companyId\": \"<string>\",\n  \"dateTimeReceived\": \"<string>\",\n  \"entityId\": \"<string>\",\n  \"validationSchema\": \"http://schema.concursolutions.com/air-receipt.schema.json\",\n  \"receipt\": {},\n  \"image\": \"<string>\",\n  \"userId\": \"<string>\",\n  \"id\": \"<string>\",\n  \"digitizationStatus\": \"FAILED\",\n  \"forwardId\": {},\n  \"self\": \"<string>\",\n  \"template\": \"<string>\"\n}"},{"id":"1bc78d3b-ff24-459b-b8c3-558a046d424a","name":"Callers must provide a valid JWT and/or Concur-issued X.509 client certificate","originalRequest":{"method":"GET","header":[{"description":"Added as a part of security scheme: apikey","key":"Authorization","value":"<API Key>"}],"url":{"raw":"{{baseUrl}}/receipts/v4/:receiptId","host":["{{baseUrl}}"],"path":["receipts","v4",":receiptId"],"variable":[{"key":"receiptId"}]}},"status":"Unauthorized","code":401,"_postman_previewlanguage":"text","header":[],"cookie":[],"responseTime":null,"body":""},{"id":"4fd6c4d8-dec5-45a5-9f7f-317d614e13d3","name":"Caller does not have the required scope, or, depending on the type of JWT, may not have permission to access receipts for this specific user or company. In rare cases, this error code might mean that special functionality is limited to certain application","originalRequest":{"method":"GET","header":[{"description":"Added as a part of security scheme: apikey","key":"Authorization","value":"<API Key>"}],"url":{"raw":"{{baseUrl}}/receipts/v4/:receiptId","host":["{{baseUrl}}"],"path":["receipts","v4",":receiptId"],"variable":[{"key":"receiptId"}]}},"status":"Forbidden","code":403,"_postman_previewlanguage":"text","header":[],"cookie":[],"responseTime":null,"body":""},{"id":"56266cc4-bf09-4f47-b5d7-b5f5c954b6dd","name":"No receipt exists with this ID","originalRequest":{"method":"GET","header":[{"description":"Added as a part of security scheme: apikey","key":"Authorization","value":"<API Key>"}],"url":{"raw":"{{baseUrl}}/receipts/v4/:receiptId","host":["{{baseUrl}}"],"path":["receipts","v4",":receiptId"],"variable":[{"key":"receiptId"}]}},"status":"Not Found","code":404,"_postman_previewlanguage":"text","header":[],"cookie":[],"responseTime":null,"body":""}]}],"id":"37c5a282-47f1-4ce9-8a90-b58149e56402"},{"name":"digitizedImages","item":[{"name":"Digitized image by alternate query parameters","id":"e1fb2838-dbce-4fe4-bc4b-d8afd8624e1c","protocolProfileBehavior":{"disableBodyPruning":true},"request":{"method":"GET","header":[],"url":{"raw":"{{baseUrl}}/receipts/v4/digitizedImages?forwardId=<string>","host":["{{baseUrl}}"],"path":["receipts","v4","digitizedImages"],"query":[{"key":"forwardId","value":"<string>","description":"The forwardId submitted along with the original receipt POST request"}]},"description":"Get a digitized receipt image. These digitized images are the result of special processing and comply with legal regulations in certain jurisdictions. This route is an alternative method for retrieving a digitized image, and should only be used if the caller does not have access to the receiptId associated with the image."},"response":[{"id":"04cad0ca-658d-4db7-a82c-44b790b93cc0","name":"The digitized (certified) copy of the image, complete with any accompanying PDF metadata","originalRequest":{"method":"GET","header":[{"description":"Added as a part of security scheme: apikey","key":"Authorization","value":"<API Key>"}],"url":{"raw":"{{baseUrl}}/receipts/v4/digitizedImages?forwardId=<string>","host":["{{baseUrl}}"],"path":["receipts","v4","digitizedImages"],"query":[{"description":"The forwardId submitted along with the original receipt POST request","key":"forwardId","value":"<string>"}]}},"status":"OK","code":200,"_postman_previewlanguage":"text","header":[],"cookie":[],"responseTime":null,"body":""},{"id":"5074701b-c1fd-46e8-9e9c-00c491139d13","name":"Callers must provide a valid JWT and/or Concur-issued X.509 client certificate","originalRequest":{"method":"GET","header":[{"description":"Added as a part of security scheme: apikey","key":"Authorization","value":"<API Key>"}],"url":{"raw":"{{baseUrl}}/receipts/v4/digitizedImages?forwardId=<string>","host":["{{baseUrl}}"],"path":["receipts","v4","digitizedImages"],"query":[{"description":"The forwardId submitted along with the original receipt POST request","key":"forwardId","value":"<string>"}]}},"status":"Unauthorized","code":401,"_postman_previewlanguage":"text","header":[],"cookie":[],"responseTime":null,"body":""},{"id":"597cbb14-dcca-4222-be0e-67d5294d154a","name":"Caller does not have the required scope, or, depending on the type of JWT, may not have permission to access receipts for this specific user or company. In rare cases, this error code might mean that special functionality is limited to certain application","originalRequest":{"method":"GET","header":[{"description":"Added as a part of security scheme: apikey","key":"Authorization","value":"<API Key>"}],"url":{"raw":"{{baseUrl}}/receipts/v4/digitizedImages?forwardId=<string>","host":["{{baseUrl}}"],"path":["receipts","v4","digitizedImages"],"query":[{"description":"The forwardId submitted along with the original receipt POST request","key":"forwardId","value":"<string>"}]}},"status":"Forbidden","code":403,"_postman_previewlanguage":"text","header":[],"cookie":[],"responseTime":null,"body":""},{"id":"3718df4b-555d-4021-830f-f68e3d7c5548","name":"No v4 receipt image exists for this receiptId","originalRequest":{"method":"GET","header":[{"description":"Added as a part of security scheme: apikey","key":"Authorization","value":"<API Key>"}],"url":{"raw":"{{baseUrl}}/receipts/v4/digitizedImages?forwardId=<string>","host":["{{baseUrl}}"],"path":["receipts","v4","digitizedImages"],"query":[{"description":"The forwardId submitted along with the original receipt POST request","key":"forwardId","value":"<string>"}]}},"status":"Not Found","code":404,"_postman_previewlanguage":"text","header":[],"cookie":[],"responseTime":null,"body":""}]}],"id":"5b63a002-7a51-486d-a010-06a66879e835"},{"name":"image-only-receipts","item":[{"name":"{receiptId}","item":[{"name":"image","item":[{"name":"Image by ID","id":"62c40ff6-edf1-4e67-b756-ec016bfd669b","protocolProfileBehavior":{"disableBodyPruning":true},"request":{"method":"GET","header":[],"url":{"raw":"{{baseUrl}}/receipts/v4/image-only-receipts/:receiptId/image","host":["{{baseUrl}}"],"path":["receipts","v4","image-only-receipts",":receiptId","image"],"variable":[{"id":"436ce5eb-6431-48da-90ec-b41437028ba0","key":"receiptId","value":"<string>"}]},"description":"Get the image file for a given receiptId"},"response":[{"id":"6e139e52-6df0-45af-b186-87c8e945d0d1","name":"The v4 image file associated with the receiptId. This is not the Imaging Service copy of the image but might be visually similar.","originalRequest":{"method":"GET","header":[{"description":"Added as a part of security scheme: apikey","key":"Authorization","value":"<API Key>"}],"url":{"raw":"{{baseUrl}}/receipts/v4/image-only-receipts/:receiptId/image","host":["{{baseUrl}}"],"path":["receipts","v4","image-only-receipts",":receiptId","image"],"variable":[{"key":"receiptId"}]}},"status":"OK","code":200,"_postman_previewlanguage":"text","header":[],"cookie":[],"responseTime":null,"body":""},{"id":"8938ea21-3167-47e4-b3c1-42bea3db0682","name":"Callers must provide a valid JWT and/or Concur-issued X.509 client certificate","originalRequest":{"method":"GET","header":[{"description":"Added as a part of security scheme: apikey","key":"Authorization","value":"<API Key>"}],"url":{"raw":"{{baseUrl}}/receipts/v4/image-only-receipts/:receiptId/image","host":["{{baseUrl}}"],"path":["receipts","v4","image-only-receipts",":receiptId","image"],"variable":[{"key":"receiptId"}]}},"status":"Unauthorized","code":401,"_postman_previewlanguage":"text","header":[],"cookie":[],"responseTime":null,"body":""},{"id":"81641a5d-a134-47dd-9924-42327bc9aa10","name":"Caller does not have the required scope, or, depending on the type of JWT, may not have permission to access receipts for this specific user or company. In rare cases, this error code might mean that special functionality is limited to certain application","originalRequest":{"method":"GET","header":[{"description":"Added as a part of security scheme: apikey","key":"Authorization","value":"<API Key>"}],"url":{"raw":"{{baseUrl}}/receipts/v4/image-only-receipts/:receiptId/image","host":["{{baseUrl}}"],"path":["receipts","v4","image-only-receipts",":receiptId","image"],"variable":[{"key":"receiptId"}]}},"status":"Forbidden","code":403,"_postman_previewlanguage":"text","header":[],"cookie":[],"responseTime":null,"body":""},{"id":"f4377566-4840-45c8-aa57-851f9b908fe9","name":"No v4 receipt image exists for this receiptId","originalRequest":{"method":"GET","header":[{"description":"Added as a part of security scheme: apikey","key":"Authorization","value":"<API Key>"}],"url":{"raw":"{{baseUrl}}/receipts/v4/image-only-receipts/:receiptId/image","host":["{{baseUrl}}"],"path":["receipts","v4","image-only-receipts",":receiptId","image"],"variable":[{"key":"receiptId"}]}},"status":"Not Found","code":404,"_postman_previewlanguage":"text","header":[],"cookie":[],"responseTime":null,"body":""}]}],"id":"e0f4dd14-fc84-4301-84b4-0b1c79970b70"},{"name":"Image-only receipt by ID","id":"50a67fde-d11e-4bac-8382-f791cd89185b","protocolProfileBehavior":{"disableBodyPruning":true},"request":{"method":"GET","header":[{"key":"Accept","value":"application/json"}],"url":{"raw":"{{baseUrl}}/receipts/v4/image-only-receipts/:receiptId","host":["{{baseUrl}}"],"path":["receipts","v4","image-only-receipts",":receiptId"],"variable":[{"id":"17fe2211-fb77-4564-959d-1afbd754a2f6","key":"receiptId","value":"<string>"}]},"description":"Get an individual image-only receipt by receiptId."},"response":[{"id":"48965753-f50a-463a-abd9-65e5a8cc1ab9","name":"JSON representing a receipt and its associated metadata.","originalRequest":{"method":"GET","header":[{"key":"Accept","value":"application/json"},{"description":"Added as a part of security scheme: apikey","key":"Authorization","value":"<API Key>"}],"url":{"raw":"{{baseUrl}}/receipts/v4/image-only-receipts/:receiptId","host":["{{baseUrl}}"],"path":["receipts","v4","image-only-receipts",":receiptId"],"variable":[{"key":"receiptId"}]}},"status":"OK","code":200,"_postman_previewlanguage":"json","header":[{"key":"Content-Type","value":"application/json"}],"cookie":[],"responseTime":null,"body":"{\n  \"modifiedAt\": \"<string>\",\n  \"companyId\": \"<string>\",\n  \"dateTimeReceived\": \"<string>\",\n  \"entityId\": \"<string>\",\n  \"digitizationData\": {\n    \"captureMethod\": \"expenseItCapture\",\n    \"hashCode\": \"<string>\"\n  },\n  \"image\": \"<string>\",\n  \"userId\": \"<string>\",\n  \"id\": \"<string>\",\n  \"digitizationStatus\": \"FAILED\",\n  \"forwardId\": {},\n  \"self\": \"<string>\",\n  \"template\": \"<string>\"\n}"},{"id":"72580c68-b0c7-4076-9658-263daf92ee2b","name":"Callers must provide a valid JWT and/or Concur-issued X.509 client certificate","originalRequest":{"method":"GET","header":[{"description":"Added as a part of security scheme: apikey","key":"Authorization","value":"<API Key>"}],"url":{"raw":"{{baseUrl}}/receipts/v4/image-only-receipts/:receiptId","host":["{{baseUrl}}"],"path":["receipts","v4","image-only-receipts",":receiptId"],"variable":[{"key":"receiptId"}]}},"status":"Unauthorized","code":401,"_postman_previewlanguage":"text","header":[],"cookie":[],"responseTime":null,"body":""},{"id":"6208ef94-c2ca-4f10-973a-a505f51aa4d0","name":"The caller does not have permission to perform the intended action.","originalRequest":{"method":"GET","header":[{"description":"Added as a part of security scheme: apikey","key":"Authorization","value":"<API Key>"}],"url":{"raw":"{{baseUrl}}/receipts/v4/image-only-receipts/:receiptId","host":["{{baseUrl}}"],"path":["receipts","v4","image-only-receipts",":receiptId"],"variable":[{"key":"receiptId"}]}},"status":"Forbidden","code":403,"_postman_previewlanguage":"text","header":[],"cookie":[],"responseTime":null,"body":""},{"id":"adf2cbbe-0a92-45c3-9126-68d7cb8504af","name":"No receipt exists with this ID","originalRequest":{"method":"GET","header":[{"description":"Added as a part of security scheme: apikey","key":"Authorization","value":"<API Key>"}],"url":{"raw":"{{baseUrl}}/receipts/v4/image-only-receipts/:receiptId","host":["{{baseUrl}}"],"path":["receipts","v4","image-only-receipts",":receiptId"],"variable":[{"key":"receiptId"}]}},"status":"Not Found","code":404,"_postman_previewlanguage":"text","header":[],"cookie":[],"responseTime":null,"body":""}]}],"id":"cfd325cb-0410-4d7f-9284-1a7893d37860"}],"id":"9e6ffad5-38d6-4188-aa6d-d05dda8ce11b"},{"name":"sdrExtracts","item":[{"name":"SDR extract","id":"b8024a59-7b64-4fb6-8f03-32b101d55df7","protocolProfileBehavior":{"disableBodyPruning":true},"request":{"method":"GET","header":[],"url":{"raw":"{{baseUrl}}/receipts/v4/sdrExtracts?company-id=<string>&fiscal-period=<string>","host":["{{baseUrl}}"],"path":["receipts","v4","sdrExtracts"],"query":[{"key":"company-id","value":"<string>","description":"(Required) Company UUID"},{"key":"fiscal-period","value":"<string>","description":"(Required) One month fiscal period in the format YYYY-MM"}]},"description":"Get a compressed extract file containing all SDR records for a given company from a one-month fiscal period. Extracts are generated at the end of each month."},"response":[{"id":"b4ecf9cf-e09e-457b-84c5-2f1f3f924055","name":"Zip file containing all SDR records for the company during the specified fiscal period","originalRequest":{"method":"GET","header":[{"description":"Added as a part of security scheme: apikey","key":"Authorization","value":"<API Key>"}],"url":{"raw":"{{baseUrl}}/receipts/v4/sdrExtracts?company-id=<string>&fiscal-period=<string>","host":["{{baseUrl}}"],"path":["receipts","v4","sdrExtracts"],"query":[{"description":"(Required) Company UUID","key":"company-id","value":"<string>"},{"description":"(Required) One month fiscal period in the format YYYY-MM","key":"fiscal-period","value":"<string>"}]}},"status":"OK","code":200,"_postman_previewlanguage":"text","header":[],"cookie":[],"responseTime":null,"body":""},{"id":"ddc90be3-4a1a-4c41-8165-f235ab1ddbcc","name":"Callers must provide a valid JWT and/or Concur-issued X.509 client certificate","originalRequest":{"method":"GET","header":[{"description":"Added as a part of security scheme: apikey","key":"Authorization","value":"<API Key>"}],"url":{"raw":"{{baseUrl}}/receipts/v4/sdrExtracts?company-id=<string>&fiscal-period=<string>","host":["{{baseUrl}}"],"path":["receipts","v4","sdrExtracts"],"query":[{"description":"(Required) Company UUID","key":"company-id","value":"<string>"},{"description":"(Required) One month fiscal period in the format YYYY-MM","key":"fiscal-period","value":"<string>"}]}},"status":"Unauthorized","code":401,"_postman_previewlanguage":"text","header":[],"cookie":[],"responseTime":null,"body":""},{"id":"1b10a4c7-a3e3-4998-84de-5441fe454606","name":"Caller does not have the required scope, or, depending on the type of JWT, may not have permission to access receipts for this specific user or company. In rare cases, this error code might mean that special functionality is limited to certain application","originalRequest":{"method":"GET","header":[{"description":"Added as a part of security scheme: apikey","key":"Authorization","value":"<API Key>"}],"url":{"raw":"{{baseUrl}}/receipts/v4/sdrExtracts?company-id=<string>&fiscal-period=<string>","host":["{{baseUrl}}"],"path":["receipts","v4","sdrExtracts"],"query":[{"description":"(Required) Company UUID","key":"company-id","value":"<string>"},{"description":"(Required) One month fiscal period in the format YYYY-MM","key":"fiscal-period","value":"<string>"}]}},"status":"Forbidden","code":403,"_postman_previewlanguage":"text","header":[],"cookie":[],"responseTime":null,"body":""},{"id":"95c16113-d3cd-4d42-8d9d-2c4768deb1a5","name":"No extract found for this company and fiscal period. If no SDRs were generated for this company during the fiscal period, then no extract will be generated for that company.","originalRequest":{"method":"GET","header":[{"description":"Added as a part of security scheme: apikey","key":"Authorization","value":"<API Key>"}],"url":{"raw":"{{baseUrl}}/receipts/v4/sdrExtracts?company-id=<string>&fiscal-period=<string>","host":["{{baseUrl}}"],"path":["receipts","v4","sdrExtracts"],"query":[{"description":"(Required) Company UUID","key":"company-id","value":"<string>"},{"description":"(Required) One month fiscal period in the format YYYY-MM","key":"fiscal-period","value":"<string>"}]}},"status":"Not Found","code":404,"_postman_previewlanguage":"text","header":[],"cookie":[],"responseTime":null,"body":""}]}],"id":"d939c2c8-eee7-4bc6-8bcf-759abb732a9f"},{"name":"users","item":[{"name":"{userId}","item":[{"name":"image-only-receipts","item":[{"name":"{state}","item":[{"name":"Receipts for a user by state","id":"edccde24-88f2-4d85-927a-d9a2dc0cb81a","protocolProfileBehavior":{"disableBodyPruning":true},"request":{"method":"GET","header":[{"key":"Accept","value":"application/json"}],"url":{"raw":"{{baseUrl}}/receipts/v4/users/:userId/image-only-receipts/:state","host":["{{baseUrl}}"],"path":["receipts","v4","users",":userId","image-only-receipts",":state"],"variable":[{"id":"657bef32-aaf3-47ef-a200-5a871c5cdd27","key":"userId","value":"<string>"},{"id":"99d5a34a-07ea-415b-9b09-b35ff78c17fd","key":"state","value":"consumed"}]},"description":"Get all v4 image-only receipts for a single user with a certain state. Valid states are consumable (not attached to an expense report), consumed (attached), and discarded (deleted by the user). Maximum 50 receipts per page. If there are more results after the first page, a next page link will be provided in the results.  Calling that link will retrieve the next page of receipts."},"response":[{"id":"7a235e1d-f925-455c-ad4e-6e7ed0eab39b","name":"JSON representing the receipts owned by this user. If no receipts are found for this user, an empty array of receipts is returned.","originalRequest":{"method":"GET","header":[{"key":"Accept","value":"application/json"},{"description":"Added as a part of security scheme: apikey","key":"Authorization","value":"<API Key>"}],"url":{"raw":"{{baseUrl}}/receipts/v4/users/:userId/image-only-receipts/:state","host":["{{baseUrl}}"],"path":["receipts","v4","users",":userId","image-only-receipts",":state"],"variable":[{"key":"userId"},{"key":"state"}]}},"status":"OK","code":200,"_postman_previewlanguage":"json","header":[{"key":"Content-Type","value":"application/json"}],"cookie":[],"responseTime":null,"body":"{\n  \"imageOnlyReceipts\": [\n    {\n      \"modifiedAt\": \"<string>\",\n      \"companyId\": \"<string>\",\n      \"dateTimeReceived\": \"<string>\",\n      \"entityId\": \"<string>\",\n      \"validationSchema\": \"http://schema.concursolutions.com/ground-transport-receipt.schema.json\",\n      \"receipt\": {},\n      \"image\": \"<string>\",\n      \"userId\": \"<string>\",\n      \"id\": \"<string>\",\n      \"digitizationStatus\": \"FAILED\",\n      \"forwardId\": {},\n      \"self\": \"<string>\",\n      \"template\": \"<string>\"\n    },\n    {\n      \"modifiedAt\": \"<string>\",\n      \"companyId\": \"<string>\",\n      \"dateTimeReceived\": \"<string>\",\n      \"entityId\": \"<string>\",\n      \"validationSchema\": \"http://schema.concursolutions.com/ground-transport-receipt.schema.json\",\n      \"receipt\": {},\n      \"image\": \"<string>\",\n      \"userId\": \"<string>\",\n      \"id\": \"<string>\",\n      \"digitizationStatus\": \"PROCESSED\",\n      \"forwardId\": {},\n      \"self\": \"<string>\",\n      \"template\": \"<string>\"\n    }\n  ],\n  \"next\": \"<string>\"\n}"},{"id":"7ffbbc7a-e73c-4734-804b-5ba3fd211658","name":"Callers must provide a valid JWT and/or Concur-issued X.509 client certificate","originalRequest":{"method":"GET","header":[{"description":"Added as a part of security scheme: apikey","key":"Authorization","value":"<API Key>"}],"url":{"raw":"{{baseUrl}}/receipts/v4/users/:userId/image-only-receipts/:state","host":["{{baseUrl}}"],"path":["receipts","v4","users",":userId","image-only-receipts",":state"],"variable":[{"key":"userId"},{"key":"state"}]}},"status":"Unauthorized","code":401,"_postman_previewlanguage":"text","header":[],"cookie":[],"responseTime":null,"body":""},{"id":"123ab26a-a000-4831-9b27-7c7036cd3e96","name":"Caller does not have the required scope, or, depending on the type of JWT, may not have permission to access receipts for this specific user or company. In rare cases, this error code might mean that special functionality is limited to certain application","originalRequest":{"method":"GET","header":[{"description":"Added as a part of security scheme: apikey","key":"Authorization","value":"<API Key>"}],"url":{"raw":"{{baseUrl}}/receipts/v4/users/:userId/image-only-receipts/:state","host":["{{baseUrl}}"],"path":["receipts","v4","users",":userId","image-only-receipts",":state"],"variable":[{"key":"userId"},{"key":"state"}]}},"status":"Forbidden","code":403,"_postman_previewlanguage":"text","header":[],"cookie":[],"responseTime":null,"body":""}]}],"id":"06ecd116-b79e-4e14-8067-00e48c543fdd"},{"name":"Image-only receipts by userId","id":"c3c7ddad-2253-43b7-b652-ae6ddcc1a0aa","protocolProfileBehavior":{"disableBodyPruning":true},"request":{"method":"GET","header":[{"key":"Accept","value":"application/json"}],"url":{"raw":"{{baseUrl}}/receipts/v4/users/:userId/image-only-receipts","host":["{{baseUrl}}"],"path":["receipts","v4","users",":userId","image-only-receipts"],"variable":[{"id":"78017218-0597-4188-ba65-b5af52e266df","key":"userId","value":"<string>"}]},"description":"Get all v4 image-only receipts for a single user. Maximum 50 receipts per page. If there are more results after the first page, a next page link will be provided in the results. Calling that link will retrieve the next page of receipts."},"response":[{"id":"94660434-3b91-427e-84e5-ab59a53e6eaa","name":"JSON representing the image-only receipts owned by this user. If no receipts are found for this user, an empty array of receipts is returned.","originalRequest":{"method":"GET","header":[{"key":"Accept","value":"application/json"},{"description":"Added as a part of security scheme: apikey","key":"Authorization","value":"<API Key>"}],"url":{"raw":"{{baseUrl}}/receipts/v4/users/:userId/image-only-receipts","host":["{{baseUrl}}"],"path":["receipts","v4","users",":userId","image-only-receipts"],"variable":[{"key":"userId"}]}},"status":"OK","code":200,"_postman_previewlanguage":"json","header":[{"key":"Content-Type","value":"application/json"}],"cookie":[],"responseTime":null,"body":"{\n  \"imageOnlyReceipts\": [\n    {\n      \"modifiedAt\": \"<string>\",\n      \"companyId\": \"<string>\",\n      \"dateTimeReceived\": \"<string>\",\n      \"entityId\": \"<string>\",\n      \"digitizationData\": {\n        \"captureMethod\": \"expenseItCapture\",\n        \"hashCode\": \"<string>\"\n      },\n      \"image\": \"<string>\",\n      \"userId\": \"<string>\",\n      \"id\": \"<string>\",\n      \"digitizationStatus\": \"ACCEPTED\",\n      \"forwardId\": {},\n      \"self\": \"<string>\",\n      \"template\": \"<string>\"\n    },\n    {\n      \"modifiedAt\": \"<string>\",\n      \"companyId\": \"<string>\",\n      \"dateTimeReceived\": \"<string>\",\n      \"entityId\": \"<string>\",\n      \"digitizationData\": {\n        \"captureMethod\": \"mobileCapture\",\n        \"hashCode\": \"<string>\"\n      },\n      \"image\": \"<string>\",\n      \"userId\": \"<string>\",\n      \"id\": \"<string>\",\n      \"digitizationStatus\": \"ACCEPTED\",\n      \"forwardId\": {},\n      \"self\": \"<string>\",\n      \"template\": \"<string>\"\n    }\n  ],\n  \"next\": \"<string>\"\n}"},{"id":"1e70df1b-f6d8-40fe-b42b-595237136945","name":"Callers must provide a valid JWT and/or Concur-issued X.509 client certificate","originalRequest":{"method":"GET","header":[{"description":"Added as a part of security scheme: apikey","key":"Authorization","value":"<API Key>"}],"url":{"raw":"{{baseUrl}}/receipts/v4/users/:userId/image-only-receipts","host":["{{baseUrl}}"],"path":["receipts","v4","users",":userId","image-only-receipts"],"variable":[{"key":"userId"}]}},"status":"Unauthorized","code":401,"_postman_previewlanguage":"text","header":[],"cookie":[],"responseTime":null,"body":""},{"id":"5d4ca6c1-97d3-46b5-89d6-dcf8653a2221","name":"Caller does not have the required scope, or, depending on the type of JWT, may not have permission to access receipts for this specific user or company. In rare cases, this error code might mean that special functionality is limited to certain application","originalRequest":{"method":"GET","header":[{"description":"Added as a part of security scheme: apikey","key":"Authorization","value":"<API Key>"}],"url":{"raw":"{{baseUrl}}/receipts/v4/users/:userId/image-only-receipts","host":["{{baseUrl}}"],"path":["receipts","v4","users",":userId","image-only-receipts"],"variable":[{"key":"userId"}]}},"status":"Forbidden","code":403,"_postman_previewlanguage":"text","header":[],"cookie":[],"responseTime":null,"body":""}]},{"name":"New image-only receipt","id":"4576e484-8f5e-4426-852b-e0d5046f0e14","protocolProfileBehavior":{"disableBodyPruning":true},"request":{"method":"POST","header":[{"key":"Content-Type","value":"multipart/form-data"}],"body":{"mode":"formdata","formdata":[{"description":"(Required) The receipt image","key":"image","value":"<string>","type":"text"},{"description":"Metadata about the capture of a paper receipt. Required for special GRDC processing rules to take effect. This parameter should be JSON. Please see the model for clientData for more details.","key":"clientData","value":"<string>","type":"text"},{"description":"A user provided string of up to 40 characters used to identify a receipt submission. Should be unique from the  perspective of the client application. If a receipt is submitted with a forwardId that already exists in the system for that particular client, the request will be rejected with a 304 Not Modified response. This helps prevent duplicate receipt submissions from mobile clients.","key":"forwardId","value":"<string>","type":"text"}]},"url":{"raw":"{{baseUrl}}/receipts/v4/users/:userId/image-only-receipts","host":["{{baseUrl}}"],"path":["receipts","v4","users",":userId","image-only-receipts"],"variable":[{"id":"1258064f-ba98-4689-a144-95b9681a71e6","key":"userId","value":"<string>"}]},"description":"Create a new image-only receipt. Image-only receipts consist of an image without the JSON data that is included with E-receipts."},"response":[{"id":"58662c41-2a3a-4b70-80e9-c948a22aa0a7","name":"The receipt has been accepted and will be processed soon.","originalRequest":{"method":"POST","header":[{"key":"Content-Type","value":"multipart/form-data"},{"description":"Added as a part of security scheme: apikey","key":"Authorization","value":"<API Key>"}],"body":{"mode":"formdata","formdata":[{"description":"(Required) The receipt image","key":"image","value":"<string>","type":"text"},{"description":"Metadata about the capture of a paper receipt. Required for special GRDC processing rules to take effect. This parameter should be JSON. Please see the model for clientData for more details.","key":"clientData","value":"<string>","type":"text"},{"description":"A user provided string of up to 40 characters used to identify a receipt submission. Should be unique from the  perspective of the client application. If a receipt is submitted with a forwardId that already exists in the system for that particular client, the request will be rejected with a 304 Not Modified response. This helps prevent duplicate receipt submissions from mobile clients.","key":"forwardId","value":"<string>","type":"text"}]},"url":{"raw":"{{baseUrl}}/receipts/v4/users/:userId/image-only-receipts","host":["{{baseUrl}}"],"path":["receipts","v4","users",":userId","image-only-receipts"],"variable":[{"key":"userId"}]}},"status":"Accepted","code":202,"_postman_previewlanguage":"text","header":[{"disabled":false,"description":{"content":"The URL location of the receipt. This link will return a 404 until the receipt has finished processing. After the receipt has finished processing, the receipt data will be available at this URL.","type":"text/plain"},"key":"Location","value":"<string>"},{"disabled":false,"description":{"content":"Contains a link to status information about the receipt. Receipt processing happens asynchronously, so calling this link can provide information about the receipt if it has not yet shown up at the URL from the Location header.","type":"text/plain"},"key":"Link","value":"<string>"}],"cookie":[],"responseTime":null,"body":""},{"id":"26b176bb-bf87-4a84-9088-6abb3251b1c9","name":"The forwardId provided was already present in the system, indicating a duplicate receipt submission.","originalRequest":{"method":"POST","header":[{"key":"Content-Type","value":"multipart/form-data"},{"description":"Added as a part of security scheme: apikey","key":"Authorization","value":"<API Key>"}],"body":{"mode":"formdata","formdata":[{"description":"(Required) The receipt image","key":"image","value":"<string>","type":"text"},{"description":"Metadata about the capture of a paper receipt. Required for special GRDC processing rules to take effect. This parameter should be JSON. Please see the model for clientData for more details.","key":"clientData","value":"<string>","type":"text"},{"description":"A user provided string of up to 40 characters used to identify a receipt submission. Should be unique from the  perspective of the client application. If a receipt is submitted with a forwardId that already exists in the system for that particular client, the request will be rejected with a 304 Not Modified response. This helps prevent duplicate receipt submissions from mobile clients.","key":"forwardId","value":"<string>","type":"text"}]},"url":{"raw":"{{baseUrl}}/receipts/v4/users/:userId/image-only-receipts","host":["{{baseUrl}}"],"path":["receipts","v4","users",":userId","image-only-receipts"],"variable":[{"key":"userId"}]}},"status":"Not Modified","code":304,"_postman_previewlanguage":"text","header":[],"cookie":[],"responseTime":null,"body":""},{"id":"541708bf-ffe3-49bf-aac6-b36f7af4c4f4","name":"Bad request. The request was malformed or lacked required fields.","originalRequest":{"method":"POST","header":[{"key":"Content-Type","value":"multipart/form-data"},{"description":"Added as a part of security scheme: apikey","key":"Authorization","value":"<API Key>"}],"body":{"mode":"formdata","formdata":[{"description":"(Required) The receipt image","key":"image","value":"<string>","type":"text"},{"description":"Metadata about the capture of a paper receipt. Required for special GRDC processing rules to take effect. This parameter should be JSON. Please see the model for clientData for more details.","key":"clientData","value":"<string>","type":"text"},{"description":"A user provided string of up to 40 characters used to identify a receipt submission. Should be unique from the  perspective of the client application. If a receipt is submitted with a forwardId that already exists in the system for that particular client, the request will be rejected with a 304 Not Modified response. This helps prevent duplicate receipt submissions from mobile clients.","key":"forwardId","value":"<string>","type":"text"}]},"url":{"raw":"{{baseUrl}}/receipts/v4/users/:userId/image-only-receipts","host":["{{baseUrl}}"],"path":["receipts","v4","users",":userId","image-only-receipts"],"variable":[{"key":"userId"}]}},"status":"Bad Request","code":400,"_postman_previewlanguage":"text","header":[],"cookie":[],"responseTime":null,"body":""},{"id":"5b11f024-1332-47af-90c1-60714dc2804d","name":"Callers must provide a valid JWT and/or Concur-issued X.509 client certificate","originalRequest":{"method":"POST","header":[{"key":"Content-Type","value":"multipart/form-data"},{"description":"Added as a part of security scheme: apikey","key":"Authorization","value":"<API Key>"}],"body":{"mode":"formdata","formdata":[{"description":"(Required) The receipt image","key":"image","value":"<string>","type":"text"},{"description":"Metadata about the capture of a paper receipt. Required for special GRDC processing rules to take effect. This parameter should be JSON. Please see the model for clientData for more details.","key":"clientData","value":"<string>","type":"text"},{"description":"A user provided string of up to 40 characters used to identify a receipt submission. Should be unique from the  perspective of the client application. If a receipt is submitted with a forwardId that already exists in the system for that particular client, the request will be rejected with a 304 Not Modified response. This helps prevent duplicate receipt submissions from mobile clients.","key":"forwardId","value":"<string>","type":"text"}]},"url":{"raw":"{{baseUrl}}/receipts/v4/users/:userId/image-only-receipts","host":["{{baseUrl}}"],"path":["receipts","v4","users",":userId","image-only-receipts"],"variable":[{"key":"userId"}]}},"status":"Unauthorized","code":401,"_postman_previewlanguage":"text","header":[],"cookie":[],"responseTime":null,"body":""},{"id":"c00f3e11-3c55-4ff6-9748-8683385a3989","name":"Caller does not have the required scope, or, depending on the type of JWT, may not have permission to access receipts for this specific user or company. In rare cases, this error code might mean that special functionality is limited to certain application","originalRequest":{"method":"POST","header":[{"key":"Content-Type","value":"multipart/form-data"},{"description":"Added as a part of security scheme: apikey","key":"Authorization","value":"<API Key>"}],"body":{"mode":"formdata","formdata":[{"description":"(Required) The receipt image","key":"image","value":"<string>","type":"text"},{"description":"Metadata about the capture of a paper receipt. Required for special GRDC processing rules to take effect. This parameter should be JSON. Please see the model for clientData for more details.","key":"clientData","value":"<string>","type":"text"},{"description":"A user provided string of up to 40 characters used to identify a receipt submission. Should be unique from the  perspective of the client application. If a receipt is submitted with a forwardId that already exists in the system for that particular client, the request will be rejected with a 304 Not Modified response. This helps prevent duplicate receipt submissions from mobile clients.","key":"forwardId","value":"<string>","type":"text"}]},"url":{"raw":"{{baseUrl}}/receipts/v4/users/:userId/image-only-receipts","host":["{{baseUrl}}"],"path":["receipts","v4","users",":userId","image-only-receipts"],"variable":[{"key":"userId"}]}},"status":"Forbidden","code":403,"_postman_previewlanguage":"text","header":[],"cookie":[],"responseTime":null,"body":""},{"id":"dca1eb91-8f7f-475c-a360-74eae8e3c170","name":"The uploaded file was too large","originalRequest":{"method":"POST","header":[{"key":"Content-Type","value":"multipart/form-data"},{"description":"Added as a part of security scheme: apikey","key":"Authorization","value":"<API Key>"}],"body":{"mode":"formdata","formdata":[{"description":"(Required) The receipt image","key":"image","value":"<string>","type":"text"},{"description":"Metadata about the capture of a paper receipt. Required for special GRDC processing rules to take effect. This parameter should be JSON. Please see the model for clientData for more details.","key":"clientData","value":"<string>","type":"text"},{"description":"A user provided string of up to 40 characters used to identify a receipt submission. Should be unique from the  perspective of the client application. If a receipt is submitted with a forwardId that already exists in the system for that particular client, the request will be rejected with a 304 Not Modified response. This helps prevent duplicate receipt submissions from mobile clients.","key":"forwardId","value":"<string>","type":"text"}]},"url":{"raw":"{{baseUrl}}/receipts/v4/users/:userId/image-only-receipts","host":["{{baseUrl}}"],"path":["receipts","v4","users",":userId","image-only-receipts"],"variable":[{"key":"userId"}]}},"status":"Request Entity Too Large","code":413,"_postman_previewlanguage":"text","header":[],"cookie":[],"responseTime":null,"body":""},{"id":"06e6a66a-5875-4e49-88f2-edbed6726293","name":"The content-type header was wrong, or the uploaded image was not of a supported type. Images must be .pdf, .png, .jpg, .jpeg, .tiff, or .gif.","originalRequest":{"method":"POST","header":[{"key":"Content-Type","value":"multipart/form-data"},{"description":"Added as a part of security scheme: apikey","key":"Authorization","value":"<API Key>"}],"body":{"mode":"formdata","formdata":[{"description":"(Required) The receipt image","key":"image","value":"<string>","type":"text"},{"description":"Metadata about the capture of a paper receipt. Required for special GRDC processing rules to take effect. This parameter should be JSON. Please see the model for clientData for more details.","key":"clientData","value":"<string>","type":"text"},{"description":"A user provided string of up to 40 characters used to identify a receipt submission. Should be unique from the  perspective of the client application. If a receipt is submitted with a forwardId that already exists in the system for that particular client, the request will be rejected with a 304 Not Modified response. This helps prevent duplicate receipt submissions from mobile clients.","key":"forwardId","value":"<string>","type":"text"}]},"url":{"raw":"{{baseUrl}}/receipts/v4/users/:userId/image-only-receipts","host":["{{baseUrl}}"],"path":["receipts","v4","users",":userId","image-only-receipts"],"variable":[{"key":"userId"}]}},"status":"Unsupported Media Type","code":415,"_postman_previewlanguage":"text","header":[],"cookie":[],"responseTime":null,"body":""}]}],"id":"5d22105a-bed0-4f55-87a4-4360d0f8b4df"},{"name":"{state}","item":[{"name":"Receipts for a user by state","id":"f0348504-66da-4a91-b101-2ca2cec27b8b","protocolProfileBehavior":{"disableBodyPruning":true},"request":{"method":"GET","header":[{"key":"Accept","value":"application/json"}],"url":{"raw":"{{baseUrl}}/receipts/v4/users/:userId/:state","host":["{{baseUrl}}"],"path":["receipts","v4","users",":userId",":state"],"variable":[{"id":"954f7638-1a86-41cf-8090-9ced2c3fac83","key":"userId","value":"<string>"},{"id":"f31dd07c-8d85-4085-a171-915d9af18734","key":"state","value":"consumed"}]},"description":"Get all v4 receipts for a single user with a certain state. Valid states are consumable (not attached to an expense report), consumed (attached), and discarded (deleted by the user). Maximum 50 receipts per page. If there are more results after the first page, a next page link will be provided in the results.  Calling that link will retrieve the next page of receipts."},"response":[{"id":"24081276-04de-4ef8-b645-8cc55dc806f6","name":"JSON representing the receipts owned by this user. If no receipts are found for this user, an empty array of receipts is returned.","originalRequest":{"method":"GET","header":[{"key":"Accept","value":"application/json"},{"description":"Added as a part of security scheme: apikey","key":"Authorization","value":"<API Key>"}],"url":{"raw":"{{baseUrl}}/receipts/v4/users/:userId/:state","host":["{{baseUrl}}"],"path":["receipts","v4","users",":userId",":state"],"variable":[{"key":"userId"},{"key":"state"}]}},"status":"OK","code":200,"_postman_previewlanguage":"json","header":[{"key":"Content-Type","value":"application/json"}],"cookie":[],"responseTime":null,"body":"{\n  \"receipts\": [\n    {\n      \"modifiedAt\": \"<string>\",\n      \"companyId\": \"<string>\",\n      \"dateTimeReceived\": \"<string>\",\n      \"entityId\": \"<string>\",\n      \"validationSchema\": \"http://schema.concursolutions.com/jpt-ic-card-receipt.schema.json\",\n      \"receipt\": {},\n      \"image\": \"<string>\",\n      \"userId\": \"<string>\",\n      \"id\": \"<string>\",\n      \"digitizationStatus\": \"PROCESSING\",\n      \"forwardId\": {},\n      \"self\": \"<string>\",\n      \"template\": \"<string>\"\n    },\n    {\n      \"modifiedAt\": \"<string>\",\n      \"companyId\": \"<string>\",\n      \"dateTimeReceived\": \"<string>\",\n      \"entityId\": \"<string>\",\n      \"validationSchema\": \"http://schema.concursolutions.com/hotel-receipt.schema.json\",\n      \"receipt\": {},\n      \"image\": \"<string>\",\n      \"userId\": \"<string>\",\n      \"id\": \"<string>\",\n      \"digitizationStatus\": \"PROCESSING\",\n      \"forwardId\": {},\n      \"self\": \"<string>\",\n      \"template\": \"<string>\"\n    }\n  ],\n  \"next\": \"<string>\"\n}"},{"id":"b7029512-f3ae-420b-a132-af4cb8451157","name":"Callers must provide a valid JWT and/or Concur-issued X.509 client certificate","originalRequest":{"method":"GET","header":[{"description":"Added as a part of security scheme: apikey","key":"Authorization","value":"<API Key>"}],"url":{"raw":"{{baseUrl}}/receipts/v4/users/:userId/:state","host":["{{baseUrl}}"],"path":["receipts","v4","users",":userId",":state"],"variable":[{"key":"userId"},{"key":"state"}]}},"status":"Unauthorized","code":401,"_postman_previewlanguage":"text","header":[],"cookie":[],"responseTime":null,"body":""},{"id":"31313562-a4d5-49b2-ab70-f257f29bae95","name":"Caller does not have the required scope, or, depending on the type of JWT, may not have permission to access receipts for this specific user or company. In rare cases, this error code might mean that special functionality is limited to certain application","originalRequest":{"method":"GET","header":[{"description":"Added as a part of security scheme: apikey","key":"Authorization","value":"<API Key>"}],"url":{"raw":"{{baseUrl}}/receipts/v4/users/:userId/:state","host":["{{baseUrl}}"],"path":["receipts","v4","users",":userId",":state"],"variable":[{"key":"userId"},{"key":"state"}]}},"status":"Forbidden","code":403,"_postman_previewlanguage":"text","header":[],"cookie":[],"responseTime":null,"body":""}]},{"name":"Receipt state","id":"96570e19-ea33-41e7-9fa4-08ef25be778e","protocolProfileBehavior":{"disableBodyPruning":true},"request":{"method":"POST","header":[{"key":"Content-Type","value":"application/json"}],"body":{"mode":"raw","raw":"{\n  \"id\": \"<string>\"\n}","options":{"raw":{"headerFamily":"json","language":"json"}}},"url":{"raw":"{{baseUrl}}/receipts/v4/users/:userId/:state","host":["{{baseUrl}}"],"path":["receipts","v4","users",":userId",":state"],"variable":[{"id":"ba90549f-bf49-4f4c-b95c-6c8424143347","key":"userId","value":"<string>"},{"id":"98effbb3-dde4-4b4a-92c0-05039ea1ba38","key":"state","value":"consumed"}]},"description":"Change the state of a receipt. Valid states are consumable (not attached to an expense report), consumed (attached), and discarded (deleted by the user). This is an asynchronous operation, so the receipt state change might not take effect immediately."},"response":[{"id":"5e232898-7261-431a-8883-ce14910f9d0d","name":"The state change request has been accepted. The new state might not be reflected immediately.","originalRequest":{"method":"POST","header":[{"key":"Content-Type","value":"application/json"},{"description":"Added as a part of security scheme: apikey","key":"Authorization","value":"<API Key>"}],"body":{"mode":"raw","raw":"{\n  \"id\": \"<string>\"\n}","options":{"raw":{"headerFamily":"json","language":"json"}}},"url":{"raw":"{{baseUrl}}/receipts/v4/users/:userId/:state","host":["{{baseUrl}}"],"path":["receipts","v4","users",":userId",":state"],"variable":[{"key":"userId"},{"key":"state"}]}},"status":"Created","code":201,"_postman_previewlanguage":"text","header":[],"cookie":[],"responseTime":null,"body":""},{"id":"7e016ce5-9d05-4968-a371-20be50c715de","name":"Bad request. Fix the request body and before trying again.","originalRequest":{"method":"POST","header":[{"key":"Content-Type","value":"application/json"},{"description":"Added as a part of security scheme: apikey","key":"Authorization","value":"<API Key>"}],"body":{"mode":"raw","raw":"{\n  \"id\": \"<string>\"\n}","options":{"raw":{"headerFamily":"json","language":"json"}}},"url":{"raw":"{{baseUrl}}/receipts/v4/users/:userId/:state","host":["{{baseUrl}}"],"path":["receipts","v4","users",":userId",":state"],"variable":[{"key":"userId"},{"key":"state"}]}},"status":"Bad Request","code":400,"_postman_previewlanguage":"text","header":[],"cookie":[],"responseTime":null,"body":""},{"id":"c1776058-5013-41bf-b281-931d22578734","name":"Callers must provide a valid JWT and/or Concur-issued X.509 client certificate","originalRequest":{"method":"POST","header":[{"key":"Content-Type","value":"application/json"},{"description":"Added as a part of security scheme: apikey","key":"Authorization","value":"<API Key>"}],"body":{"mode":"raw","raw":"{\n  \"id\": \"<string>\"\n}","options":{"raw":{"headerFamily":"json","language":"json"}}},"url":{"raw":"{{baseUrl}}/receipts/v4/users/:userId/:state","host":["{{baseUrl}}"],"path":["receipts","v4","users",":userId",":state"],"variable":[{"key":"userId"},{"key":"state"}]}},"status":"Unauthorized","code":401,"_postman_previewlanguage":"text","header":[],"cookie":[],"responseTime":null,"body":""},{"id":"068f8cb1-b1df-4724-8e6a-9cb5ca1a9f55","name":"Caller does not have the required scope, or, depending on the type of JWT, may not have permission to access receipts for this specific user or company. In rare cases, this error code might mean that special functionality is limited to certain application","originalRequest":{"method":"POST","header":[{"key":"Content-Type","value":"application/json"},{"description":"Added as a part of security scheme: apikey","key":"Authorization","value":"<API Key>"}],"body":{"mode":"raw","raw":"{\n  \"id\": \"<string>\"\n}","options":{"raw":{"headerFamily":"json","language":"json"}}},"url":{"raw":"{{baseUrl}}/receipts/v4/users/:userId/:state","host":["{{baseUrl}}"],"path":["receipts","v4","users",":userId",":state"],"variable":[{"key":"userId"},{"key":"state"}]}},"status":"Forbidden","code":403,"_postman_previewlanguage":"text","header":[],"cookie":[],"responseTime":null,"body":""}]}],"id":"d5849c70-08eb-4a5c-9400-54bb17a745ec"},{"name":"Receipts by userId","id":"40b54512-3598-4fad-aefc-fdcbdfa8366d","protocolProfileBehavior":{"disableBodyPruning":true},"request":{"method":"GET","header":[{"key":"Accept","value":"application/json"}],"url":{"raw":"{{baseUrl}}/receipts/v4/users/:userId","host":["{{baseUrl}}"],"path":["receipts","v4","users",":userId"],"variable":[{"id":"b40dcef2-7439-4432-a560-f547e706af6c","key":"userId","value":"<string>"}]},"description":"Get all v4 receipts for a single user. Maximum 50 receipts per page. If there are more results after the first page, a next page link will be provided in the results. Calling that link will retrieve the next page of receipts."},"response":[{"id":"f4971b01-a117-4f23-8569-77afe5bb7fe5","name":"JSON representing the receipts owned by this user. If no receipts are found for this user, an empty array of receipts is returned.","originalRequest":{"method":"GET","header":[{"key":"Accept","value":"application/json"},{"description":"Added as a part of security scheme: apikey","key":"Authorization","value":"<API Key>"}],"url":{"raw":"{{baseUrl}}/receipts/v4/users/:userId","host":["{{baseUrl}}"],"path":["receipts","v4","users",":userId"],"variable":[{"key":"userId"}]}},"status":"OK","code":200,"_postman_previewlanguage":"json","header":[{"key":"Content-Type","value":"application/json"}],"cookie":[],"responseTime":null,"body":"{\n  \"receipts\": [\n    {\n      \"modifiedAt\": \"<string>\",\n      \"companyId\": \"<string>\",\n      \"dateTimeReceived\": \"<string>\",\n      \"entityId\": \"<string>\",\n      \"validationSchema\": \"http://schema.concursolutions.com/jpt-ic-card-receipt.schema.json\",\n      \"receipt\": {},\n      \"image\": \"<string>\",\n      \"userId\": \"<string>\",\n      \"id\": \"<string>\",\n      \"digitizationStatus\": \"PROCESSING\",\n      \"forwardId\": {},\n      \"self\": \"<string>\",\n      \"template\": \"<string>\"\n    },\n    {\n      \"modifiedAt\": \"<string>\",\n      \"companyId\": \"<string>\",\n      \"dateTimeReceived\": \"<string>\",\n      \"entityId\": \"<string>\",\n      \"validationSchema\": \"http://schema.concursolutions.com/hotel-receipt.schema.json\",\n      \"receipt\": {},\n      \"image\": \"<string>\",\n      \"userId\": \"<string>\",\n      \"id\": \"<string>\",\n      \"digitizationStatus\": \"PROCESSING\",\n      \"forwardId\": {},\n      \"self\": \"<string>\",\n      \"template\": \"<string>\"\n    }\n  ],\n  \"next\": \"<string>\"\n}"},{"id":"5eed41bc-5822-427b-ba2f-1d1b424e53c5","name":"Callers must provide a valid JWT and/or Concur-issued X.509 client certificate","originalRequest":{"method":"GET","header":[{"description":"Added as a part of security scheme: apikey","key":"Authorization","value":"<API Key>"}],"url":{"raw":"{{baseUrl}}/receipts/v4/users/:userId","host":["{{baseUrl}}"],"path":["receipts","v4","users",":userId"],"variable":[{"key":"userId"}]}},"status":"Unauthorized","code":401,"_postman_previewlanguage":"text","header":[],"cookie":[],"responseTime":null,"body":""},{"id":"80fb28ec-064d-4970-b51a-10497c82395c","name":"Caller does not have the required scope, or, depending on the type of JWT, may not have permission to access receipts for this specific user or company. In rare cases, this error code might mean that special functionality is limited to certain application","originalRequest":{"method":"GET","header":[{"description":"Added as a part of security scheme: apikey","key":"Authorization","value":"<API Key>"}],"url":{"raw":"{{baseUrl}}/receipts/v4/users/:userId","host":["{{baseUrl}}"],"path":["receipts","v4","users",":userId"],"variable":[{"key":"userId"}]}},"status":"Forbidden","code":403,"_postman_previewlanguage":"text","header":[],"cookie":[],"responseTime":null,"body":""}]},{"name":"New E-receipt","id":"af73bc01-0bfc-4de0-81c5-62b22b8fdabd","protocolProfileBehavior":{"disableBodyPruning":true},"request":{"method":"POST","header":[{"description":"(Required) A link to the E-receipt schema to be used to validate the incoming E-receipt data. Retrieve the list of schemas from the GET schemas route.","key":"link","value":"<http://schema.concursolutions.com/air-receipt.schema.json>;rel=describedBy"},{"key":"Content-Type","value":"multipart/form-data"}],"body":{"mode":"formdata","formdata":[{"description":"(Required) The JSON data for the receipt","key":"receipt","value":"<string>","type":"text"},{"description":"The image for this E-receipt. If no image is submitted, one will be generated automatically based on the JSON data.","key":"image","value":"<string>","type":"text"}]},"url":{"raw":"{{baseUrl}}/receipts/v4/users/:userId","host":["{{baseUrl}}"],"path":["receipts","v4","users",":userId"],"variable":[{"id":"2eeb3c92-a36d-496f-b9bf-fb38459e211c","key":"userId","value":"<string>"}]},"description":"Create a new E-receipt for a user."},"response":[{"id":"afdaac87-8923-4a19-85e5-b0c132ecbb46","name":"The receipt has been accepted and will be processed soon.","originalRequest":{"method":"POST","header":[{"description":"(Required) A link to the E-receipt schema to be used to validate the incoming E-receipt data. Retrieve the list of schemas from the GET schemas route.","key":"link","value":"<http://schema.concursolutions.com/air-receipt.schema.json>;rel=describedBy"},{"key":"Content-Type","value":"multipart/form-data"},{"description":"Added as a part of security scheme: apikey","key":"Authorization","value":"<API Key>"}],"body":{"mode":"formdata","formdata":[{"description":"(Required) The JSON data for the receipt","key":"receipt","value":"<string>","type":"text"},{"description":"The image for this E-receipt. If no image is submitted, one will be generated automatically based on the JSON data.","key":"image","value":"<string>","type":"text"}]},"url":{"raw":"{{baseUrl}}/receipts/v4/users/:userId","host":["{{baseUrl}}"],"path":["receipts","v4","users",":userId"],"variable":[{"key":"userId"}]}},"status":"Created","code":201,"_postman_previewlanguage":"text","header":[{"disabled":false,"description":{"content":"The URL location of the receipt. This link will return a 404 until the receipt has finished processing. After the receipt has finished processing, the receipt data will be available at this URL.","type":"text/plain"},"key":"Location","value":"<string>"},{"disabled":false,"description":{"content":"Contains two links: one with `rel=\"describedBy\"` and one with `rel=\"processing-status\"`. The describedBy link represents the JSON schema that was used to validate the receipt when it was submitted. This is the same link that was provided in the `schema` header in the request. The processing-status link can be called for status information about the receipt. Receipt processing happens asynchronously, so calling this link can provide information about the receipt if it has not yet shown up at the URL from the Location header.","type":"text/plain"},"key":"Link","value":"<string>"}],"cookie":[],"responseTime":null,"body":""},{"id":"1fa0a1a2-f6aa-4a31-a3a8-e34e656b4ea0","name":"Bad request. The request was malformed or lacked required fields.","originalRequest":{"method":"POST","header":[{"description":"(Required) A link to the E-receipt schema to be used to validate the incoming E-receipt data. Retrieve the list of schemas from the GET schemas route.","key":"link","value":"<http://schema.concursolutions.com/air-receipt.schema.json>;rel=describedBy"},{"key":"Content-Type","value":"multipart/form-data"},{"description":"Added as a part of security scheme: apikey","key":"Authorization","value":"<API Key>"}],"body":{"mode":"formdata","formdata":[{"description":"(Required) The JSON data for the receipt","key":"receipt","value":"<string>","type":"text"},{"description":"The image for this E-receipt. If no image is submitted, one will be generated automatically based on the JSON data.","key":"image","value":"<string>","type":"text"}]},"url":{"raw":"{{baseUrl}}/receipts/v4/users/:userId","host":["{{baseUrl}}"],"path":["receipts","v4","users",":userId"],"variable":[{"key":"userId"}]}},"status":"Bad Request","code":400,"_postman_previewlanguage":"text","header":[],"cookie":[],"responseTime":null,"body":""},{"id":"75ce81a7-770e-4056-b86a-41e7ed998fc6","name":"Callers must provide a valid JWT and/or Concur-issued X.509 client certificate","originalRequest":{"method":"POST","header":[{"description":"(Required) A link to the E-receipt schema to be used to validate the incoming E-receipt data. Retrieve the list of schemas from the GET schemas route.","key":"link","value":"<http://schema.concursolutions.com/air-receipt.schema.json>;rel=describedBy"},{"key":"Content-Type","value":"multipart/form-data"},{"description":"Added as a part of security scheme: apikey","key":"Authorization","value":"<API Key>"}],"body":{"mode":"formdata","formdata":[{"description":"(Required) The JSON data for the receipt","key":"receipt","value":"<string>","type":"text"},{"description":"The image for this E-receipt. If no image is submitted, one will be generated automatically based on the JSON data.","key":"image","value":"<string>","type":"text"}]},"url":{"raw":"{{baseUrl}}/receipts/v4/users/:userId","host":["{{baseUrl}}"],"path":["receipts","v4","users",":userId"],"variable":[{"key":"userId"}]}},"status":"Unauthorized","code":401,"_postman_previewlanguage":"text","header":[],"cookie":[],"responseTime":null,"body":""},{"id":"28b8b8b9-3251-4ddc-8bd4-46843904e873","name":"Caller does not have the required scope, or, depending on the type of JWT, may not have permission to access receipts for this specific user or company. In rare cases, this error code might mean that special functionality is limited to certain application","originalRequest":{"method":"POST","header":[{"description":"(Required) A link to the E-receipt schema to be used to validate the incoming E-receipt data. Retrieve the list of schemas from the GET schemas route.","key":"link","value":"<http://schema.concursolutions.com/air-receipt.schema.json>;rel=describedBy"},{"key":"Content-Type","value":"multipart/form-data"},{"description":"Added as a part of security scheme: apikey","key":"Authorization","value":"<API Key>"}],"body":{"mode":"formdata","formdata":[{"description":"(Required) The JSON data for the receipt","key":"receipt","value":"<string>","type":"text"},{"description":"The image for this E-receipt. If no image is submitted, one will be generated automatically based on the JSON data.","key":"image","value":"<string>","type":"text"}]},"url":{"raw":"{{baseUrl}}/receipts/v4/users/:userId","host":["{{baseUrl}}"],"path":["receipts","v4","users",":userId"],"variable":[{"key":"userId"}]}},"status":"Forbidden","code":403,"_postman_previewlanguage":"text","header":[],"cookie":[],"responseTime":null,"body":""},{"id":"6fb8cfd8-05b1-4932-9de2-ac5c3726e4c1","name":"The uploaded file was too large","originalRequest":{"method":"POST","header":[{"description":"(Required) A link to the E-receipt schema to be used to validate the incoming E-receipt data. Retrieve the list of schemas from the GET schemas route.","key":"link","value":"<http://schema.concursolutions.com/air-receipt.schema.json>;rel=describedBy"},{"key":"Content-Type","value":"multipart/form-data"},{"description":"Added as a part of security scheme: apikey","key":"Authorization","value":"<API Key>"}],"body":{"mode":"formdata","formdata":[{"description":"(Required) The JSON data for the receipt","key":"receipt","value":"<string>","type":"text"},{"description":"The image for this E-receipt. If no image is submitted, one will be generated automatically based on the JSON data.","key":"image","value":"<string>","type":"text"}]},"url":{"raw":"{{baseUrl}}/receipts/v4/users/:userId","host":["{{baseUrl}}"],"path":["receipts","v4","users",":userId"],"variable":[{"key":"userId"}]}},"status":"Request Entity Too Large","code":413,"_postman_previewlanguage":"text","header":[],"cookie":[],"responseTime":null,"body":""},{"id":"5e6c8496-07c1-46d2-ad98-9e9937943312","name":"The content-type header was wrong, or the uploaded image was not of a supported type. Images must be .pdf, .png, .jpg, .jpeg, .tiff, or .gif.","originalRequest":{"method":"POST","header":[{"description":"(Required) A link to the E-receipt schema to be used to validate the incoming E-receipt data. Retrieve the list of schemas from the GET schemas route.","key":"link","value":"<http://schema.concursolutions.com/air-receipt.schema.json>;rel=describedBy"},{"key":"Content-Type","value":"multipart/form-data"},{"description":"Added as a part of security scheme: apikey","key":"Authorization","value":"<API Key>"}],"body":{"mode":"formdata","formdata":[{"description":"(Required) The JSON data for the receipt","key":"receipt","value":"<string>","type":"text"},{"description":"The image for this E-receipt. If no image is submitted, one will be generated automatically based on the JSON data.","key":"image","value":"<string>","type":"text"}]},"url":{"raw":"{{baseUrl}}/receipts/v4/users/:userId","host":["{{baseUrl}}"],"path":["receipts","v4","users",":userId"],"variable":[{"key":"userId"}]}},"status":"Unsupported Media Type","code":415,"_postman_previewlanguage":"text","header":[],"cookie":[],"responseTime":null,"body":""}]}],"id":"9f8b44d3-c9db-4ac0-8a52-46bd7c889db5"}],"id":"1a353521-31e5-4724-9101-8843bed2e0cb"},{"name":"Service index","id":"ef9e110e-94ce-4926-bff9-b57fff3882bc","protocolProfileBehavior":{"disableBodyPruning":true},"request":{"method":"GET","header":[{"key":"Accept","value":"application/json"}],"url":{"raw":"{{baseUrl}}/receipts/v4/","host":["{{baseUrl}}"],"path":["receipts","v4",""]},"description":"Get a list of links to all the receipts endpoints in this environment. Call this endpoint first, then use the url templates in your code to make subsequent calls."},"response":[{"id":"138a25d0-8b62-4f9b-95f4-9f708dd612b9","name":"A list of Receipts API endpoints available in this environment","originalRequest":{"method":"GET","header":[{"key":"Accept","value":"application/json"},{"description":"Added as a part of security scheme: apikey","key":"Authorization","value":"<API Key>"}],"url":{"raw":"{{baseUrl}}/receipts/v4/","host":["{{baseUrl}}"],"path":["receipts","v4",""]}},"status":"OK","code":200,"_postman_previewlanguage":"json","header":[{"key":"Content-Type","value":"application/json"}],"cookie":[],"responseTime":null,"body":"[\n  {\n    \"rel\": \"<string>\",\n    \"href\": \"<string>\",\n    \"method\": \"<string>\"\n  },\n  {\n    \"rel\": \"<string>\",\n    \"href\": \"<string>\",\n    \"method\": \"<string>\"\n  }\n]"},{"id":"a7cb0f6f-9c74-4379-a55c-f001dc9e2187","name":"Callers must provide a valid JWT and/or Concur-issued X.509 client certificate","originalRequest":{"method":"GET","header":[{"description":"Added as a part of security scheme: apikey","key":"Authorization","value":"<API Key>"}],"url":{"raw":"{{baseUrl}}/receipts/v4/","host":["{{baseUrl}}"],"path":["receipts","v4",""]}},"status":"Unauthorized","code":401,"_postman_previewlanguage":"text","header":[],"cookie":[],"responseTime":null,"body":""}]}],"id":"0d7ee12b-bd8b-4f9d-b2d7-f3919c973258"},{"name":"schemas","item":[{"name":"{schemaId}","item":[{"name":"Schema by ID","id":"4bdb3446-8aba-485a-a09c-797c1e4c0e82","protocolProfileBehavior":{"disableBodyPruning":true},"request":{"method":"GET","header":[{"key":"Accept","value":"application/json"}],"url":{"raw":"{{baseUrl}}/receipts/schemas/:schemaId","host":["{{baseUrl}}"],"path":["receipts","schemas",":schemaId"],"variable":[{"id":"3da5761e-ed82-435b-8b38-94c0264efbe7","key":"schemaId","value":"<string>"}]},"description":"Get an individual schema by schemaId. Find schemaIds by calling the schema index."},"response":[{"id":"5a49a3e0-86b1-484d-a172-86b37a500418","name":"A single JSON schema","originalRequest":{"method":"GET","header":[{"key":"Accept","value":"application/json"},{"description":"Added as a part of security scheme: apikey","key":"Authorization","value":"<API Key>"}],"url":{"raw":"{{baseUrl}}/receipts/schemas/:schemaId","host":["{{baseUrl}}"],"path":["receipts","schemas",":schemaId"],"variable":[{"key":"schemaId"}]}},"status":"OK","code":200,"_postman_previewlanguage":"json","header":[{"key":"Content-Type","value":"application/json"}],"cookie":[],"responseTime":null,"body":"{}"}]}],"id":"ee54d1e6-cb49-4b72-821f-3ee4326b3cd5"},{"name":"Schema index","id":"77962f14-018c-493a-8114-18573d427ddb","protocolProfileBehavior":{"disableBodyPruning":true},"request":{"method":"GET","header":[{"key":"Accept","value":"application/json"}],"url":{"raw":"{{baseUrl}}/receipts/schemas/","host":["{{baseUrl}}"],"path":["receipts","schemas",""]},"description":"Returns objects with links to all available schemas, including the schemas used to validate E-receipts. Call the links returned from this route to retrieve individual schemas."},"response":[{"id":"fb097cae-0631-4414-93eb-31cbca7e86fb","name":"A list of JSON schemas","originalRequest":{"method":"GET","header":[{"key":"Accept","value":"application/json"},{"description":"Added as a part of security scheme: apikey","key":"Authorization","value":"<API Key>"}],"url":{"raw":"{{baseUrl}}/receipts/schemas/","host":["{{baseUrl}}"],"path":["receipts","schemas",""]}},"status":"OK","code":200,"_postman_previewlanguage":"json","header":[{"key":"Content-Type","value":"application/json"}],"cookie":[],"responseTime":null,"body":"{\n  \"receiptSchemas\": [\n    {\n      \"rel\": \"<string>\",\n      \"href\": \"<string>\",\n      \"method\": \"<string>\"\n    },\n    {\n      \"rel\": \"<string>\",\n      \"href\": \"<string>\",\n      \"method\": \"<string>\"\n    }\n  ]\n}"},{"id":"370cc3d7-195b-47d4-ad7c-f04849890a60","name":"Callers must provide a valid JWT and/or Concur-issued X.509 client certificate","originalRequest":{"method":"GET","header":[{"description":"Added as a part of security scheme: apikey","key":"Authorization","value":"<API Key>"}],"url":{"raw":"{{baseUrl}}/receipts/schemas/","host":["{{baseUrl}}"],"path":["receipts","schemas",""]}},"status":"Unauthorized","code":401,"_postman_previewlanguage":"text","header":[],"cookie":[],"responseTime":null,"body":""}]}],"id":"e52e4795-e8e1-4939-8bd9-504e5caf71ff"}],"id":"8cbad7ad-aebc-4ad6-a676-c3ffac35c5b0"}],"auth":{"type":"bearer","bearer":[{"key":"token","value":"{{accessToken}}","type":"string"}]},"event":[{"listen":"prerequest","script":{"id":"d898831f-23ce-4a59-bba7-45880e746e6f","type":"text/javascript","exec":[""]}},{"listen":"test","script":{"id":"89a74e39-9e53-4b89-8a6d-971d9c965a36","type":"text/javascript","exec":[""]}}],"variable":[{"id":"d401ed1c-b392-4aae-a232-ad4620f0d154","key":"baseUrl","value":"https://us.api.concursolutions.com"}]}