{"info":{"_postman_id":"65ee1fcd-9d5f-4e12-ab3d-d27f716b9de4","name":"List Items","description":"Provides an automated solution to clients who would like to manage list items. This API provides methods to view, add, update or delete list items owned by the specified lists. This API supports Concur Expense, Concur Invoice, and Concur Request.","schema":"https://schema.getpostman.com/json/collection/v2.1.0/collection.json"},"item":[{"name":"common","item":[{"name":"listitems","item":[{"name":"{id}","item":[{"name":"Get a single list item by ID","id":"556d735a-1aaf-4be9-b883-5e0080f94c90","protocolProfileBehavior":{"disableBodyPruning":true},"request":{"method":"GET","header":[{"key":"Accept","value":"application/json"}],"url":{"raw":"{{baseUrl}}/common/listitems/:id?listId=<string>","host":["{{baseUrl}}"],"path":["common","listitems",":id"],"query":[{"description":"The unique identifier for the list this item is a member.","key":"listId","value":"<string>"}],"variable":[{"id":"3c9e393f-f290-4ee9-b12d-4b73a4769302","key":"id","value":"<string>"}]},"description":"Returns the specified list item."},"response":[{"id":"ab0fd1c2-3b4f-42d0-b4e8-8063b88c546d","name":"Success","originalRequest":{"method":"GET","header":[{"key":"Accept","value":"application/json"},{"description":"Added as a part of security scheme: oauth2","key":"Authorization","value":"<token>"}],"url":{"raw":"{{baseUrl}}/common/listitems/:id?listId=<string>","host":["{{baseUrl}}"],"path":["common","listitems",":id"],"query":[{"description":"The unique identifier for the list this item is a member.","key":"listId","value":"<string>"}],"variable":[{"key":"id"}]}},"status":"OK","code":200,"_postman_previewlanguage":"json","header":[{"key":"Content-Type","value":"application/json"}],"cookie":[],"responseTime":null,"body":"{\n  \"ID\": \"<string>\",\n  \"Level10Code\": \"<string>\",\n  \"Level1Code\": \"<string>\",\n  \"Level2Code\": \"<string>\",\n  \"Level3Code\": \"<string>\",\n  \"Level4Code\": \"<string>\",\n  \"Level5Code\": \"<string>\",\n  \"Level6Code\": \"<string>\",\n  \"Level7Code\": \"<string>\",\n  \"Level8Code\": \"<string>\",\n  \"Level9Code\": \"<string>\",\n  \"ListID\": \"<string>\",\n  \"Name\": \"<string>\",\n  \"ParentID\": \"<string>\",\n  \"URI\": \"<string>\"\n}"}]},{"name":"Update list item","id":"e2ca262c-6cf3-4ec4-8467-05cb3be0c700","protocolProfileBehavior":{"disableBodyPruning":true},"request":{"method":"PUT","header":[{"key":"Content-Type","value":"application/json"},{"key":"Accept","value":"application/json"}],"body":{"mode":"raw","raw":"{\n  \"Code\": \"<string>\",\n  \"ListID\": \"<string>\",\n  \"Name\": \"<string>\"\n}","options":{"raw":{"headerFamily":"json","language":"json"}}},"url":{"raw":"{{baseUrl}}/common/listitems/:id","host":["{{baseUrl}}"],"path":["common","listitems",":id"],"variable":[{"id":"f1a3517b-4876-47eb-b33a-0ee3bc42a7c0","key":"id","value":"<string>"}]},"description":"Updates the specified list item. Only the provided fields will be updated, missing fields will not be altered."},"response":[{"id":"7ff40a60-df82-4dc2-a6a7-3907cfc491a3","name":"Success","originalRequest":{"method":"PUT","header":[{"key":"Content-Type","value":"application/json"},{"key":"Accept","value":"application/json"},{"description":"Added as a part of security scheme: oauth2","key":"Authorization","value":"<token>"}],"body":{"mode":"raw","raw":"{\n  \"Code\": \"<string>\",\n  \"ListID\": \"<string>\",\n  \"Name\": \"<string>\"\n}","options":{"raw":{"headerFamily":"json","language":"json"}}},"url":{"raw":"{{baseUrl}}/common/listitems/:id","host":["{{baseUrl}}"],"path":["common","listitems",":id"],"variable":[{"key":"id"}]}},"status":"OK","code":200,"_postman_previewlanguage":"json","header":[{"key":"Content-Type","value":"application/json"}],"cookie":[],"responseTime":null,"body":"{}"},{"id":"4061abf5-3d04-4745-aa86-83cf6539a3d0","name":"Bad Request","originalRequest":{"method":"PUT","header":[{"key":"Content-Type","value":"application/json"},{"key":"Accept","value":"application/json"},{"description":"Added as a part of security scheme: oauth2","key":"Authorization","value":"<token>"}],"body":{"mode":"raw","raw":"{\n  \"Code\": \"<string>\",\n  \"ListID\": \"<string>\",\n  \"Name\": \"<string>\"\n}","options":{"raw":{"headerFamily":"json","language":"json"}}},"url":{"raw":"{{baseUrl}}/common/listitems/:id","host":["{{baseUrl}}"],"path":["common","listitems",":id"],"variable":[{"key":"id"}]}},"status":"Bad Request","code":400,"_postman_previewlanguage":"json","header":[{"key":"Content-Type","value":"application/json"}],"cookie":[],"responseTime":null,"body":"{}"}]},{"name":"Delete list item by ID","id":"281994e9-45f3-424a-92d9-a28058a9454d","protocolProfileBehavior":{"disableBodyPruning":true},"request":{"method":"DELETE","header":[{"key":"Accept","value":"application/json"}],"url":{"raw":"{{baseUrl}}/common/listitems/:id?listId=<string>","host":["{{baseUrl}}"],"path":["common","listitems",":id"],"query":[{"description":"(Required) The unique identifier of the list associated with a list item to be deleted","key":"listId","value":"<string>"}],"variable":[{"id":"5502b8fa-2065-4385-86c1-83effa29e6f2","key":"id","value":"<string>"}]},"description":"Deletes the specified list item."},"response":[{"id":"88b867fd-3047-46a4-beac-4d3de302d347","name":"Success","originalRequest":{"method":"DELETE","header":[{"key":"Accept","value":"application/json"},{"description":"Added as a part of security scheme: oauth2","key":"Authorization","value":"<token>"}],"url":{"raw":"{{baseUrl}}/common/listitems/:id?listId=<string>","host":["{{baseUrl}}"],"path":["common","listitems",":id"],"query":[{"description":"(Required) The unique identifier of the list associated with a list item to be deleted","key":"listId","value":"<string>"}],"variable":[{"key":"id"}]}},"status":"OK","code":200,"_postman_previewlanguage":"json","header":[{"key":"Content-Type","value":"application/json"}],"cookie":[],"responseTime":null,"body":"{}"},{"id":"908a84d8-2f0c-4b40-b92d-b6380eae6738","name":"Bad Request","originalRequest":{"method":"DELETE","header":[{"key":"Accept","value":"application/json"},{"description":"Added as a part of security scheme: oauth2","key":"Authorization","value":"<token>"}],"url":{"raw":"{{baseUrl}}/common/listitems/:id?listId=<string>","host":["{{baseUrl}}"],"path":["common","listitems",":id"],"query":[{"description":"(Required) The unique identifier of the list associated with a list item to be deleted","key":"listId","value":"<string>"}],"variable":[{"key":"id"}]}},"status":"Bad Request","code":400,"_postman_previewlanguage":"json","header":[{"key":"Content-Type","value":"application/json"}],"cookie":[],"responseTime":null,"body":"{}"}]}],"id":"16587d1f-dc18-48fa-90bb-184e66c5721d"},{"name":"Get all list items","id":"625ae1fc-31d0-4639-b6e8-dcb0f1bc412d","protocolProfileBehavior":{"disableBodyPruning":true},"request":{"method":"GET","header":[{"key":"Accept","value":"application/json"}],"url":{"raw":"{{baseUrl}}/common/listitems?limit=<integer>&offset=<string>&listId=<string>&name=<string>&parentId=<string>&level1Code=<string>&level2Code=<string>&level3Code=<string>&level4Code=<string>&level5Code=<string>&level6Code=<string>&level7Code=<string>&level8Code=<string>&level9Code=<string>&level10Code=<string>","host":["{{baseUrl}}"],"path":["common","listitems"],"query":[{"description":"The number of records to return. The default is 25 and the maximum is 100.","key":"limit","value":"<integer>"},{"description":"The start of the page offset. The default is from the beginning.","key":"offset","value":"<string>"},{"description":"The unique identifier for the list this item is a member of.","key":"listId","value":"<string>"},{"description":"The name of the list item. Maximum length: 64.","key":"name","value":"<string>"},{"description":"The unique identifier of this item's parent. Empty when there is no parent.","key":"parentId","value":"<string>"},{"description":"The item code for the first level of the list. All lists have at least a Level1Code. Maximum 32 characters","key":"level1Code","value":"<string>"},{"description":"The item code for the second level of the list. Empty when this level doesn't exist in the list. Maximum 32 characters","key":"level2Code","value":"<string>"},{"description":"The item code for the third level of the list. Empty when this level doesn't exist in the list. Maximum 32 characters","key":"level3Code","value":"<string>"},{"description":"The item code for the fourth level of the list. Empty when this level doesn't exist in the list. Maximum 32 characters","key":"level4Code","value":"<string>"},{"description":"The item code for the fifth level of the list. Empty when this level doesn't exist in the list. Maximum 32 characters","key":"level5Code","value":"<string>"},{"description":"The item code for the sixth level of the list. Empty when this level doesn't exist in the list. Maximum 32 characters","key":"level6Code","value":"<string>"},{"description":"The item code for the seventh level of the list. Empty when this level doesn't exist in the list. Maximum 32 characters","key":"level7Code","value":"<string>"},{"description":"The item code for the eighth level of the list. Empty when this level doesn't exist in the list. Maximum 32 characters","key":"level8Code","value":"<string>"},{"description":"The item code for the ninth level of the list. Empty when this level doesn't exist in the list. Maximum 32 characters","key":"level9Code","value":"<string>"},{"description":"The item code for the tenth level of the list. Empty when this level doesn't exist in the list. Maximum 32 characters","key":"level10Code","value":"<string>"}]},"description":"Returns all list items based on the search criteria."},"response":[{"id":"b71cf5b3-d57a-42dd-bd1c-bb07d74094f3","name":"Success","originalRequest":{"method":"GET","header":[{"key":"Accept","value":"application/json"},{"description":"Added as a part of security scheme: oauth2","key":"Authorization","value":"<token>"}],"url":{"raw":"{{baseUrl}}/common/listitems?limit=<integer>&offset=<string>&listId=<string>&name=<string>&parentId=<string>&level1Code=<string>&level2Code=<string>&level3Code=<string>&level4Code=<string>&level5Code=<string>&level6Code=<string>&level7Code=<string>&level8Code=<string>&level9Code=<string>&level10Code=<string>","host":["{{baseUrl}}"],"path":["common","listitems"],"query":[{"description":"The number of records to return. The default is 25 and the maximum is 100.","key":"limit","value":"<integer>"},{"description":"The start of the page offset. The default is from the beginning.","key":"offset","value":"<string>"},{"description":"The unique identifier for the list this item is a member of.","key":"listId","value":"<string>"},{"description":"The name of the list item. Maximum length: 64.","key":"name","value":"<string>"},{"description":"The unique identifier of this item's parent. Empty when there is no parent.","key":"parentId","value":"<string>"},{"description":"The item code for the first level of the list. All lists have at least a Level1Code. Maximum 32 characters","key":"level1Code","value":"<string>"},{"description":"The item code for the second level of the list. Empty when this level doesn't exist in the list. Maximum 32 characters","key":"level2Code","value":"<string>"},{"description":"The item code for the third level of the list. Empty when this level doesn't exist in the list. Maximum 32 characters","key":"level3Code","value":"<string>"},{"description":"The item code for the fourth level of the list. Empty when this level doesn't exist in the list. Maximum 32 characters","key":"level4Code","value":"<string>"},{"description":"The item code for the fifth level of the list. Empty when this level doesn't exist in the list. Maximum 32 characters","key":"level5Code","value":"<string>"},{"description":"The item code for the sixth level of the list. Empty when this level doesn't exist in the list. Maximum 32 characters","key":"level6Code","value":"<string>"},{"description":"The item code for the seventh level of the list. Empty when this level doesn't exist in the list. Maximum 32 characters","key":"level7Code","value":"<string>"},{"description":"The item code for the eighth level of the list. Empty when this level doesn't exist in the list. Maximum 32 characters","key":"level8Code","value":"<string>"},{"description":"The item code for the ninth level of the list. Empty when this level doesn't exist in the list. Maximum 32 characters","key":"level9Code","value":"<string>"},{"description":"The item code for the tenth level of the list. Empty when this level doesn't exist in the list. Maximum 32 characters","key":"level10Code","value":"<string>"}]}},"status":"OK","code":200,"_postman_previewlanguage":"json","header":[{"key":"Content-Type","value":"application/json"}],"cookie":[],"responseTime":null,"body":"{\n  \"Items\": {\n    \"ID\": \"<string>\",\n    \"Level10Code\": \"<string>\",\n    \"Level1Code\": \"<string>\",\n    \"Level2Code\": \"<string>\",\n    \"Level3Code\": \"<string>\",\n    \"Level4Code\": \"<string>\",\n    \"Level5Code\": \"<string>\",\n    \"Level6Code\": \"<string>\",\n    \"Level7Code\": \"<string>\",\n    \"Level8Code\": \"<string>\",\n    \"Level9Code\": \"<string>\",\n    \"ListID\": \"<string>\",\n    \"Name\": \"<string>\",\n    \"ParentID\": \"<string>\",\n    \"URI\": \"<string>\"\n  },\n  \"NextPage\": \"<string>\"\n}"}]},{"name":"Create a new list item","id":"4c017203-1d64-4533-9e72-68957e3dfa0e","protocolProfileBehavior":{"disableBodyPruning":true},"request":{"method":"POST","header":[{"key":"Content-Type","value":"application/json"},{"key":"Accept","value":"application/json"}],"body":{"mode":"raw","raw":"{\n  \"Level10Code\": \"<string>\",\n  \"Level1Code\": \"<string>\",\n  \"Level2Code\": \"<string>\",\n  \"Level3Code\": \"<string>\",\n  \"Level4Code\": \"<string>\",\n  \"Level5Code\": \"<string>\",\n  \"Level6Code\": \"<string>\",\n  \"Level7Code\": \"<string>\",\n  \"Level8Code\": \"<string>\",\n  \"Level9Code\": \"<string>\",\n  \"ListID\": \"<string>\",\n  \"Name\": \"<string>\"\n}","options":{"raw":{"headerFamily":"json","language":"json"}}},"url":{"raw":"{{baseUrl}}/common/listitems","host":["{{baseUrl}}"],"path":["common","listitems"]},"description":"Creates a new item in the specified list."},"response":[{"id":"04149bc3-3df6-4c30-a368-19b5a9ea27cc","name":"Success","originalRequest":{"method":"POST","header":[{"key":"Content-Type","value":"application/json"},{"key":"Accept","value":"application/json"},{"description":"Added as a part of security scheme: oauth2","key":"Authorization","value":"<token>"}],"body":{"mode":"raw","raw":"{\n  \"Level10Code\": \"<string>\",\n  \"Level1Code\": \"<string>\",\n  \"Level2Code\": \"<string>\",\n  \"Level3Code\": \"<string>\",\n  \"Level4Code\": \"<string>\",\n  \"Level5Code\": \"<string>\",\n  \"Level6Code\": \"<string>\",\n  \"Level7Code\": \"<string>\",\n  \"Level8Code\": \"<string>\",\n  \"Level9Code\": \"<string>\",\n  \"ListID\": \"<string>\",\n  \"Name\": \"<string>\"\n}","options":{"raw":{"headerFamily":"json","language":"json"}}},"url":{"raw":"{{baseUrl}}/common/listitems","host":["{{baseUrl}}"],"path":["common","listitems"]}},"status":"OK","code":200,"_postman_previewlanguage":"json","header":[{"key":"Content-Type","value":"application/json"}],"cookie":[],"responseTime":null,"body":"{\n  \"ID\": \"<string>\",\n  \"URI\": \"<string>\"\n}"},{"id":"01d07a38-eabe-4ef8-9a5a-c4e9b33b385a","name":"Bad Request","originalRequest":{"method":"POST","header":[{"key":"Content-Type","value":"application/json"},{"key":"Accept","value":"application/json"},{"description":"Added as a part of security scheme: oauth2","key":"Authorization","value":"<token>"}],"body":{"mode":"raw","raw":"{\n  \"Level10Code\": \"<string>\",\n  \"Level1Code\": \"<string>\",\n  \"Level2Code\": \"<string>\",\n  \"Level3Code\": \"<string>\",\n  \"Level4Code\": \"<string>\",\n  \"Level5Code\": \"<string>\",\n  \"Level6Code\": \"<string>\",\n  \"Level7Code\": \"<string>\",\n  \"Level8Code\": \"<string>\",\n  \"Level9Code\": \"<string>\",\n  \"ListID\": \"<string>\",\n  \"Name\": \"<string>\"\n}","options":{"raw":{"headerFamily":"json","language":"json"}}},"url":{"raw":"{{baseUrl}}/common/listitems","host":["{{baseUrl}}"],"path":["common","listitems"]}},"status":"Bad Request","code":400,"_postman_previewlanguage":"json","header":[{"key":"Content-Type","value":"application/json"}],"cookie":[],"responseTime":null,"body":"{}"}]}],"id":"c8f418d1-ece5-46fb-bbe4-dd5a0ea699e2"}],"id":"fe3c82f1-b266-4ed4-aad8-bd2f69ba00e0"}],"auth":{"type":"oauth2","oauth2":[{"key":"accessTokenUrl","value":"https://us.api.concursolutions.com/oauth2/v0","type":"string"},{"key":"grant_type","value":"client_credentials","type":"string"}]},"variable":[{"id":"660529bc-bcbe-4a84-93b3-4e3dff7607f0","key":"baseUrl","value":"https://www.concursolutions.com/api/v3.0"}]}