{"info":{"_postman_id":"678c2c25-35d0-47dc-8ccf-bcfe45531df7","name":"Travel Allowance Days","description":"The Travel Allowance API fetches all the fixed allowance days in the specified expense report. Clients using this API can determine whether an allowance is a full day or partial day allowance.","schema":"https://schema.getpostman.com/json/collection/v2.1.0/collection.json"},"item":[{"name":"api","item":[{"name":"v4","item":[{"name":"travelallowance","item":[{"name":"allowancedays","item":[{"name":"companyUUID","item":[{"name":"{companyUUID}","item":[{"name":"contexts","item":[{"name":"{Context}","item":[{"name":"{ContextId}","item":[{"name":"Get Details of Travel Allowance Days","id":"3ef540d3-068b-4d20-b895-2db0ebe55c72","protocolProfileBehavior":{"disableBodyPruning":true},"request":{"method":"GET","header":[{"description":"Concur specific custom header used for technical support in the form of a RFC 4122 A Universally Unique IDentifier (UUID) URN Namespace.","key":"concur-correlationid","value":"<string>"},{"key":"Accept","value":"application/json"}],"url":{"raw":"{{baseUrl}}/api/v4/travelallowance/allowancedays/companyUUID/:companyUUID/contexts/:Context/:ContextId","host":["{{baseUrl}}"],"path":["api","v4","travelallowance","allowancedays","companyUUID",":companyUUID","contexts",":Context",":ContextId"],"variable":[{"id":"fb0cebbd-0d50-49ff-ad5d-c4721ce86030","key":"companyUUID","value":"<string>"},{"id":"10a7ab15-cb7b-45d7-ab0b-ac90aecc542b","key":"Context","value":"<string>"},{"id":"b73170bd-2bcf-49ad-a54e-3aeb70040e9c","key":"ContextId","value":"<string>"}]},"description":"Returns allowance days details along with any exceptions."},"response":[{"id":"e4fa0124-3dde-488f-a84e-be1fbcd60c73","name":"Success","originalRequest":{"method":"GET","header":[{"description":"Concur specific custom header used for technical support in the form of a RFC 4122 A Universally Unique IDentifier (UUID) URN Namespace.","key":"concur-correlationid","value":"<string>"},{"key":"Accept","value":"application/json"}],"url":{"raw":"{{baseUrl}}/api/v4/travelallowance/allowancedays/companyUUID/:companyUUID/contexts/:Context/:ContextId","host":["{{baseUrl}}"],"path":["api","v4","travelallowance","allowancedays","companyUUID",":companyUUID","contexts",":Context",":ContextId"],"variable":[{"key":"companyUUID"},{"key":"Context"},{"key":"ContextId"}]}},"status":"OK","code":200,"_postman_previewlanguage":"json","header":[{"key":"Content-Type","value":"application/json"}],"cookie":[],"responseTime":null,"body":"{\n  \"content\": [\n    {\n      \"allowanceDate\": \"<date>\",\n      \"currencyCode\": \"<string>\",\n      \"expenseTransactionAmount\": \"<number>\",\n      \"expenseTransactionDate\": \"<date>\",\n      \"expenseTypeCode\": \"<string>\",\n      \"fullAllowanceDay\": \"<string>\"\n    },\n    {\n      \"allowanceDate\": \"<date>\",\n      \"currencyCode\": \"<string>\",\n      \"expenseTransactionAmount\": \"<number>\",\n      \"expenseTransactionDate\": \"<date>\",\n      \"expenseTypeCode\": \"<string>\",\n      \"fullAllowanceDay\": \"<string>\"\n    }\n  ],\n  \"links\": [\n    {\n      \"href\": \"<string>\",\n      \"rel\": \"<string>\"\n    },\n    {\n      \"href\": \"<string>\",\n      \"rel\": \"<string>\"\n    }\n  ]\n}"},{"id":"e7abe371-e4fd-4142-845d-28627825e034","name":"Unauthorized","originalRequest":{"method":"GET","header":[{"description":"Concur specific custom header used for technical support in the form of a RFC 4122 A Universally Unique IDentifier (UUID) URN Namespace.","key":"concur-correlationid","value":"<string>"}],"url":{"raw":"{{baseUrl}}/api/v4/travelallowance/allowancedays/companyUUID/:companyUUID/contexts/:Context/:ContextId","host":["{{baseUrl}}"],"path":["api","v4","travelallowance","allowancedays","companyUUID",":companyUUID","contexts",":Context",":ContextId"],"variable":[{"key":"companyUUID"},{"key":"Context"},{"key":"ContextId"}]}},"status":"Unauthorized","code":401,"_postman_previewlanguage":"text","header":[],"cookie":[],"responseTime":null,"body":""},{"id":"f99120c0-ad42-4b4a-847a-e64d6889807e","name":"Not Found","originalRequest":{"method":"GET","header":[{"description":"Concur specific custom header used for technical support in the form of a RFC 4122 A Universally Unique IDentifier (UUID) URN Namespace.","key":"concur-correlationid","value":"<string>"}],"url":{"raw":"{{baseUrl}}/api/v4/travelallowance/allowancedays/companyUUID/:companyUUID/contexts/:Context/:ContextId","host":["{{baseUrl}}"],"path":["api","v4","travelallowance","allowancedays","companyUUID",":companyUUID","contexts",":Context",":ContextId"],"variable":[{"key":"companyUUID"},{"key":"Context"},{"key":"ContextId"}]}},"status":"Not Found","code":404,"_postman_previewlanguage":"text","header":[],"cookie":[],"responseTime":null,"body":""},{"id":"bc303add-2dda-418d-81fb-69cacb4c8ae4","name":"Internal Server Error","originalRequest":{"method":"GET","header":[{"description":"Concur specific custom header used for technical support in the form of a RFC 4122 A Universally Unique IDentifier (UUID) URN Namespace.","key":"concur-correlationid","value":"<string>"}],"url":{"raw":"{{baseUrl}}/api/v4/travelallowance/allowancedays/companyUUID/:companyUUID/contexts/:Context/:ContextId","host":["{{baseUrl}}"],"path":["api","v4","travelallowance","allowancedays","companyUUID",":companyUUID","contexts",":Context",":ContextId"],"variable":[{"key":"companyUUID"},{"key":"Context"},{"key":"ContextId"}]}},"status":"Internal Server Error","code":500,"_postman_previewlanguage":"text","header":[],"cookie":[],"responseTime":null,"body":""},{"id":"ee176cf5-74a1-4128-b3ce-f054977ce60b","name":"Service Unavailable","originalRequest":{"method":"GET","header":[{"description":"Concur specific custom header used for technical support in the form of a RFC 4122 A Universally Unique IDentifier (UUID) URN Namespace.","key":"concur-correlationid","value":"<string>"}],"url":{"raw":"{{baseUrl}}/api/v4/travelallowance/allowancedays/companyUUID/:companyUUID/contexts/:Context/:ContextId","host":["{{baseUrl}}"],"path":["api","v4","travelallowance","allowancedays","companyUUID",":companyUUID","contexts",":Context",":ContextId"],"variable":[{"key":"companyUUID"},{"key":"Context"},{"key":"ContextId"}]}},"status":"Service Unavailable","code":503,"_postman_previewlanguage":"text","header":[],"cookie":[],"responseTime":null,"body":""}]}],"id":"93035391-41ad-442e-803d-58d8b7bc09f9"}],"id":"ecd78ddf-ee3d-4322-afe1-92897d2c6945"}],"id":"c74ed79a-38d8-45db-9142-024d13922010"}],"id":"5efa3701-74b6-45cf-9879-0d0fa2f33447"}],"id":"b64ab062-8156-4f7a-83a7-a81604ad1ac3"}],"id":"f2e5fbfd-360e-402b-928f-98f771a8d2a2"}],"id":"07d365a1-bb1b-4870-8454-868ea9ddb5b5"}],"id":"4ca7332f-5760-4fbd-b668-5cd8559176f0"}],"id":"cfccf4a5-cee8-450e-9833-b72747c61a3c"}],"auth":{"type":"bearer","bearer":[{"key":"token","value":"{{accessToken}}","type":"string"}]},"event":[{"listen":"prerequest","script":{"id":"dab11d15-8f77-4439-8f95-e74f2f94cdbf","type":"text/javascript","exec":[""]}},{"listen":"test","script":{"id":"5ca658e2-a8a2-47ea-8b24-15a35b4b785b","type":"text/javascript","exec":[""]}}],"variable":[{"id":"22e17707-186d-4b34-84ab-2fbe3d49ce46","key":"baseUrl","value":"https://www.concursolutions.com/api/v4.0"}]}