{"info":{"_postman_id":"68c7c253-bf56-472a-af25-6de3119e1e1d","name":"Cash Advance API Documentation","schema":"https://schema.getpostman.com/json/collection/v2.1.0/collection.json"},"item":[{"name":"cashadvances","item":[{"name":"{cashadvanceId}","item":[{"name":"issue","item":[{"name":"Issue a Cash Advance","id":"abacc4ae-4a5b-49d2-b7e6-ab80a0476762","protocolProfileBehavior":{"disableBodyPruning":true},"request":{"method":"POST","header":[{"description":"(Required) The unique identifier of the consumer making the API calls","key":"concur-correlationid","value":"<string>"},{"key":"Content-Type","value":"application/json"},{"key":"Accept","value":"application/json"}],"body":{"mode":"raw","raw":"{\n  \"accountCode\": \"<string>\",\n  \"comment\": \"<string>\",\n  \"exchangeRate\": \"<number>\"\n}","options":{"raw":{"headerFamily":"json","language":"json"}}},"url":{"raw":"{{baseUrl}}/cashadvances/:cashadvanceId/issue","host":["{{baseUrl}}"],"path":["cashadvances",":cashadvanceId","issue"],"variable":[{"id":"2d966128-d950-4b24-9e4b-1bb6847c4db6","key":"cashadvanceId","value":"<string>"}]}},"response":[{"id":"59a043d7-8760-46ae-81d0-6f54a833e27f","name":"Issued","originalRequest":{"method":"POST","header":[{"description":"(Required) The unique identifier of the consumer making the API calls","key":"concur-correlationid","value":"<string>"},{"key":"Content-Type","value":"application/json"},{"key":"Accept","value":"application/json"}],"body":{"mode":"raw","raw":"{\n  \"accountCode\": \"<string>\",\n  \"comment\": \"<string>\",\n  \"exchangeRate\": \"<number>\"\n}","options":{"raw":{"headerFamily":"json","language":"json"}}},"url":{"raw":"{{baseUrl}}/cashadvances/:cashadvanceId/issue","host":["{{baseUrl}}"],"path":["cashadvances",":cashadvanceId","issue"],"variable":[{"key":"cashadvanceId"}]}},"status":"OK","code":200,"_postman_previewlanguage":"json","header":[{"key":"Content-Type","value":"application/json"}],"cookie":[],"responseTime":null,"body":"{\n  \"issuedDate\": \"<string>\",\n  \"status\": {\n    \"code\": \"<string>\",\n    \"name\": \"<string>\"\n  }\n}"},{"id":"24e7efb4-6a62-4c46-8e49-a3e3c924cca6","name":"Invalid request body","originalRequest":{"method":"POST","header":[{"description":"(Required) The unique identifier of the consumer making the API calls","key":"concur-correlationid","value":"<string>"},{"key":"Content-Type","value":"application/json"},{"key":"Accept","value":"application/json"}],"body":{"mode":"raw","raw":"{\n  \"accountCode\": \"<string>\",\n  \"comment\": \"<string>\",\n  \"exchangeRate\": \"<number>\"\n}","options":{"raw":{"headerFamily":"json","language":"json"}}},"url":{"raw":"{{baseUrl}}/cashadvances/:cashadvanceId/issue","host":["{{baseUrl}}"],"path":["cashadvances",":cashadvanceId","issue"],"variable":[{"key":"cashadvanceId"}]}},"status":"Bad Request","code":400,"_postman_previewlanguage":"json","header":[{"key":"Content-Type","value":"application/json"}],"cookie":[],"responseTime":null,"body":"{\n  \"errors\": [\n    {\n      \"errorCode\": \"<integer>\",\n      \"errorMessage\": \"<string>\"\n    },\n    {\n      \"errorCode\": \"<integer>\",\n      \"errorMessage\": \"<string>\"\n    }\n  ]\n}"},{"id":"f59b50d0-724d-4a0a-8cdd-efda3e811f28","name":"Invalid or nonexistent authorization HTTP header","originalRequest":{"method":"POST","header":[{"description":"(Required) The unique identifier of the consumer making the API calls","key":"concur-correlationid","value":"<string>"},{"key":"Content-Type","value":"application/json"},{"key":"Accept","value":"application/json"}],"body":{"mode":"raw","raw":"{\n  \"accountCode\": \"<string>\",\n  \"comment\": \"<string>\",\n  \"exchangeRate\": \"<number>\"\n}","options":{"raw":{"headerFamily":"json","language":"json"}}},"url":{"raw":"{{baseUrl}}/cashadvances/:cashadvanceId/issue","host":["{{baseUrl}}"],"path":["cashadvances",":cashadvanceId","issue"],"variable":[{"key":"cashadvanceId"}]}},"status":"Unauthorized","code":401,"_postman_previewlanguage":"json","header":[{"key":"Content-Type","value":"application/json"}],"cookie":[],"responseTime":null,"body":"{\n  \"errors\": [\n    {\n      \"errorCode\": \"<integer>\",\n      \"errorMessage\": \"<string>\"\n    },\n    {\n      \"errorCode\": \"<integer>\",\n      \"errorMessage\": \"<string>\"\n    }\n  ]\n}"},{"id":"69a37f01-83fa-4628-92d6-380923e97910","name":"Permission Denied","originalRequest":{"method":"POST","header":[{"description":"(Required) The unique identifier of the consumer making the API calls","key":"concur-correlationid","value":"<string>"},{"key":"Content-Type","value":"application/json"},{"key":"Accept","value":"application/json"}],"body":{"mode":"raw","raw":"{\n  \"accountCode\": \"<string>\",\n  \"comment\": \"<string>\",\n  \"exchangeRate\": \"<number>\"\n}","options":{"raw":{"headerFamily":"json","language":"json"}}},"url":{"raw":"{{baseUrl}}/cashadvances/:cashadvanceId/issue","host":["{{baseUrl}}"],"path":["cashadvances",":cashadvanceId","issue"],"variable":[{"key":"cashadvanceId"}]}},"status":"Forbidden","code":403,"_postman_previewlanguage":"json","header":[{"key":"Content-Type","value":"application/json"}],"cookie":[],"responseTime":null,"body":"{\n  \"errors\": [\n    {\n      \"errorCode\": \"<integer>\",\n      \"errorMessage\": \"<string>\"\n    },\n    {\n      \"errorCode\": \"<integer>\",\n      \"errorMessage\": \"<string>\"\n    }\n  ]\n}"},{"id":"d63fb859-cced-4627-9e3c-bba6ef3d65a7","name":"Not found","originalRequest":{"method":"POST","header":[{"description":"(Required) The unique identifier of the consumer making the API calls","key":"concur-correlationid","value":"<string>"},{"key":"Content-Type","value":"application/json"},{"key":"Accept","value":"application/json"}],"body":{"mode":"raw","raw":"{\n  \"accountCode\": \"<string>\",\n  \"comment\": \"<string>\",\n  \"exchangeRate\": \"<number>\"\n}","options":{"raw":{"headerFamily":"json","language":"json"}}},"url":{"raw":"{{baseUrl}}/cashadvances/:cashadvanceId/issue","host":["{{baseUrl}}"],"path":["cashadvances",":cashadvanceId","issue"],"variable":[{"key":"cashadvanceId"}]}},"status":"Not Found","code":404,"_postman_previewlanguage":"json","header":[{"key":"Content-Type","value":"application/json"}],"cookie":[],"responseTime":null,"body":"{\n  \"errors\": [\n    {\n      \"errorCode\": \"<integer>\",\n      \"errorMessage\": \"<string>\"\n    },\n    {\n      \"errorCode\": \"<integer>\",\n      \"errorMessage\": \"<string>\"\n    }\n  ]\n}"},{"id":"c4a6c35b-ba8a-41c9-a687-536c880f57bf","name":"Timed out","originalRequest":{"method":"POST","header":[{"description":"(Required) The unique identifier of the consumer making the API calls","key":"concur-correlationid","value":"<string>"},{"key":"Content-Type","value":"application/json"},{"key":"Accept","value":"application/json"}],"body":{"mode":"raw","raw":"{\n  \"accountCode\": \"<string>\",\n  \"comment\": \"<string>\",\n  \"exchangeRate\": \"<number>\"\n}","options":{"raw":{"headerFamily":"json","language":"json"}}},"url":{"raw":"{{baseUrl}}/cashadvances/:cashadvanceId/issue","host":["{{baseUrl}}"],"path":["cashadvances",":cashadvanceId","issue"],"variable":[{"key":"cashadvanceId"}]}},"status":"Request Timeout","code":408,"_postman_previewlanguage":"json","header":[{"key":"Content-Type","value":"application/json"}],"cookie":[],"responseTime":null,"body":"{\n  \"errors\": [\n    {\n      \"errorCode\": \"<integer>\",\n      \"errorMessage\": \"<string>\"\n    },\n    {\n      \"errorCode\": \"<integer>\",\n      \"errorMessage\": \"<string>\"\n    }\n  ]\n}"},{"id":"13b183cb-19f3-4659-9a15-1030150efc07","name":"Internal server error","originalRequest":{"method":"POST","header":[{"description":"(Required) The unique identifier of the consumer making the API calls","key":"concur-correlationid","value":"<string>"},{"key":"Content-Type","value":"application/json"},{"key":"Accept","value":"application/json"}],"body":{"mode":"raw","raw":"{\n  \"accountCode\": \"<string>\",\n  \"comment\": \"<string>\",\n  \"exchangeRate\": \"<number>\"\n}","options":{"raw":{"headerFamily":"json","language":"json"}}},"url":{"raw":"{{baseUrl}}/cashadvances/:cashadvanceId/issue","host":["{{baseUrl}}"],"path":["cashadvances",":cashadvanceId","issue"],"variable":[{"key":"cashadvanceId"}]}},"status":"Internal Server Error","code":500,"_postman_previewlanguage":"json","header":[{"key":"Content-Type","value":"application/json"}],"cookie":[],"responseTime":null,"body":"{\n  \"errors\": [\n    {\n      \"errorCode\": \"<integer>\",\n      \"errorMessage\": \"<string>\"\n    },\n    {\n      \"errorCode\": \"<integer>\",\n      \"errorMessage\": \"<string>\"\n    }\n  ]\n}"},{"id":"e5f25d47-dc78-4442-8abd-b43ddd9c122b","name":"The service is currently unavailable","originalRequest":{"method":"POST","header":[{"description":"(Required) The unique identifier of the consumer making the API calls","key":"concur-correlationid","value":"<string>"},{"key":"Content-Type","value":"application/json"},{"key":"Accept","value":"application/json"}],"body":{"mode":"raw","raw":"{\n  \"accountCode\": \"<string>\",\n  \"comment\": \"<string>\",\n  \"exchangeRate\": \"<number>\"\n}","options":{"raw":{"headerFamily":"json","language":"json"}}},"url":{"raw":"{{baseUrl}}/cashadvances/:cashadvanceId/issue","host":["{{baseUrl}}"],"path":["cashadvances",":cashadvanceId","issue"],"variable":[{"key":"cashadvanceId"}]}},"status":"Service Unavailable","code":503,"_postman_previewlanguage":"json","header":[{"key":"Content-Type","value":"application/json"}],"cookie":[],"responseTime":null,"body":"{\n  \"errors\": [\n    {\n      \"errorCode\": \"<integer>\",\n      \"errorMessage\": \"<string>\"\n    },\n    {\n      \"errorCode\": \"<integer>\",\n      \"errorMessage\": \"<string>\"\n    }\n  ]\n}"}]}],"id":"ae1aa02a-81b9-4167-9064-60655c3e828b"},{"name":"Get Details of a Cash Advance","id":"5524786f-e43e-4452-b95f-8affa75ebcd1","protocolProfileBehavior":{"disableBodyPruning":true},"request":{"method":"GET","header":[{"description":"(Required) The unique identifier of the consumer making the API calls","key":"concur-correlationid","value":"<string>"},{"key":"Accept","value":"application/json"}],"url":{"raw":"{{baseUrl}}/cashadvances/:cashadvanceId","host":["{{baseUrl}}"],"path":["cashadvances",":cashadvanceId"],"variable":[{"id":"3275dee0-3e85-4b46-a923-1a636b47a233","key":"cashadvanceId","value":"<string>"}]}},"response":[{"id":"87b39cca-028f-40b0-9453-4a1c012b949c","name":"Success","originalRequest":{"method":"GET","header":[{"description":"(Required) The unique identifier of the consumer making the API calls","key":"concur-correlationid","value":"<string>"},{"key":"Accept","value":"application/json"}],"url":{"raw":"{{baseUrl}}/cashadvances/:cashadvanceId","host":["{{baseUrl}}"],"path":["cashadvances",":cashadvanceId"],"variable":[{"key":"cashadvanceId"}]}},"status":"OK","code":200,"_postman_previewlanguage":"json","header":[{"key":"Content-Type","value":"application/json"}],"cookie":[],"responseTime":null,"body":"{\n  \"paymentType\": {\n    \"description\": \"<string>\",\n    \"paymentCode\": \"<string>\"\n  },\n  \"exchangeRate\": {\n    \"operation\": \"<string>\",\n    \"value\": \"<string>\"\n  },\n  \"amountRequested\": {\n    \"amount\": \"<number>\",\n    \"currency\": \"<string>\",\n    \"value\": \"<string>\"\n  },\n  \"availableBalance\": {\n    \"amount\": \"<string>\",\n    \"currency\": \"<string>\"\n  },\n  \"approvalStatus\": {\n    \"code\": \"<string>\",\n    \"name\": \"<string>\"\n  },\n  \"cashAdvanceId\": \"<string>\",\n  \"requestDate\": \"<string>\",\n  \"name\": \"<string>\",\n  \"purpose\": \"<string>\",\n  \"issuedDate\": \"<string>\",\n  \"accountCode\": \"<string>\",\n  \"comment\": \"<string>\",\n  \"lastModifiedDate\": \"<string>\",\n  \"hasReceipts\": \"<boolean>\",\n  \"reimbursementCurrency\": \"<string>\"\n}"},{"id":"c8134a30-241f-46ac-8565-8c6d841ff072","name":"Bad Param: invalid Cash Advance Id.","originalRequest":{"method":"GET","header":[{"description":"(Required) The unique identifier of the consumer making the API calls","key":"concur-correlationid","value":"<string>"},{"key":"Accept","value":"application/json"}],"url":{"raw":"{{baseUrl}}/cashadvances/:cashadvanceId","host":["{{baseUrl}}"],"path":["cashadvances",":cashadvanceId"],"variable":[{"key":"cashadvanceId"}]}},"status":"Bad Request","code":400,"_postman_previewlanguage":"json","header":[{"key":"Content-Type","value":"application/json"}],"cookie":[],"responseTime":null,"body":"{\n  \"errors\": [\n    {\n      \"errorCode\": \"<integer>\",\n      \"errorMessage\": \"<string>\"\n    },\n    {\n      \"errorCode\": \"<integer>\",\n      \"errorMessage\": \"<string>\"\n    }\n  ]\n}"},{"id":"3ef245da-e774-4b5a-9b59-79acbdfc3da7","name":"Invalid or nonexistent authorization HTTP header","originalRequest":{"method":"GET","header":[{"description":"(Required) The unique identifier of the consumer making the API calls","key":"concur-correlationid","value":"<string>"},{"key":"Accept","value":"application/json"}],"url":{"raw":"{{baseUrl}}/cashadvances/:cashadvanceId","host":["{{baseUrl}}"],"path":["cashadvances",":cashadvanceId"],"variable":[{"key":"cashadvanceId"}]}},"status":"Unauthorized","code":401,"_postman_previewlanguage":"json","header":[{"key":"Content-Type","value":"application/json"}],"cookie":[],"responseTime":null,"body":"{\n  \"errors\": [\n    {\n      \"errorCode\": \"<integer>\",\n      \"errorMessage\": \"<string>\"\n    },\n    {\n      \"errorCode\": \"<integer>\",\n      \"errorMessage\": \"<string>\"\n    }\n  ]\n}"},{"id":"574d2fae-3388-48b6-821d-e4aa27980e81","name":"Permission Denied","originalRequest":{"method":"GET","header":[{"description":"(Required) The unique identifier of the consumer making the API calls","key":"concur-correlationid","value":"<string>"},{"key":"Accept","value":"application/json"}],"url":{"raw":"{{baseUrl}}/cashadvances/:cashadvanceId","host":["{{baseUrl}}"],"path":["cashadvances",":cashadvanceId"],"variable":[{"key":"cashadvanceId"}]}},"status":"Forbidden","code":403,"_postman_previewlanguage":"json","header":[{"key":"Content-Type","value":"application/json"}],"cookie":[],"responseTime":null,"body":"{\n  \"errors\": [\n    {\n      \"errorCode\": \"<integer>\",\n      \"errorMessage\": \"<string>\"\n    },\n    {\n      \"errorCode\": \"<integer>\",\n      \"errorMessage\": \"<string>\"\n    }\n  ]\n}"},{"id":"0aa2094c-04f8-46db-8bb0-9811a8f10b40","name":"Not found","originalRequest":{"method":"GET","header":[{"description":"(Required) The unique identifier of the consumer making the API calls","key":"concur-correlationid","value":"<string>"},{"key":"Accept","value":"application/json"}],"url":{"raw":"{{baseUrl}}/cashadvances/:cashadvanceId","host":["{{baseUrl}}"],"path":["cashadvances",":cashadvanceId"],"variable":[{"key":"cashadvanceId"}]}},"status":"Not Found","code":404,"_postman_previewlanguage":"json","header":[{"key":"Content-Type","value":"application/json"}],"cookie":[],"responseTime":null,"body":"{\n  \"errors\": [\n    {\n      \"errorCode\": \"<integer>\",\n      \"errorMessage\": \"<string>\"\n    },\n    {\n      \"errorCode\": \"<integer>\",\n      \"errorMessage\": \"<string>\"\n    }\n  ]\n}"},{"id":"02610dff-f08b-47a9-8374-4b9f922ac8da","name":"Timed out","originalRequest":{"method":"GET","header":[{"description":"(Required) The unique identifier of the consumer making the API calls","key":"concur-correlationid","value":"<string>"},{"key":"Accept","value":"application/json"}],"url":{"raw":"{{baseUrl}}/cashadvances/:cashadvanceId","host":["{{baseUrl}}"],"path":["cashadvances",":cashadvanceId"],"variable":[{"key":"cashadvanceId"}]}},"status":"Request Timeout","code":408,"_postman_previewlanguage":"json","header":[{"key":"Content-Type","value":"application/json"}],"cookie":[],"responseTime":null,"body":"{\n  \"errors\": [\n    {\n      \"errorCode\": \"<integer>\",\n      \"errorMessage\": \"<string>\"\n    },\n    {\n      \"errorCode\": \"<integer>\",\n      \"errorMessage\": \"<string>\"\n    }\n  ]\n}"},{"id":"37c6653f-e373-4ec0-84aa-ad7df5ff17e0","name":"An unexpected error has prevented the operation","originalRequest":{"method":"GET","header":[{"description":"(Required) The unique identifier of the consumer making the API calls","key":"concur-correlationid","value":"<string>"},{"key":"Accept","value":"application/json"}],"url":{"raw":"{{baseUrl}}/cashadvances/:cashadvanceId","host":["{{baseUrl}}"],"path":["cashadvances",":cashadvanceId"],"variable":[{"key":"cashadvanceId"}]}},"status":"Internal Server Error","code":500,"_postman_previewlanguage":"json","header":[{"key":"Content-Type","value":"application/json"}],"cookie":[],"responseTime":null,"body":"{\n  \"errors\": [\n    {\n      \"errorCode\": \"<integer>\",\n      \"errorMessage\": \"<string>\"\n    },\n    {\n      \"errorCode\": \"<integer>\",\n      \"errorMessage\": \"<string>\"\n    }\n  ]\n}"},{"id":"dbd82ea9-5724-4a0e-9442-af602b82ab7c","name":"The service is currently unavailable","originalRequest":{"method":"GET","header":[{"description":"(Required) The unique identifier of the consumer making the API calls","key":"concur-correlationid","value":"<string>"},{"key":"Accept","value":"application/json"}],"url":{"raw":"{{baseUrl}}/cashadvances/:cashadvanceId","host":["{{baseUrl}}"],"path":["cashadvances",":cashadvanceId"],"variable":[{"key":"cashadvanceId"}]}},"status":"Service Unavailable","code":503,"_postman_previewlanguage":"json","header":[{"key":"Content-Type","value":"application/json"}],"cookie":[],"responseTime":null,"body":"{\n  \"errors\": [\n    {\n      \"errorCode\": \"<integer>\",\n      \"errorMessage\": \"<string>\"\n    },\n    {\n      \"errorCode\": \"<integer>\",\n      \"errorMessage\": \"<string>\"\n    }\n  ]\n}"}]}],"id":"718369a7-df97-4d69-bf38-6e96cc005e07"},{"name":"Create a Cash Advance","id":"e0d0332d-af14-4c18-bd9b-aa0f327d13ce","protocolProfileBehavior":{"disableBodyPruning":true},"request":{"method":"POST","header":[{"description":"(Required) The unique identifier of the consumer making the API calls","key":"concur-correlationid","value":"<string>"},{"key":"Content-Type","value":"application/json"},{"key":"Accept","value":"application/json"}],"body":{"mode":"raw","raw":"{\n  \"accountCode\": \"<string>\",\n  \"amountRequested\": {\n    \"amount\": \"<number>\",\n    \"currency\": \"<string>\"\n  },\n  \"comment\": \"<string>\",\n  \"name\": \"<string>\",\n  \"purpose\": \"<string>\",\n  \"userId\": \"<string>\"\n}","options":{"raw":{"headerFamily":"json","language":"json"}}},"url":{"raw":"{{baseUrl}}/cashadvances","host":["{{baseUrl}}"],"path":["cashadvances"]}},"response":[{"id":"58f2cd77-14f6-41d5-8ea4-c10a7f480ee7","name":"Created","originalRequest":{"method":"POST","header":[{"description":"(Required) The unique identifier of the consumer making the API calls","key":"concur-correlationid","value":"<string>"},{"key":"Content-Type","value":"application/json"},{"key":"Accept","value":"application/json"}],"body":{"mode":"raw","raw":"{\n  \"accountCode\": \"<string>\",\n  \"amountRequested\": {\n    \"amount\": \"<number>\",\n    \"currency\": \"<string>\"\n  },\n  \"comment\": \"<string>\",\n  \"name\": \"<string>\",\n  \"purpose\": \"<string>\",\n  \"userId\": \"<string>\"\n}","options":{"raw":{"headerFamily":"json","language":"json"}}},"url":{"raw":"{{baseUrl}}/cashadvances","host":["{{baseUrl}}"],"path":["cashadvances"]}},"status":"Created","code":201,"_postman_previewlanguage":"json","header":[{"key":"Content-Type","value":"application/json"}],"cookie":[],"responseTime":null,"body":"{\n  \"cashAdvanceId\": \"<string>\"\n}"},{"id":"6c2b2f26-3e95-42c6-aa16-425603db1996","name":"Invalid request body","originalRequest":{"method":"POST","header":[{"description":"(Required) The unique identifier of the consumer making the API calls","key":"concur-correlationid","value":"<string>"},{"key":"Content-Type","value":"application/json"},{"key":"Accept","value":"application/json"}],"body":{"mode":"raw","raw":"{\n  \"accountCode\": \"<string>\",\n  \"amountRequested\": {\n    \"amount\": \"<number>\",\n    \"currency\": \"<string>\"\n  },\n  \"comment\": \"<string>\",\n  \"name\": \"<string>\",\n  \"purpose\": \"<string>\",\n  \"userId\": \"<string>\"\n}","options":{"raw":{"headerFamily":"json","language":"json"}}},"url":{"raw":"{{baseUrl}}/cashadvances","host":["{{baseUrl}}"],"path":["cashadvances"]}},"status":"Bad Request","code":400,"_postman_previewlanguage":"json","header":[{"key":"Content-Type","value":"application/json"}],"cookie":[],"responseTime":null,"body":"{\n  \"errors\": [\n    {\n      \"errorCode\": \"<integer>\",\n      \"errorMessage\": \"<string>\"\n    },\n    {\n      \"errorCode\": \"<integer>\",\n      \"errorMessage\": \"<string>\"\n    }\n  ]\n}"},{"id":"fa77ef80-655b-4660-8576-f23a88bb3e57","name":"Invalid or nonexistent authorization HTTP header","originalRequest":{"method":"POST","header":[{"description":"(Required) The unique identifier of the consumer making the API calls","key":"concur-correlationid","value":"<string>"},{"key":"Content-Type","value":"application/json"},{"key":"Accept","value":"application/json"}],"body":{"mode":"raw","raw":"{\n  \"accountCode\": \"<string>\",\n  \"amountRequested\": {\n    \"amount\": \"<number>\",\n    \"currency\": \"<string>\"\n  },\n  \"comment\": \"<string>\",\n  \"name\": \"<string>\",\n  \"purpose\": \"<string>\",\n  \"userId\": \"<string>\"\n}","options":{"raw":{"headerFamily":"json","language":"json"}}},"url":{"raw":"{{baseUrl}}/cashadvances","host":["{{baseUrl}}"],"path":["cashadvances"]}},"status":"Unauthorized","code":401,"_postman_previewlanguage":"json","header":[{"key":"Content-Type","value":"application/json"}],"cookie":[],"responseTime":null,"body":"{\n  \"errors\": [\n    {\n      \"errorCode\": \"<integer>\",\n      \"errorMessage\": \"<string>\"\n    },\n    {\n      \"errorCode\": \"<integer>\",\n      \"errorMessage\": \"<string>\"\n    }\n  ]\n}"},{"id":"1c17d859-7609-4112-9ccd-b6ae6ed3d074","name":"Permission Denied","originalRequest":{"method":"POST","header":[{"description":"(Required) The unique identifier of the consumer making the API calls","key":"concur-correlationid","value":"<string>"},{"key":"Content-Type","value":"application/json"},{"key":"Accept","value":"application/json"}],"body":{"mode":"raw","raw":"{\n  \"accountCode\": \"<string>\",\n  \"amountRequested\": {\n    \"amount\": \"<number>\",\n    \"currency\": \"<string>\"\n  },\n  \"comment\": \"<string>\",\n  \"name\": \"<string>\",\n  \"purpose\": \"<string>\",\n  \"userId\": \"<string>\"\n}","options":{"raw":{"headerFamily":"json","language":"json"}}},"url":{"raw":"{{baseUrl}}/cashadvances","host":["{{baseUrl}}"],"path":["cashadvances"]}},"status":"Forbidden","code":403,"_postman_previewlanguage":"json","header":[{"key":"Content-Type","value":"application/json"}],"cookie":[],"responseTime":null,"body":"{\n  \"errors\": [\n    {\n      \"errorCode\": \"<integer>\",\n      \"errorMessage\": \"<string>\"\n    },\n    {\n      \"errorCode\": \"<integer>\",\n      \"errorMessage\": \"<string>\"\n    }\n  ]\n}"},{"id":"cc18516c-e45a-4dbf-8225-bcedc8059b77","name":"Not found","originalRequest":{"method":"POST","header":[{"description":"(Required) The unique identifier of the consumer making the API calls","key":"concur-correlationid","value":"<string>"},{"key":"Content-Type","value":"application/json"},{"key":"Accept","value":"application/json"}],"body":{"mode":"raw","raw":"{\n  \"accountCode\": \"<string>\",\n  \"amountRequested\": {\n    \"amount\": \"<number>\",\n    \"currency\": \"<string>\"\n  },\n  \"comment\": \"<string>\",\n  \"name\": \"<string>\",\n  \"purpose\": \"<string>\",\n  \"userId\": \"<string>\"\n}","options":{"raw":{"headerFamily":"json","language":"json"}}},"url":{"raw":"{{baseUrl}}/cashadvances","host":["{{baseUrl}}"],"path":["cashadvances"]}},"status":"Not Found","code":404,"_postman_previewlanguage":"json","header":[{"key":"Content-Type","value":"application/json"}],"cookie":[],"responseTime":null,"body":"{\n  \"errors\": [\n    {\n      \"errorCode\": \"<integer>\",\n      \"errorMessage\": \"<string>\"\n    },\n    {\n      \"errorCode\": \"<integer>\",\n      \"errorMessage\": \"<string>\"\n    }\n  ]\n}"},{"id":"db39c3e9-4cd8-4cfc-9bf3-49e6bfc75e67","name":"Timed out","originalRequest":{"method":"POST","header":[{"description":"(Required) The unique identifier of the consumer making the API calls","key":"concur-correlationid","value":"<string>"},{"key":"Content-Type","value":"application/json"},{"key":"Accept","value":"application/json"}],"body":{"mode":"raw","raw":"{\n  \"accountCode\": \"<string>\",\n  \"amountRequested\": {\n    \"amount\": \"<number>\",\n    \"currency\": \"<string>\"\n  },\n  \"comment\": \"<string>\",\n  \"name\": \"<string>\",\n  \"purpose\": \"<string>\",\n  \"userId\": \"<string>\"\n}","options":{"raw":{"headerFamily":"json","language":"json"}}},"url":{"raw":"{{baseUrl}}/cashadvances","host":["{{baseUrl}}"],"path":["cashadvances"]}},"status":"Request Timeout","code":408,"_postman_previewlanguage":"json","header":[{"key":"Content-Type","value":"application/json"}],"cookie":[],"responseTime":null,"body":"{\n  \"errors\": [\n    {\n      \"errorCode\": \"<integer>\",\n      \"errorMessage\": \"<string>\"\n    },\n    {\n      \"errorCode\": \"<integer>\",\n      \"errorMessage\": \"<string>\"\n    }\n  ]\n}"},{"id":"ab33bb7f-4ce3-4fdb-9b36-18ac8c93bc6c","name":"Internal server error","originalRequest":{"method":"POST","header":[{"description":"(Required) The unique identifier of the consumer making the API calls","key":"concur-correlationid","value":"<string>"},{"key":"Content-Type","value":"application/json"},{"key":"Accept","value":"application/json"}],"body":{"mode":"raw","raw":"{\n  \"accountCode\": \"<string>\",\n  \"amountRequested\": {\n    \"amount\": \"<number>\",\n    \"currency\": \"<string>\"\n  },\n  \"comment\": \"<string>\",\n  \"name\": \"<string>\",\n  \"purpose\": \"<string>\",\n  \"userId\": \"<string>\"\n}","options":{"raw":{"headerFamily":"json","language":"json"}}},"url":{"raw":"{{baseUrl}}/cashadvances","host":["{{baseUrl}}"],"path":["cashadvances"]}},"status":"Internal Server Error","code":500,"_postman_previewlanguage":"json","header":[{"key":"Content-Type","value":"application/json"}],"cookie":[],"responseTime":null,"body":"{\n  \"errors\": [\n    {\n      \"errorCode\": \"<integer>\",\n      \"errorMessage\": \"<string>\"\n    },\n    {\n      \"errorCode\": \"<integer>\",\n      \"errorMessage\": \"<string>\"\n    }\n  ]\n}"},{"id":"cd6392e2-b5ea-409f-a4ae-5f7b47aa2c0f","name":"The service is currently unavailable","originalRequest":{"method":"POST","header":[{"description":"(Required) The unique identifier of the consumer making the API calls","key":"concur-correlationid","value":"<string>"},{"key":"Content-Type","value":"application/json"},{"key":"Accept","value":"application/json"}],"body":{"mode":"raw","raw":"{\n  \"accountCode\": \"<string>\",\n  \"amountRequested\": {\n    \"amount\": \"<number>\",\n    \"currency\": \"<string>\"\n  },\n  \"comment\": \"<string>\",\n  \"name\": \"<string>\",\n  \"purpose\": \"<string>\",\n  \"userId\": \"<string>\"\n}","options":{"raw":{"headerFamily":"json","language":"json"}}},"url":{"raw":"{{baseUrl}}/cashadvances","host":["{{baseUrl}}"],"path":["cashadvances"]}},"status":"Service Unavailable","code":503,"_postman_previewlanguage":"json","header":[{"key":"Content-Type","value":"application/json"}],"cookie":[],"responseTime":null,"body":"{\n  \"errors\": [\n    {\n      \"errorCode\": \"<integer>\",\n      \"errorMessage\": \"<string>\"\n    },\n    {\n      \"errorCode\": \"<integer>\",\n      \"errorMessage\": \"<string>\"\n    }\n  ]\n}"}]}],"id":"ce1a2666-3c6f-47e5-8c22-aade7722a075"}],"auth":{"type":"bearer","bearer":[{"key":"token","value":"{{accessToken}}","type":"string"}]},"event":[{"listen":"prerequest","script":{"id":"680aba0a-b1e2-4920-b93f-485345e3c600","type":"text/javascript","exec":[""]}},{"listen":"test","script":{"id":"1090e6cb-243f-4b27-af44-c87a5aed6630","type":"text/javascript","exec":[""]}}],"variable":[{"id":"0608f181-04bd-400f-9d03-8d4e3f390004","key":"baseUrl","value":"//us.api.concursolutions.com/cashadvance/v4"}]}