{"info":{"_postman_id":"71810825-f615-4fb9-a399-989443db7838","name":"Spend User Service","description":"Rest API for Spend User Service\n\nContact Support:\n Name: Team Up\n Email: Team_Up@sap.com","schema":"https://schema.getpostman.com/json/collection/v2.1.0/collection.json"},"item":[{"name":"spend","item":[{"name":"v4","item":[{"name":"Users","item":[{"name":"{uuid}","item":[{"name":"get User","id":"087244aa-5d12-48f1-a29f-2de7ce302e56","protocolProfileBehavior":{"disableBodyPruning":true},"request":{"method":"GET","header":[{"key":"Accept","value":"application/json"}],"url":{"raw":"https://us.api.concursolutions.com/spend/v4/Users/:uuid","protocol":"https","host":["us","api","concursolutions","com"],"path":["spend","v4","Users",":uuid"],"variable":[{"key":"uuid","value":"<uuid>"}]},"description":"Get the aggregated user."},"response":[{"id":"e7acdc41-87e4-4588-9413-b7bd216dc7d4","name":"Success","originalRequest":{"method":"GET","header":[{"key":"Accept","value":"application/json"},{"description":"Added as a part of security scheme: bearer","key":"Authorization","value":"Bearer <token>"}],"url":{"raw":"{{baseUrl}}/spend/v4/Users/:uuid","host":["{{baseUrl}}"],"path":["spend","v4","Users",":uuid"],"variable":[{"key":"uuid"}]}},"status":"OK","code":200,"_postman_previewlanguage":"json","header":[{"key":"Content-Type","value":"application/json"}],"cookie":[],"responseTime":null,"body":"{\n  \"schemas\": [\n    \"<string>\",\n    \"<string>\"\n  ],\n  \"externalId\": \"<string>\",\n  \"meta\": {\n    \"resourceType\": \"<string>\",\n    \"created\": \"<dateTime>\",\n    \"lastModified\": \"<dateTime>\",\n    \"location\": \"<uri>\",\n    \"version\": \"<string>\"\n  },\n  \"urn:ietf:params:scim:schemas:extension:spend:2.0:User\": {\n    \"country\": \"<string>\",\n    \"locale\": \"<string>\",\n    \"reimbursementCurrency\": \"<string>\",\n    \"reimbursementType\": \"ADP_PAYROLL\",\n    \"ledgerCode\": \"<string>\",\n    \"budgetCountryCode\": \"<string>\",\n    \"stateProvince\": \"<string>\",\n    \"cashAdvanceAccountCode\": \"<string>\",\n    \"testEmployee\": \"<boolean>\",\n    \"nonEmployee\": \"<boolean>\",\n    \"biManager\": {\n      \"value\": \"<uuid>\",\n      \"displayName\": \"<string>\",\n      \"employeeNumber\": \"<string>\",\n      \"$ref\": \"<uri>\"\n    },\n    \"customData\": [\n      {\n        \"id\": \"<string>\",\n        \"value\": \"<string>\"\n      },\n      {\n        \"id\": \"<string>\",\n        \"value\": \"<string>\"\n      }\n    ]\n  },\n  \"urn:ietf:params:scim:schemas:extension:spend:2.0:Approver\": {\n    \"report\": [\n      {\n        \"approver\": {\n          \"value\": \"<uuid>\",\n          \"displayName\": \"<string>\",\n          \"employeeNumber\": \"<string>\",\n          \"$ref\": \"<uri>\"\n        },\n        \"primary\": \"<boolean>\"\n      },\n      {\n        \"approver\": {\n          \"value\": \"<uuid>\",\n          \"displayName\": \"<string>\",\n          \"employeeNumber\": \"<string>\",\n          \"$ref\": \"<uri>\"\n        },\n        \"primary\": \"<boolean>\"\n      }\n    ],\n    \"cashAdvance\": [\n      {\n        \"approver\": {\n          \"value\": \"<uuid>\",\n          \"displayName\": \"<string>\",\n          \"employeeNumber\": \"<string>\",\n          \"$ref\": \"<uri>\"\n        },\n        \"primary\": \"<boolean>\"\n      },\n      {\n        \"approver\": {\n          \"value\": \"<uuid>\",\n          \"displayName\": \"<string>\",\n          \"employeeNumber\": \"<string>\",\n          \"$ref\": \"<uri>\"\n        },\n        \"primary\": \"<boolean>\"\n      }\n    ],\n    \"request\": [\n      {\n        \"approver\": {\n          \"value\": \"<uuid>\",\n          \"displayName\": \"<string>\",\n          \"employeeNumber\": \"<string>\",\n          \"$ref\": \"<uri>\"\n        },\n        \"primary\": \"<boolean>\"\n      },\n      {\n        \"approver\": {\n          \"value\": \"<uuid>\",\n          \"displayName\": \"<string>\",\n          \"employeeNumber\": \"<string>\",\n          \"$ref\": \"<uri>\"\n        },\n        \"primary\": \"<boolean>\"\n      }\n    ],\n    \"invoice\": [\n      {\n        \"approver\": {\n          \"value\": \"<uuid>\",\n          \"displayName\": \"<string>\",\n          \"employeeNumber\": \"<string>\",\n          \"$ref\": \"<uri>\"\n        },\n        \"primary\": \"<boolean>\"\n      },\n      {\n        \"approver\": {\n          \"value\": \"<uuid>\",\n          \"displayName\": \"<string>\",\n          \"employeeNumber\": \"<string>\",\n          \"$ref\": \"<uri>\"\n        },\n        \"primary\": \"<boolean>\"\n      }\n    ],\n    \"purchaseRequest\": [\n      {\n        \"approver\": {\n          \"value\": \"<uuid>\",\n          \"displayName\": \"<string>\",\n          \"employeeNumber\": \"<string>\",\n          \"$ref\": \"<uri>\"\n        },\n        \"primary\": \"<boolean>\"\n      },\n      {\n        \"approver\": {\n          \"value\": \"<uuid>\",\n          \"displayName\": \"<string>\",\n          \"employeeNumber\": \"<string>\",\n          \"$ref\": \"<uri>\"\n        },\n        \"primary\": \"<boolean>\"\n      }\n    ],\n    \"statement\": [\n      {\n        \"approver\": {\n          \"value\": \"<uuid>\",\n          \"displayName\": \"<string>\",\n          \"employeeNumber\": \"<string>\",\n          \"$ref\": \"<uri>\"\n        },\n        \"primary\": \"<boolean>\"\n      },\n      {\n        \"approver\": {\n          \"value\": \"<uuid>\",\n          \"displayName\": \"<string>\",\n          \"employeeNumber\": \"<string>\",\n          \"$ref\": \"<uri>\"\n        },\n        \"primary\": \"<boolean>\"\n      }\n    ],\n    \"budget\": [\n      {\n        \"approver\": {\n          \"value\": \"<uuid>\",\n          \"displayName\": \"<string>\",\n          \"employeeNumber\": \"<string>\",\n          \"$ref\": \"<uri>\"\n        },\n        \"primary\": \"<boolean>\"\n      },\n      {\n        \"approver\": {\n          \"value\": \"<uuid>\",\n          \"displayName\": \"<string>\",\n          \"employeeNumber\": \"<string>\",\n          \"$ref\": \"<uri>\"\n        },\n        \"primary\": \"<boolean>\"\n      }\n    ]\n  },\n  \"urn:ietf:params:scim:schemas:extension:spend:2.0:Delegate\": {\n    \"expense\": [\n      {\n        \"canApprove\": \"<boolean>\",\n        \"canPrepare\": \"<boolean>\",\n        \"canPrepareForApproval\": \"<boolean>\",\n        \"canReceiveApprovalEmail\": \"<boolean>\",\n        \"canReceiveEmail\": \"<boolean>\",\n        \"canSubmit\": \"<boolean>\",\n        \"canSubmitTravelRequest\": \"<boolean>\",\n        \"canUseBi\": \"<boolean>\",\n        \"canViewReceipt\": \"<boolean>\",\n        \"delegate\": {\n          \"value\": \"<uuid>\",\n          \"displayName\": \"<string>\",\n          \"employeeNumber\": \"<string>\",\n          \"$ref\": \"<uri>\"\n        },\n        \"temporaryDelegation\": {\n          \"temporaryDelegationFromDate\": \"<string>\",\n          \"temporaryDelegationToDate\": \"<string>\"\n        }\n      },\n      {\n        \"canApprove\": \"<boolean>\",\n        \"canPrepare\": \"<boolean>\",\n        \"canPrepareForApproval\": \"<boolean>\",\n        \"canReceiveApprovalEmail\": \"<boolean>\",\n        \"canReceiveEmail\": \"<boolean>\",\n        \"canSubmit\": \"<boolean>\",\n        \"canSubmitTravelRequest\": \"<boolean>\",\n        \"canUseBi\": \"<boolean>\",\n        \"canViewReceipt\": \"<boolean>\",\n        \"delegate\": {\n          \"value\": \"<uuid>\",\n          \"displayName\": \"<string>\",\n          \"employeeNumber\": \"<string>\",\n          \"$ref\": \"<uri>\"\n        },\n        \"temporaryDelegation\": {\n          \"temporaryDelegationFromDate\": \"<string>\",\n          \"temporaryDelegationToDate\": \"<string>\"\n        }\n      }\n    ],\n    \"payment\": [\n      {\n        \"canApprove\": \"<boolean>\",\n        \"canPrepare\": \"<boolean>\",\n        \"canPrepareForApproval\": \"<boolean>\",\n        \"canReceiveApprovalEmail\": \"<boolean>\",\n        \"canReceiveEmail\": \"<boolean>\",\n        \"canSubmit\": \"<boolean>\",\n        \"canSubmitTravelRequest\": \"<boolean>\",\n        \"canUseBi\": \"<boolean>\",\n        \"canViewReceipt\": \"<boolean>\",\n        \"delegate\": {\n          \"value\": \"<uuid>\",\n          \"displayName\": \"<string>\",\n          \"employeeNumber\": \"<string>\",\n          \"$ref\": \"<uri>\"\n        },\n        \"temporaryDelegation\": {\n          \"temporaryDelegationFromDate\": \"<string>\",\n          \"temporaryDelegationToDate\": \"<string>\"\n        }\n      },\n      {\n        \"canApprove\": \"<boolean>\",\n        \"canPrepare\": \"<boolean>\",\n        \"canPrepareForApproval\": \"<boolean>\",\n        \"canReceiveApprovalEmail\": \"<boolean>\",\n        \"canReceiveEmail\": \"<boolean>\",\n        \"canSubmit\": \"<boolean>\",\n        \"canSubmitTravelRequest\": \"<boolean>\",\n        \"canUseBi\": \"<boolean>\",\n        \"canViewReceipt\": \"<boolean>\",\n        \"delegate\": {\n          \"value\": \"<uuid>\",\n          \"displayName\": \"<string>\",\n          \"employeeNumber\": \"<string>\",\n          \"$ref\": \"<uri>\"\n        },\n        \"temporaryDelegation\": {\n          \"temporaryDelegationFromDate\": \"<string>\",\n          \"temporaryDelegationToDate\": \"<string>\"\n        }\n      }\n    ],\n    \"purchaseRequest\": [\n      {\n        \"canApprove\": \"<boolean>\",\n        \"canPrepare\": \"<boolean>\",\n        \"canPrepareForApproval\": \"<boolean>\",\n        \"canReceiveApprovalEmail\": \"<boolean>\",\n        \"canReceiveEmail\": \"<boolean>\",\n        \"canSubmit\": \"<boolean>\",\n        \"canSubmitTravelRequest\": \"<boolean>\",\n        \"canUseBi\": \"<boolean>\",\n        \"canViewReceipt\": \"<boolean>\",\n        \"delegate\": {\n          \"value\": \"<uuid>\",\n          \"displayName\": \"<string>\",\n          \"employeeNumber\": \"<string>\",\n          \"$ref\": \"<uri>\"\n        },\n        \"temporaryDelegation\": {\n          \"temporaryDelegationFromDate\": \"<string>\",\n          \"temporaryDelegationToDate\": \"<string>\"\n        }\n      },\n      {\n        \"canApprove\": \"<boolean>\",\n        \"canPrepare\": \"<boolean>\",\n        \"canPrepareForApproval\": \"<boolean>\",\n        \"canReceiveApprovalEmail\": \"<boolean>\",\n        \"canReceiveEmail\": \"<boolean>\",\n        \"canSubmit\": \"<boolean>\",\n        \"canSubmitTravelRequest\": \"<boolean>\",\n        \"canUseBi\": \"<boolean>\",\n        \"canViewReceipt\": \"<boolean>\",\n        \"delegate\": {\n          \"value\": \"<uuid>\",\n          \"displayName\": \"<string>\",\n          \"employeeNumber\": \"<string>\",\n          \"$ref\": \"<uri>\"\n        },\n        \"temporaryDelegation\": {\n          \"temporaryDelegationFromDate\": \"<string>\",\n          \"temporaryDelegationToDate\": \"<string>\"\n        }\n      }\n    ]\n  },\n  \"urn:ietf:params:scim:schemas:extension:spend:2.0:Role\": {\n    \"roles\": [\n      {\n        \"roleName\": \"SHD_AUTHORIZED_APPROVER\",\n        \"roleGroups\": [\n          \"<string>\",\n          \"<string>\"\n        ]\n      },\n      {\n        \"roleName\": \"REPORTING_PRO_AUTHOR\",\n        \"roleGroups\": [\n          \"<string>\",\n          \"<string>\"\n        ]\n      }\n    ]\n  },\n  \"urn:ietf:params:scim:schemas:extension:spend:2.0:UserPreference\": {\n    \"showImagingIntro\": \"<boolean>\",\n    \"expenseAuditRequired\": \"<string>\",\n    \"allowCreditCardTransArrivalEmails\": \"<boolean>\",\n    \"allowReceiptImageAvailEmails\": \"<boolean>\",\n    \"promptForCardTransactionsOnReport\": \"<boolean>\",\n    \"autoAddTripCardTransOnReport\": \"<boolean>\",\n    \"promptForReportPrintFormat\": \"<boolean>\",\n    \"defaultReportPrintFormat\": \"<string>\",\n    \"showTotalOnReport\": \"<boolean>\",\n    \"showExpenseOnReport\": \"<string>\",\n    \"showInstructHelpPanel\": \"<boolean>\",\n    \"useQuickItinAsDefault\": \"<boolean>\",\n    \"allowAutoCreateTripReport\": \"<boolean>\"\n  },\n  \"urn:ietf:params:scim:schemas:extension:enterprise:2.0:Payroll\": {\n    \"adp\": {\n      \"companyCode\": \"<string>\",\n      \"deductionCode\": \"<string>\",\n      \"employeeFileNumber\": \"<string>\"\n    }\n  },\n  \"urn:ietf:params:scim:schemas:extension:spend:2.0:WorkflowPreference\": {\n    \"emailStatusChangeOnCashAdvance\": \"<boolean>\",\n    \"emailAwaitApprovalOnCashAdvance\": \"<boolean>\",\n    \"emailStatusChangeOnReport\": \"<boolean>\",\n    \"emailAwaitApprovalOnReport\": \"<boolean>\",\n    \"promptForApproverOnReportSubmit\": \"<boolean>\",\n    \"emailStatusChangeOnTravelRequest\": \"<boolean>\",\n    \"emailAwaitApprovalOnTravelRequest\": \"<boolean>\",\n    \"promptForApproverOnTravelRequestSubmit\": \"<boolean>\",\n    \"emailStatusChangeOnPayment\": \"<boolean>\",\n    \"emailAwaitApprovalOnPayment\": \"<boolean>\",\n    \"promptForApproverOnPaymentSubmit\": \"<boolean>\"\n  }\n}"},{"id":"d20735a5-7be1-4606-ac7c-06ef8e9e2b0e","name":"Invalid Request","originalRequest":{"method":"GET","header":[{"key":"Accept","value":"application/json"},{"description":"Added as a part of security scheme: bearer","key":"Authorization","value":"Bearer <token>"}],"url":{"raw":"{{baseUrl}}/spend/v4/Users/:uuid","host":["{{baseUrl}}"],"path":["spend","v4","Users",":uuid"],"variable":[{"key":"uuid"}]}},"status":"Bad Request","code":400,"_postman_previewlanguage":"json","header":[{"key":"Content-Type","value":"application/json"}],"cookie":[],"responseTime":null,"body":"{\n  \"schemas\": [\n    \"<string>\",\n    \"<string>\"\n  ],\n  \"id\": \"<string>\",\n  \"externalId\": \"<string>\",\n  \"meta\": {\n    \"resourceType\": \"<string>\",\n    \"created\": \"<dateTime>\",\n    \"lastModified\": \"<dateTime>\",\n    \"location\": \"<uri>\",\n    \"version\": \"<string>\"\n  },\n  \"scimType\": \"<string>\",\n  \"detail\": \"<string>\",\n  \"status\": \"<integer>\"\n}"},{"id":"c897dbca-2427-4f03-9838-72add5f528ea","name":"UnAuthorized","originalRequest":{"method":"GET","header":[{"key":"Accept","value":"application/json"},{"description":"Added as a part of security scheme: bearer","key":"Authorization","value":"Bearer <token>"}],"url":{"raw":"{{baseUrl}}/spend/v4/Users/:uuid","host":["{{baseUrl}}"],"path":["spend","v4","Users",":uuid"],"variable":[{"key":"uuid"}]}},"status":"Unauthorized","code":401,"_postman_previewlanguage":"json","header":[{"key":"Content-Type","value":"application/json"}],"cookie":[],"responseTime":null,"body":"{\n  \"schemas\": [\n    \"<string>\",\n    \"<string>\"\n  ],\n  \"id\": \"<string>\",\n  \"externalId\": \"<string>\",\n  \"meta\": {\n    \"resourceType\": \"<string>\",\n    \"created\": \"<dateTime>\",\n    \"lastModified\": \"<dateTime>\",\n    \"location\": \"<uri>\",\n    \"version\": \"<string>\"\n  },\n  \"scimType\": \"<string>\",\n  \"detail\": \"<string>\",\n  \"status\": \"<integer>\"\n}"},{"id":"3fc31c18-9a7d-4f9f-bc81-13b02c7b5ff5","name":"Forbidden","originalRequest":{"method":"GET","header":[{"key":"Accept","value":"application/json"},{"description":"Added as a part of security scheme: bearer","key":"Authorization","value":"Bearer <token>"}],"url":{"raw":"{{baseUrl}}/spend/v4/Users/:uuid","host":["{{baseUrl}}"],"path":["spend","v4","Users",":uuid"],"variable":[{"key":"uuid"}]}},"status":"Forbidden","code":403,"_postman_previewlanguage":"json","header":[{"key":"Content-Type","value":"application/json"}],"cookie":[],"responseTime":null,"body":"{\n  \"schemas\": [\n    \"<string>\",\n    \"<string>\"\n  ],\n  \"id\": \"<string>\",\n  \"externalId\": \"<string>\",\n  \"meta\": {\n    \"resourceType\": \"<string>\",\n    \"created\": \"<dateTime>\",\n    \"lastModified\": \"<dateTime>\",\n    \"location\": \"<uri>\",\n    \"version\": \"<string>\"\n  },\n  \"scimType\": \"<string>\",\n  \"detail\": \"<string>\",\n  \"status\": \"<integer>\"\n}"},{"id":"c5d85b0e-f8c7-41e7-9e4d-c5451bdf5470","name":"User Not Found","originalRequest":{"method":"GET","header":[{"key":"Accept","value":"application/json"},{"description":"Added as a part of security scheme: bearer","key":"Authorization","value":"Bearer <token>"}],"url":{"raw":"{{baseUrl}}/spend/v4/Users/:uuid","host":["{{baseUrl}}"],"path":["spend","v4","Users",":uuid"],"variable":[{"key":"uuid"}]}},"status":"Not Found","code":404,"_postman_previewlanguage":"json","header":[{"key":"Content-Type","value":"application/json"}],"cookie":[],"responseTime":null,"body":"{\n  \"schemas\": [\n    \"<string>\",\n    \"<string>\"\n  ],\n  \"id\": \"<string>\",\n  \"externalId\": \"<string>\",\n  \"meta\": {\n    \"resourceType\": \"<string>\",\n    \"created\": \"<dateTime>\",\n    \"lastModified\": \"<dateTime>\",\n    \"location\": \"<uri>\",\n    \"version\": \"<string>\"\n  },\n  \"scimType\": \"<string>\",\n  \"detail\": \"<string>\",\n  \"status\": \"<integer>\"\n}"},{"id":"eadf7bc9-9e2a-4fb7-a07e-0db946246fee","name":"Internal Error","originalRequest":{"method":"GET","header":[{"key":"Accept","value":"application/json"},{"description":"Added as a part of security scheme: bearer","key":"Authorization","value":"Bearer <token>"}],"url":{"raw":"{{baseUrl}}/spend/v4/Users/:uuid","host":["{{baseUrl}}"],"path":["spend","v4","Users",":uuid"],"variable":[{"key":"uuid"}]}},"status":"Internal Server Error","code":500,"_postman_previewlanguage":"json","header":[{"key":"Content-Type","value":"application/json"}],"cookie":[],"responseTime":null,"body":"{\n  \"schemas\": [\n    \"<string>\",\n    \"<string>\"\n  ],\n  \"id\": \"<string>\",\n  \"externalId\": \"<string>\",\n  \"meta\": {\n    \"resourceType\": \"<string>\",\n    \"created\": \"<dateTime>\",\n    \"lastModified\": \"<dateTime>\",\n    \"location\": \"<uri>\",\n    \"version\": \"<string>\"\n  },\n  \"scimType\": \"<string>\",\n  \"detail\": \"<string>\",\n  \"status\": \"<integer>\"\n}"}]}],"id":"03367a47-60b3-4921-acb6-5710ffb25657"},{"name":"get Spend Users","id":"81f83ad3-65a1-4431-b93b-a10f1a8b7ed0","protocolProfileBehavior":{"disableBodyPruning":true},"request":{"method":"GET","header":[{"key":"Accept","value":"application/json"}],"url":{"raw":"{{baseUrl}}/spend/v4/Users?startIndex=<integer>&itemsPerPage=<integer>&filter=<string>","host":["{{baseUrl}}"],"path":["spend","v4","Users"],"query":[{"description":"(Required) ","key":"startIndex","value":"<integer>"},{"description":"(Required) ","key":"itemsPerPage","value":"<integer>"},{"description":"(Required) ","key":"filter","value":"<string>"}]},"description":"Get the filtered and paginated spend users from the specified company"},"response":[{"id":"d6caee72-61b0-4d0b-ba04-76426060e941","name":"Success","originalRequest":{"method":"GET","header":[{"key":"Accept","value":"application/json"},{"description":"Added as a part of security scheme: bearer","key":"Authorization","value":"Bearer <token>"}],"url":{"raw":"{{baseUrl}}/spend/v4/Users?startIndex=<integer>&itemsPerPage=<integer>&filter=<string>","host":["{{baseUrl}}"],"path":["spend","v4","Users"],"query":[{"description":"(Required) ","key":"startIndex","value":"<integer>"},{"description":"(Required) ","key":"itemsPerPage","value":"<integer>"},{"description":"(Required) ","key":"filter","value":"<string>"}]}},"status":"OK","code":200,"_postman_previewlanguage":"json","header":[{"key":"Content-Type","value":"application/json"}],"cookie":[],"responseTime":null,"body":"{\n  \"Resources\": [\n    {\n      \"schemas\": [\n        \"<string>\",\n        \"<string>\"\n      ],\n      \"externalId\": \"<string>\",\n      \"meta\": {\n        \"resourceType\": \"<string>\",\n        \"created\": \"<dateTime>\",\n        \"lastModified\": \"<dateTime>\",\n        \"location\": \"<uri>\",\n        \"version\": \"<string>\"\n      },\n      \"urn:ietf:params:scim:schemas:extension:spend:2.0:User\": {\n        \"country\": \"<string>\",\n        \"locale\": \"<string>\",\n        \"reimbursementCurrency\": \"<string>\",\n        \"reimbursementType\": \"CONCUR_PAY\",\n        \"ledgerCode\": \"<string>\",\n        \"budgetCountryCode\": \"<string>\",\n        \"stateProvince\": \"<string>\",\n        \"cashAdvanceAccountCode\": \"<string>\",\n        \"testEmployee\": \"<boolean>\",\n        \"nonEmployee\": \"<boolean>\",\n        \"biManager\": {\n          \"value\": \"<uuid>\",\n          \"displayName\": \"<string>\",\n          \"employeeNumber\": \"<string>\",\n          \"$ref\": \"<uri>\"\n        },\n        \"customData\": [\n          {\n            \"id\": \"<string>\",\n            \"value\": \"<string>\"\n          },\n          {\n            \"id\": \"<string>\",\n            \"value\": \"<string>\"\n          }\n        ]\n      },\n      \"urn:ietf:params:scim:schemas:extension:spend:2.0:Approver\": {\n        \"report\": [\n          {\n            \"approver\": {\n              \"value\": \"<uuid>\",\n              \"displayName\": \"<string>\",\n              \"employeeNumber\": \"<string>\",\n              \"$ref\": \"<uri>\"\n            },\n            \"primary\": \"<boolean>\"\n          },\n          {\n            \"approver\": {\n              \"value\": \"<uuid>\",\n              \"displayName\": \"<string>\",\n              \"employeeNumber\": \"<string>\",\n              \"$ref\": \"<uri>\"\n            },\n            \"primary\": \"<boolean>\"\n          }\n        ],\n        \"cashAdvance\": [\n          {\n            \"approver\": {\n              \"value\": \"<uuid>\",\n              \"displayName\": \"<string>\",\n              \"employeeNumber\": \"<string>\",\n              \"$ref\": \"<uri>\"\n            },\n            \"primary\": \"<boolean>\"\n          },\n          {\n            \"approver\": {\n              \"value\": \"<uuid>\",\n              \"displayName\": \"<string>\",\n              \"employeeNumber\": \"<string>\",\n              \"$ref\": \"<uri>\"\n            },\n            \"primary\": \"<boolean>\"\n          }\n        ],\n        \"request\": [\n          {\n            \"approver\": {\n              \"value\": \"<uuid>\",\n              \"displayName\": \"<string>\",\n              \"employeeNumber\": \"<string>\",\n              \"$ref\": \"<uri>\"\n            },\n            \"primary\": \"<boolean>\"\n          },\n          {\n            \"approver\": {\n              \"value\": \"<uuid>\",\n              \"displayName\": \"<string>\",\n              \"employeeNumber\": \"<string>\",\n              \"$ref\": \"<uri>\"\n            },\n            \"primary\": \"<boolean>\"\n          }\n        ],\n        \"invoice\": [\n          {\n            \"approver\": {\n              \"value\": \"<uuid>\",\n              \"displayName\": \"<string>\",\n              \"employeeNumber\": \"<string>\",\n              \"$ref\": \"<uri>\"\n            },\n            \"primary\": \"<boolean>\"\n          },\n          {\n            \"approver\": {\n              \"value\": \"<uuid>\",\n              \"displayName\": \"<string>\",\n              \"employeeNumber\": \"<string>\",\n              \"$ref\": \"<uri>\"\n            },\n            \"primary\": \"<boolean>\"\n          }\n        ],\n        \"purchaseRequest\": [\n          {\n            \"approver\": {\n              \"value\": \"<uuid>\",\n              \"displayName\": \"<string>\",\n              \"employeeNumber\": \"<string>\",\n              \"$ref\": \"<uri>\"\n            },\n            \"primary\": \"<boolean>\"\n          },\n          {\n            \"approver\": {\n              \"value\": \"<uuid>\",\n              \"displayName\": \"<string>\",\n              \"employeeNumber\": \"<string>\",\n              \"$ref\": \"<uri>\"\n            },\n            \"primary\": \"<boolean>\"\n          }\n        ],\n        \"statement\": [\n          {\n            \"approver\": {\n              \"value\": \"<uuid>\",\n              \"displayName\": \"<string>\",\n              \"employeeNumber\": \"<string>\",\n              \"$ref\": \"<uri>\"\n            },\n            \"primary\": \"<boolean>\"\n          },\n          {\n            \"approver\": {\n              \"value\": \"<uuid>\",\n              \"displayName\": \"<string>\",\n              \"employeeNumber\": \"<string>\",\n              \"$ref\": \"<uri>\"\n            },\n            \"primary\": \"<boolean>\"\n          }\n        ],\n        \"budget\": [\n          {\n            \"approver\": {\n              \"value\": \"<uuid>\",\n              \"displayName\": \"<string>\",\n              \"employeeNumber\": \"<string>\",\n              \"$ref\": \"<uri>\"\n            },\n            \"primary\": \"<boolean>\"\n          },\n          {\n            \"approver\": {\n              \"value\": \"<uuid>\",\n              \"displayName\": \"<string>\",\n              \"employeeNumber\": \"<string>\",\n              \"$ref\": \"<uri>\"\n            },\n            \"primary\": \"<boolean>\"\n          }\n        ]\n      },\n      \"urn:ietf:params:scim:schemas:extension:spend:2.0:Delegate\": {\n        \"expense\": [\n          {\n            \"canApprove\": \"<boolean>\",\n            \"canPrepare\": \"<boolean>\",\n            \"canPrepareForApproval\": \"<boolean>\",\n            \"canReceiveApprovalEmail\": \"<boolean>\",\n            \"canReceiveEmail\": \"<boolean>\",\n            \"canSubmit\": \"<boolean>\",\n            \"canSubmitTravelRequest\": \"<boolean>\",\n            \"canUseBi\": \"<boolean>\",\n            \"canViewReceipt\": \"<boolean>\",\n            \"delegate\": {\n              \"value\": \"<uuid>\",\n              \"displayName\": \"<string>\",\n              \"employeeNumber\": \"<string>\",\n              \"$ref\": \"<uri>\"\n            },\n            \"temporaryDelegation\": {\n              \"temporaryDelegationFromDate\": \"<string>\",\n              \"temporaryDelegationToDate\": \"<string>\"\n            }\n          },\n          {\n            \"canApprove\": \"<boolean>\",\n            \"canPrepare\": \"<boolean>\",\n            \"canPrepareForApproval\": \"<boolean>\",\n            \"canReceiveApprovalEmail\": \"<boolean>\",\n            \"canReceiveEmail\": \"<boolean>\",\n            \"canSubmit\": \"<boolean>\",\n            \"canSubmitTravelRequest\": \"<boolean>\",\n            \"canUseBi\": \"<boolean>\",\n            \"canViewReceipt\": \"<boolean>\",\n            \"delegate\": {\n              \"value\": \"<uuid>\",\n              \"displayName\": \"<string>\",\n              \"employeeNumber\": \"<string>\",\n              \"$ref\": \"<uri>\"\n            },\n            \"temporaryDelegation\": {\n              \"temporaryDelegationFromDate\": \"<string>\",\n              \"temporaryDelegationToDate\": \"<string>\"\n            }\n          }\n        ],\n        \"payment\": [\n          {\n            \"canApprove\": \"<boolean>\",\n            \"canPrepare\": \"<boolean>\",\n            \"canPrepareForApproval\": \"<boolean>\",\n            \"canReceiveApprovalEmail\": \"<boolean>\",\n            \"canReceiveEmail\": \"<boolean>\",\n            \"canSubmit\": \"<boolean>\",\n            \"canSubmitTravelRequest\": \"<boolean>\",\n            \"canUseBi\": \"<boolean>\",\n            \"canViewReceipt\": \"<boolean>\",\n            \"delegate\": {\n              \"value\": \"<uuid>\",\n              \"displayName\": \"<string>\",\n              \"employeeNumber\": \"<string>\",\n              \"$ref\": \"<uri>\"\n            },\n            \"temporaryDelegation\": {\n              \"temporaryDelegationFromDate\": \"<string>\",\n              \"temporaryDelegationToDate\": \"<string>\"\n            }\n          },\n          {\n            \"canApprove\": \"<boolean>\",\n            \"canPrepare\": \"<boolean>\",\n            \"canPrepareForApproval\": \"<boolean>\",\n            \"canReceiveApprovalEmail\": \"<boolean>\",\n            \"canReceiveEmail\": \"<boolean>\",\n            \"canSubmit\": \"<boolean>\",\n            \"canSubmitTravelRequest\": \"<boolean>\",\n            \"canUseBi\": \"<boolean>\",\n            \"canViewReceipt\": \"<boolean>\",\n            \"delegate\": {\n              \"value\": \"<uuid>\",\n              \"displayName\": \"<string>\",\n              \"employeeNumber\": \"<string>\",\n              \"$ref\": \"<uri>\"\n            },\n            \"temporaryDelegation\": {\n              \"temporaryDelegationFromDate\": \"<string>\",\n              \"temporaryDelegationToDate\": \"<string>\"\n            }\n          }\n        ],\n        \"purchaseRequest\": [\n          {\n            \"canApprove\": \"<boolean>\",\n            \"canPrepare\": \"<boolean>\",\n            \"canPrepareForApproval\": \"<boolean>\",\n            \"canReceiveApprovalEmail\": \"<boolean>\",\n            \"canReceiveEmail\": \"<boolean>\",\n            \"canSubmit\": \"<boolean>\",\n            \"canSubmitTravelRequest\": \"<boolean>\",\n            \"canUseBi\": \"<boolean>\",\n            \"canViewReceipt\": \"<boolean>\",\n            \"delegate\": {\n              \"value\": \"<uuid>\",\n              \"displayName\": \"<string>\",\n              \"employeeNumber\": \"<string>\",\n              \"$ref\": \"<uri>\"\n            },\n            \"temporaryDelegation\": {\n              \"temporaryDelegationFromDate\": \"<string>\",\n              \"temporaryDelegationToDate\": \"<string>\"\n            }\n          },\n          {\n            \"canApprove\": \"<boolean>\",\n            \"canPrepare\": \"<boolean>\",\n            \"canPrepareForApproval\": \"<boolean>\",\n            \"canReceiveApprovalEmail\": \"<boolean>\",\n            \"canReceiveEmail\": \"<boolean>\",\n            \"canSubmit\": \"<boolean>\",\n            \"canSubmitTravelRequest\": \"<boolean>\",\n            \"canUseBi\": \"<boolean>\",\n            \"canViewReceipt\": \"<boolean>\",\n            \"delegate\": {\n              \"value\": \"<uuid>\",\n              \"displayName\": \"<string>\",\n              \"employeeNumber\": \"<string>\",\n              \"$ref\": \"<uri>\"\n            },\n            \"temporaryDelegation\": {\n              \"temporaryDelegationFromDate\": \"<string>\",\n              \"temporaryDelegationToDate\": \"<string>\"\n            }\n          }\n        ]\n      },\n      \"urn:ietf:params:scim:schemas:extension:spend:2.0:Role\": {\n        \"roles\": [\n          {\n            \"roleName\": \"EXP_CASHADVANCE_ADMIN\",\n            \"roleGroups\": [\n              \"<string>\",\n              \"<string>\"\n            ]\n          },\n          {\n            \"roleName\": \"REPORTING_CAS_ANALYST\",\n            \"roleGroups\": [\n              \"<string>\",\n              \"<string>\"\n            ]\n          }\n        ]\n      },\n      \"urn:ietf:params:scim:schemas:extension:spend:2.0:UserPreference\": {\n        \"showImagingIntro\": \"<boolean>\",\n        \"expenseAuditRequired\": \"<string>\",\n        \"allowCreditCardTransArrivalEmails\": \"<boolean>\",\n        \"allowReceiptImageAvailEmails\": \"<boolean>\",\n        \"promptForCardTransactionsOnReport\": \"<boolean>\",\n        \"autoAddTripCardTransOnReport\": \"<boolean>\",\n        \"promptForReportPrintFormat\": \"<boolean>\",\n        \"defaultReportPrintFormat\": \"<string>\",\n        \"showTotalOnReport\": \"<boolean>\",\n        \"showExpenseOnReport\": \"<string>\",\n        \"showInstructHelpPanel\": \"<boolean>\",\n        \"useQuickItinAsDefault\": \"<boolean>\",\n        \"allowAutoCreateTripReport\": \"<boolean>\"\n      },\n      \"urn:ietf:params:scim:schemas:extension:enterprise:2.0:Payroll\": {\n        \"adp\": {\n          \"companyCode\": \"<string>\",\n          \"deductionCode\": \"<string>\",\n          \"employeeFileNumber\": \"<string>\"\n        }\n      },\n      \"urn:ietf:params:scim:schemas:extension:spend:2.0:WorkflowPreference\": {\n        \"emailStatusChangeOnCashAdvance\": \"<boolean>\",\n        \"emailAwaitApprovalOnCashAdvance\": \"<boolean>\",\n        \"emailStatusChangeOnReport\": \"<boolean>\",\n        \"emailAwaitApprovalOnReport\": \"<boolean>\",\n        \"promptForApproverOnReportSubmit\": \"<boolean>\",\n        \"emailStatusChangeOnTravelRequest\": \"<boolean>\",\n        \"emailAwaitApprovalOnTravelRequest\": \"<boolean>\",\n        \"promptForApproverOnTravelRequestSubmit\": \"<boolean>\",\n        \"emailStatusChangeOnPayment\": \"<boolean>\",\n        \"emailAwaitApprovalOnPayment\": \"<boolean>\",\n        \"promptForApproverOnPaymentSubmit\": \"<boolean>\"\n      }\n    },\n    {\n      \"schemas\": [\n        \"<string>\",\n        \"<string>\"\n      ],\n      \"externalId\": \"<string>\",\n      \"meta\": {\n        \"resourceType\": \"<string>\",\n        \"created\": \"<dateTime>\",\n        \"lastModified\": \"<dateTime>\",\n        \"location\": \"<uri>\",\n        \"version\": \"<string>\"\n      },\n      \"urn:ietf:params:scim:schemas:extension:spend:2.0:User\": {\n        \"country\": \"<string>\",\n        \"locale\": \"<string>\",\n        \"reimbursementCurrency\": \"<string>\",\n        \"reimbursementType\": \"ADP_PAYROLL\",\n        \"ledgerCode\": \"<string>\",\n        \"budgetCountryCode\": \"<string>\",\n        \"stateProvince\": \"<string>\",\n        \"cashAdvanceAccountCode\": \"<string>\",\n        \"testEmployee\": \"<boolean>\",\n        \"nonEmployee\": \"<boolean>\",\n        \"biManager\": {\n          \"value\": \"<uuid>\",\n          \"displayName\": \"<string>\",\n          \"employeeNumber\": \"<string>\",\n          \"$ref\": \"<uri>\"\n        },\n        \"customData\": [\n          {\n            \"id\": \"<string>\",\n            \"value\": \"<string>\"\n          },\n          {\n            \"id\": \"<string>\",\n            \"value\": \"<string>\"\n          }\n        ]\n      },\n      \"urn:ietf:params:scim:schemas:extension:spend:2.0:Approver\": {\n        \"report\": [\n          {\n            \"approver\": {\n              \"value\": \"<uuid>\",\n              \"displayName\": \"<string>\",\n              \"employeeNumber\": \"<string>\",\n              \"$ref\": \"<uri>\"\n            },\n            \"primary\": \"<boolean>\"\n          },\n          {\n            \"approver\": {\n              \"value\": \"<uuid>\",\n              \"displayName\": \"<string>\",\n              \"employeeNumber\": \"<string>\",\n              \"$ref\": \"<uri>\"\n            },\n            \"primary\": \"<boolean>\"\n          }\n        ],\n        \"cashAdvance\": [\n          {\n            \"approver\": {\n              \"value\": \"<uuid>\",\n              \"displayName\": \"<string>\",\n              \"employeeNumber\": \"<string>\",\n              \"$ref\": \"<uri>\"\n            },\n            \"primary\": \"<boolean>\"\n          },\n          {\n            \"approver\": {\n              \"value\": \"<uuid>\",\n              \"displayName\": \"<string>\",\n              \"employeeNumber\": \"<string>\",\n              \"$ref\": \"<uri>\"\n            },\n            \"primary\": \"<boolean>\"\n          }\n        ],\n        \"request\": [\n          {\n            \"approver\": {\n              \"value\": \"<uuid>\",\n              \"displayName\": \"<string>\",\n              \"employeeNumber\": \"<string>\",\n              \"$ref\": \"<uri>\"\n            },\n            \"primary\": \"<boolean>\"\n          },\n          {\n            \"approver\": {\n              \"value\": \"<uuid>\",\n              \"displayName\": \"<string>\",\n              \"employeeNumber\": \"<string>\",\n              \"$ref\": \"<uri>\"\n            },\n            \"primary\": \"<boolean>\"\n          }\n        ],\n        \"invoice\": [\n          {\n            \"approver\": {\n              \"value\": \"<uuid>\",\n              \"displayName\": \"<string>\",\n              \"employeeNumber\": \"<string>\",\n              \"$ref\": \"<uri>\"\n            },\n            \"primary\": \"<boolean>\"\n          },\n          {\n            \"approver\": {\n              \"value\": \"<uuid>\",\n              \"displayName\": \"<string>\",\n              \"employeeNumber\": \"<string>\",\n              \"$ref\": \"<uri>\"\n            },\n            \"primary\": \"<boolean>\"\n          }\n        ],\n        \"purchaseRequest\": [\n          {\n            \"approver\": {\n              \"value\": \"<uuid>\",\n              \"displayName\": \"<string>\",\n              \"employeeNumber\": \"<string>\",\n              \"$ref\": \"<uri>\"\n            },\n            \"primary\": \"<boolean>\"\n          },\n          {\n            \"approver\": {\n              \"value\": \"<uuid>\",\n              \"displayName\": \"<string>\",\n              \"employeeNumber\": \"<string>\",\n              \"$ref\": \"<uri>\"\n            },\n            \"primary\": \"<boolean>\"\n          }\n        ],\n        \"statement\": [\n          {\n            \"approver\": {\n              \"value\": \"<uuid>\",\n              \"displayName\": \"<string>\",\n              \"employeeNumber\": \"<string>\",\n              \"$ref\": \"<uri>\"\n            },\n            \"primary\": \"<boolean>\"\n          },\n          {\n            \"approver\": {\n              \"value\": \"<uuid>\",\n              \"displayName\": \"<string>\",\n              \"employeeNumber\": \"<string>\",\n              \"$ref\": \"<uri>\"\n            },\n            \"primary\": \"<boolean>\"\n          }\n        ],\n        \"budget\": [\n          {\n            \"approver\": {\n              \"value\": \"<uuid>\",\n              \"displayName\": \"<string>\",\n              \"employeeNumber\": \"<string>\",\n              \"$ref\": \"<uri>\"\n            },\n            \"primary\": \"<boolean>\"\n          },\n          {\n            \"approver\": {\n              \"value\": \"<uuid>\",\n              \"displayName\": \"<string>\",\n              \"employeeNumber\": \"<string>\",\n              \"$ref\": \"<uri>\"\n            },\n            \"primary\": \"<boolean>\"\n          }\n        ]\n      },\n      \"urn:ietf:params:scim:schemas:extension:spend:2.0:Delegate\": {\n        \"expense\": [\n          {\n            \"canApprove\": \"<boolean>\",\n            \"canPrepare\": \"<boolean>\",\n            \"canPrepareForApproval\": \"<boolean>\",\n            \"canReceiveApprovalEmail\": \"<boolean>\",\n            \"canReceiveEmail\": \"<boolean>\",\n            \"canSubmit\": \"<boolean>\",\n            \"canSubmitTravelRequest\": \"<boolean>\",\n            \"canUseBi\": \"<boolean>\",\n            \"canViewReceipt\": \"<boolean>\",\n            \"delegate\": {\n              \"value\": \"<uuid>\",\n              \"displayName\": \"<string>\",\n              \"employeeNumber\": \"<string>\",\n              \"$ref\": \"<uri>\"\n            },\n            \"temporaryDelegation\": {\n              \"temporaryDelegationFromDate\": \"<string>\",\n              \"temporaryDelegationToDate\": \"<string>\"\n            }\n          },\n          {\n            \"canApprove\": \"<boolean>\",\n            \"canPrepare\": \"<boolean>\",\n            \"canPrepareForApproval\": \"<boolean>\",\n            \"canReceiveApprovalEmail\": \"<boolean>\",\n            \"canReceiveEmail\": \"<boolean>\",\n            \"canSubmit\": \"<boolean>\",\n            \"canSubmitTravelRequest\": \"<boolean>\",\n            \"canUseBi\": \"<boolean>\",\n            \"canViewReceipt\": \"<boolean>\",\n            \"delegate\": {\n              \"value\": \"<uuid>\",\n              \"displayName\": \"<string>\",\n              \"employeeNumber\": \"<string>\",\n              \"$ref\": \"<uri>\"\n            },\n            \"temporaryDelegation\": {\n              \"temporaryDelegationFromDate\": \"<string>\",\n              \"temporaryDelegationToDate\": \"<string>\"\n            }\n          }\n        ],\n        \"payment\": [\n          {\n            \"canApprove\": \"<boolean>\",\n            \"canPrepare\": \"<boolean>\",\n            \"canPrepareForApproval\": \"<boolean>\",\n            \"canReceiveApprovalEmail\": \"<boolean>\",\n            \"canReceiveEmail\": \"<boolean>\",\n            \"canSubmit\": \"<boolean>\",\n            \"canSubmitTravelRequest\": \"<boolean>\",\n            \"canUseBi\": \"<boolean>\",\n            \"canViewReceipt\": \"<boolean>\",\n            \"delegate\": {\n              \"value\": \"<uuid>\",\n              \"displayName\": \"<string>\",\n              \"employeeNumber\": \"<string>\",\n              \"$ref\": \"<uri>\"\n            },\n            \"temporaryDelegation\": {\n              \"temporaryDelegationFromDate\": \"<string>\",\n              \"temporaryDelegationToDate\": \"<string>\"\n            }\n          },\n          {\n            \"canApprove\": \"<boolean>\",\n            \"canPrepare\": \"<boolean>\",\n            \"canPrepareForApproval\": \"<boolean>\",\n            \"canReceiveApprovalEmail\": \"<boolean>\",\n            \"canReceiveEmail\": \"<boolean>\",\n            \"canSubmit\": \"<boolean>\",\n            \"canSubmitTravelRequest\": \"<boolean>\",\n            \"canUseBi\": \"<boolean>\",\n            \"canViewReceipt\": \"<boolean>\",\n            \"delegate\": {\n              \"value\": \"<uuid>\",\n              \"displayName\": \"<string>\",\n              \"employeeNumber\": \"<string>\",\n              \"$ref\": \"<uri>\"\n            },\n            \"temporaryDelegation\": {\n              \"temporaryDelegationFromDate\": \"<string>\",\n              \"temporaryDelegationToDate\": \"<string>\"\n            }\n          }\n        ],\n        \"purchaseRequest\": [\n          {\n            \"canApprove\": \"<boolean>\",\n            \"canPrepare\": \"<boolean>\",\n            \"canPrepareForApproval\": \"<boolean>\",\n            \"canReceiveApprovalEmail\": \"<boolean>\",\n            \"canReceiveEmail\": \"<boolean>\",\n            \"canSubmit\": \"<boolean>\",\n            \"canSubmitTravelRequest\": \"<boolean>\",\n            \"canUseBi\": \"<boolean>\",\n            \"canViewReceipt\": \"<boolean>\",\n            \"delegate\": {\n              \"value\": \"<uuid>\",\n              \"displayName\": \"<string>\",\n              \"employeeNumber\": \"<string>\",\n              \"$ref\": \"<uri>\"\n            },\n            \"temporaryDelegation\": {\n              \"temporaryDelegationFromDate\": \"<string>\",\n              \"temporaryDelegationToDate\": \"<string>\"\n            }\n          },\n          {\n            \"canApprove\": \"<boolean>\",\n            \"canPrepare\": \"<boolean>\",\n            \"canPrepareForApproval\": \"<boolean>\",\n            \"canReceiveApprovalEmail\": \"<boolean>\",\n            \"canReceiveEmail\": \"<boolean>\",\n            \"canSubmit\": \"<boolean>\",\n            \"canSubmitTravelRequest\": \"<boolean>\",\n            \"canUseBi\": \"<boolean>\",\n            \"canViewReceipt\": \"<boolean>\",\n            \"delegate\": {\n              \"value\": \"<uuid>\",\n              \"displayName\": \"<string>\",\n              \"employeeNumber\": \"<string>\",\n              \"$ref\": \"<uri>\"\n            },\n            \"temporaryDelegation\": {\n              \"temporaryDelegationFromDate\": \"<string>\",\n              \"temporaryDelegationToDate\": \"<string>\"\n            }\n          }\n        ]\n      },\n      \"urn:ietf:params:scim:schemas:extension:spend:2.0:Role\": {\n        \"roles\": [\n          {\n            \"roleName\": \"REPORTING_HIST_DATA_USER\",\n            \"roleGroups\": [\n              \"<string>\",\n              \"<string>\"\n            ]\n          },\n          {\n            \"roleName\": \"EXP_PROCESSOR\",\n            \"roleGroups\": [\n              \"<string>\",\n              \"<string>\"\n            ]\n          }\n        ]\n      },\n      \"urn:ietf:params:scim:schemas:extension:spend:2.0:UserPreference\": {\n        \"showImagingIntro\": \"<boolean>\",\n        \"expenseAuditRequired\": \"<string>\",\n        \"allowCreditCardTransArrivalEmails\": \"<boolean>\",\n        \"allowReceiptImageAvailEmails\": \"<boolean>\",\n        \"promptForCardTransactionsOnReport\": \"<boolean>\",\n        \"autoAddTripCardTransOnReport\": \"<boolean>\",\n        \"promptForReportPrintFormat\": \"<boolean>\",\n        \"defaultReportPrintFormat\": \"<string>\",\n        \"showTotalOnReport\": \"<boolean>\",\n        \"showExpenseOnReport\": \"<string>\",\n        \"showInstructHelpPanel\": \"<boolean>\",\n        \"useQuickItinAsDefault\": \"<boolean>\",\n        \"allowAutoCreateTripReport\": \"<boolean>\"\n      },\n      \"urn:ietf:params:scim:schemas:extension:enterprise:2.0:Payroll\": {\n        \"adp\": {\n          \"companyCode\": \"<string>\",\n          \"deductionCode\": \"<string>\",\n          \"employeeFileNumber\": \"<string>\"\n        }\n      },\n      \"urn:ietf:params:scim:schemas:extension:spend:2.0:WorkflowPreference\": {\n        \"emailStatusChangeOnCashAdvance\": \"<boolean>\",\n        \"emailAwaitApprovalOnCashAdvance\": \"<boolean>\",\n        \"emailStatusChangeOnReport\": \"<boolean>\",\n        \"emailAwaitApprovalOnReport\": \"<boolean>\",\n        \"promptForApproverOnReportSubmit\": \"<boolean>\",\n        \"emailStatusChangeOnTravelRequest\": \"<boolean>\",\n        \"emailAwaitApprovalOnTravelRequest\": \"<boolean>\",\n        \"promptForApproverOnTravelRequestSubmit\": \"<boolean>\",\n        \"emailStatusChangeOnPayment\": \"<boolean>\",\n        \"emailAwaitApprovalOnPayment\": \"<boolean>\",\n        \"promptForApproverOnPaymentSubmit\": \"<boolean>\"\n      }\n    }\n  ],\n  \"totalResults\": \"<integer>\",\n  \"id\": \"<string>\",\n  \"externalId\": \"<string>\",\n  \"meta\": {\n    \"resourceType\": \"<string>\",\n    \"created\": \"<dateTime>\",\n    \"lastModified\": \"<dateTime>\",\n    \"location\": \"<uri>\",\n    \"version\": \"<string>\"\n  },\n  \"startIndex\": \"<integer>\",\n  \"itemsPerPage\": \"<integer>\"\n}"},{"id":"76d9ac75-745d-40b4-a682-40717b9668ec","name":"Invalid Request","originalRequest":{"method":"GET","header":[{"key":"Accept","value":"application/json"},{"description":"Added as a part of security scheme: bearer","key":"Authorization","value":"Bearer <token>"}],"url":{"raw":"{{baseUrl}}/spend/v4/Users?startIndex=<integer>&itemsPerPage=<integer>&filter=<string>","host":["{{baseUrl}}"],"path":["spend","v4","Users"],"query":[{"description":"(Required) ","key":"startIndex","value":"<integer>"},{"description":"(Required) ","key":"itemsPerPage","value":"<integer>"},{"description":"(Required) ","key":"filter","value":"<string>"}]}},"status":"Bad Request","code":400,"_postman_previewlanguage":"json","header":[{"key":"Content-Type","value":"application/json"}],"cookie":[],"responseTime":null,"body":"{\n  \"schemas\": [\n    \"<string>\",\n    \"<string>\"\n  ],\n  \"id\": \"<string>\",\n  \"externalId\": \"<string>\",\n  \"meta\": {\n    \"resourceType\": \"<string>\",\n    \"created\": \"<dateTime>\",\n    \"lastModified\": \"<dateTime>\",\n    \"location\": \"<uri>\",\n    \"version\": \"<string>\"\n  },\n  \"scimType\": \"<string>\",\n  \"detail\": \"<string>\",\n  \"status\": \"<integer>\"\n}"},{"id":"8b0bb448-1df0-4c91-9aa6-8eb22f3cedb2","name":"UnAuthorized","originalRequest":{"method":"GET","header":[{"key":"Accept","value":"application/json"},{"description":"Added as a part of security scheme: bearer","key":"Authorization","value":"Bearer <token>"}],"url":{"raw":"{{baseUrl}}/spend/v4/Users?startIndex=<integer>&itemsPerPage=<integer>&filter=<string>","host":["{{baseUrl}}"],"path":["spend","v4","Users"],"query":[{"description":"(Required) ","key":"startIndex","value":"<integer>"},{"description":"(Required) ","key":"itemsPerPage","value":"<integer>"},{"description":"(Required) ","key":"filter","value":"<string>"}]}},"status":"Unauthorized","code":401,"_postman_previewlanguage":"json","header":[{"key":"Content-Type","value":"application/json"}],"cookie":[],"responseTime":null,"body":"{\n  \"schemas\": [\n    \"<string>\",\n    \"<string>\"\n  ],\n  \"id\": \"<string>\",\n  \"externalId\": \"<string>\",\n  \"meta\": {\n    \"resourceType\": \"<string>\",\n    \"created\": \"<dateTime>\",\n    \"lastModified\": \"<dateTime>\",\n    \"location\": \"<uri>\",\n    \"version\": \"<string>\"\n  },\n  \"scimType\": \"<string>\",\n  \"detail\": \"<string>\",\n  \"status\": \"<integer>\"\n}"},{"id":"420da0af-4e40-4044-89ad-12e287954308","name":"Forbidden","originalRequest":{"method":"GET","header":[{"key":"Accept","value":"application/json"},{"description":"Added as a part of security scheme: bearer","key":"Authorization","value":"Bearer <token>"}],"url":{"raw":"{{baseUrl}}/spend/v4/Users?startIndex=<integer>&itemsPerPage=<integer>&filter=<string>","host":["{{baseUrl}}"],"path":["spend","v4","Users"],"query":[{"description":"(Required) ","key":"startIndex","value":"<integer>"},{"description":"(Required) ","key":"itemsPerPage","value":"<integer>"},{"description":"(Required) ","key":"filter","value":"<string>"}]}},"status":"Forbidden","code":403,"_postman_previewlanguage":"json","header":[{"key":"Content-Type","value":"application/json"}],"cookie":[],"responseTime":null,"body":"{\n  \"schemas\": [\n    \"<string>\",\n    \"<string>\"\n  ],\n  \"id\": \"<string>\",\n  \"externalId\": \"<string>\",\n  \"meta\": {\n    \"resourceType\": \"<string>\",\n    \"created\": \"<dateTime>\",\n    \"lastModified\": \"<dateTime>\",\n    \"location\": \"<uri>\",\n    \"version\": \"<string>\"\n  },\n  \"scimType\": \"<string>\",\n  \"detail\": \"<string>\",\n  \"status\": \"<integer>\"\n}"},{"id":"c1ba5b7e-ce56-4442-b074-8a83f53bb8d4","name":"User Not Found","originalRequest":{"method":"GET","header":[{"key":"Accept","value":"application/json"},{"description":"Added as a part of security scheme: bearer","key":"Authorization","value":"Bearer <token>"}],"url":{"raw":"{{baseUrl}}/spend/v4/Users?startIndex=<integer>&itemsPerPage=<integer>&filter=<string>","host":["{{baseUrl}}"],"path":["spend","v4","Users"],"query":[{"description":"(Required) ","key":"startIndex","value":"<integer>"},{"description":"(Required) ","key":"itemsPerPage","value":"<integer>"},{"description":"(Required) ","key":"filter","value":"<string>"}]}},"status":"Not Found","code":404,"_postman_previewlanguage":"json","header":[{"key":"Content-Type","value":"application/json"}],"cookie":[],"responseTime":null,"body":"{\n  \"schemas\": [\n    \"<string>\",\n    \"<string>\"\n  ],\n  \"id\": \"<string>\",\n  \"externalId\": \"<string>\",\n  \"meta\": {\n    \"resourceType\": \"<string>\",\n    \"created\": \"<dateTime>\",\n    \"lastModified\": \"<dateTime>\",\n    \"location\": \"<uri>\",\n    \"version\": \"<string>\"\n  },\n  \"scimType\": \"<string>\",\n  \"detail\": \"<string>\",\n  \"status\": \"<integer>\"\n}"},{"id":"67eba1b8-0bfd-41d6-a0ed-351c5afcf4f2","name":"Internal Error","originalRequest":{"method":"GET","header":[{"key":"Accept","value":"application/json"},{"description":"Added as a part of security scheme: bearer","key":"Authorization","value":"Bearer <token>"}],"url":{"raw":"{{baseUrl}}/spend/v4/Users?startIndex=<integer>&itemsPerPage=<integer>&filter=<string>","host":["{{baseUrl}}"],"path":["spend","v4","Users"],"query":[{"description":"(Required) ","key":"startIndex","value":"<integer>"},{"description":"(Required) ","key":"itemsPerPage","value":"<integer>"},{"description":"(Required) ","key":"filter","value":"<string>"}]}},"status":"Internal Server Error","code":500,"_postman_previewlanguage":"json","header":[{"key":"Content-Type","value":"application/json"}],"cookie":[],"responseTime":null,"body":"{\n  \"schemas\": [\n    \"<string>\",\n    \"<string>\"\n  ],\n  \"id\": \"<string>\",\n  \"externalId\": \"<string>\",\n  \"meta\": {\n    \"resourceType\": \"<string>\",\n    \"created\": \"<dateTime>\",\n    \"lastModified\": \"<dateTime>\",\n    \"location\": \"<uri>\",\n    \"version\": \"<string>\"\n  },\n  \"scimType\": \"<string>\",\n  \"detail\": \"<string>\",\n  \"status\": \"<integer>\"\n}"},{"id":"1f24a490-a6a7-480e-89ca-71cfcc1999f5","name":"Not Implemented","originalRequest":{"method":"GET","header":[{"key":"Accept","value":"application/json"},{"description":"Added as a part of security scheme: bearer","key":"Authorization","value":"Bearer <token>"}],"url":{"raw":"{{baseUrl}}/spend/v4/Users?startIndex=<integer>&itemsPerPage=<integer>&filter=<string>","host":["{{baseUrl}}"],"path":["spend","v4","Users"],"query":[{"description":"(Required) ","key":"startIndex","value":"<integer>"},{"description":"(Required) ","key":"itemsPerPage","value":"<integer>"},{"description":"(Required) ","key":"filter","value":"<string>"}]}},"status":"Not Implemented","code":501,"_postman_previewlanguage":"json","header":[{"key":"Content-Type","value":"application/json"}],"cookie":[],"responseTime":null,"body":"{\n  \"schemas\": [\n    \"<string>\",\n    \"<string>\"\n  ],\n  \"id\": \"<string>\",\n  \"externalId\": \"<string>\",\n  \"meta\": {\n    \"resourceType\": \"<string>\",\n    \"created\": \"<dateTime>\",\n    \"lastModified\": \"<dateTime>\",\n    \"location\": \"<uri>\",\n    \"version\": \"<string>\"\n  },\n  \"scimType\": \"<string>\",\n  \"detail\": \"<string>\",\n  \"status\": \"<integer>\"\n}"}]}],"id":"f2ced799-ac4a-483e-adb5-685b0badcc87"}],"id":"effbe4e5-5cbf-4630-a484-7d784d02a314"}],"id":"82eddef2-4621-401c-8737-dd053b2db75f"}],"auth":{"type":"bearer","bearer":[{"key":"token","value":"{{accessToken}}","type":"string"}]},"event":[{"listen":"prerequest","script":{"id":"09f5d72a-7934-471f-a0d5-66fa3f3a9bc9","type":"text/javascript","exec":[""]}},{"listen":"test","script":{"id":"15ff3591-ce77-4e73-a63b-eea48f851647","type":"text/javascript","exec":[""]}}],"variable":[{"id":"b0a80e52-88ac-4c6d-9010-8589ebe4ece6","key":"baseUrl","value":"https://us.api.concursolutions.com"}]}