{"info":{"_postman_id":"71a293c6-7961-4583-85c2-eb18333353cb","name":"Document Compliance Gateway API Documentation","description":"Gateway to allow tax validators to get and update digital tax documents","schema":"https://schema.getpostman.com/json/collection/v2.1.0/collection.json"},"item":[{"name":"v4","item":[{"name":"tax-documents","item":[{"name":"{id}","item":[{"name":"Get a single digital tax document","id":"d39eec58-ab44-42f5-aba0-53f760423b84","protocolProfileBehavior":{"disableBodyPruning":true},"request":{"method":"GET","header":[{"description":"The unique identifier can be used during troubleshooting as it identifies the API call in the log files.","key":"concur-correlationid","value":"<string>"},{"key":"Accept","value":"*/*"}],"url":{"raw":"{{baseUrl}}/v4/tax-documents/:id","host":["{{baseUrl}}"],"path":["v4","tax-documents",":id"],"variable":[{"id":"f87419e5-e306-479e-ac0d-7be51bddb9e9","key":"id","value":"<string>"}]},"description":"Gets the specified digital tax document by documentId."},"response":[{"id":"bf4ae2f0-d5f1-40f0-bd67-5f12d58beca4","name":"Document Retrieved","originalRequest":{"method":"GET","header":[{"description":"The unique identifier can be used during troubleshooting as it identifies the API call in the log files.","key":"concur-correlationid","value":"<string>"},{"key":"Accept","value":"*/*"},{"description":"Added as a part of security scheme: bearer","key":"Authorization","value":"Bearer <token>"}],"url":{"raw":"{{baseUrl}}/v4/tax-documents/:id","host":["{{baseUrl}}"],"path":["v4","tax-documents",":id"],"variable":[{"key":"id"}]}},"status":"OK","code":200,"_postman_previewlanguage":"text","header":[{"key":"Content-Type","value":"*/*"}],"cookie":[],"responseTime":null,"body":"<string>"},{"id":"95815f32-6e63-4cf9-ac74-f24403f74708","name":"Invalid request body","originalRequest":{"method":"GET","header":[{"description":"The unique identifier can be used during troubleshooting as it identifies the API call in the log files.","key":"concur-correlationid","value":"<string>"},{"key":"Accept","value":"application/json"},{"description":"Added as a part of security scheme: bearer","key":"Authorization","value":"Bearer <token>"}],"url":{"raw":"{{baseUrl}}/v4/tax-documents/:id","host":["{{baseUrl}}"],"path":["v4","tax-documents",":id"],"variable":[{"key":"id"}]}},"status":"Bad Request","code":400,"_postman_previewlanguage":"json","header":[{"key":"Content-Type","value":"application/json"}],"cookie":[],"responseTime":null,"body":"{\n  \"Description\": \"<string>\",\n  \"DebugInfo\": {\n    \"in_11\": {},\n    \"anim_ff\": {},\n    \"enim7b\": {},\n    \"velit_ae6\": {}\n  }\n}"},{"id":"8b0b2306-c026-4d3d-9dc8-5d2ebeec78cc","name":"Invalid or nonexistent authorization HTTP header","originalRequest":{"method":"GET","header":[{"description":"The unique identifier can be used during troubleshooting as it identifies the API call in the log files.","key":"concur-correlationid","value":"<string>"},{"key":"Accept","value":"application/json"},{"description":"Added as a part of security scheme: bearer","key":"Authorization","value":"Bearer <token>"}],"url":{"raw":"{{baseUrl}}/v4/tax-documents/:id","host":["{{baseUrl}}"],"path":["v4","tax-documents",":id"],"variable":[{"key":"id"}]}},"status":"Unauthorized","code":401,"_postman_previewlanguage":"json","header":[{"key":"Content-Type","value":"application/json"}],"cookie":[],"responseTime":null,"body":"{\n  \"Description\": \"<string>\",\n  \"DebugInfo\": {\n    \"in_11\": {},\n    \"anim_ff\": {},\n    \"enim7b\": {},\n    \"velit_ae6\": {}\n  }\n}"},{"id":"4ec7955d-956c-429a-a962-7906d6157759","name":"Permission Denied","originalRequest":{"method":"GET","header":[{"description":"The unique identifier can be used during troubleshooting as it identifies the API call in the log files.","key":"concur-correlationid","value":"<string>"},{"key":"Accept","value":"application/json"},{"description":"Added as a part of security scheme: bearer","key":"Authorization","value":"Bearer <token>"}],"url":{"raw":"{{baseUrl}}/v4/tax-documents/:id","host":["{{baseUrl}}"],"path":["v4","tax-documents",":id"],"variable":[{"key":"id"}]}},"status":"Forbidden","code":403,"_postman_previewlanguage":"json","header":[{"key":"Content-Type","value":"application/json"}],"cookie":[],"responseTime":null,"body":"{\n  \"Description\": \"<string>\",\n  \"DebugInfo\": {\n    \"in_11\": {},\n    \"anim_ff\": {},\n    \"enim7b\": {},\n    \"velit_ae6\": {}\n  }\n}"},{"id":"0782caec-b906-4d86-8459-a5bd54cd6e9f","name":"Unable to find the requested resource","originalRequest":{"method":"GET","header":[{"description":"The unique identifier can be used during troubleshooting as it identifies the API call in the log files.","key":"concur-correlationid","value":"<string>"},{"key":"Accept","value":"application/json"},{"description":"Added as a part of security scheme: bearer","key":"Authorization","value":"Bearer <token>"}],"url":{"raw":"{{baseUrl}}/v4/tax-documents/:id","host":["{{baseUrl}}"],"path":["v4","tax-documents",":id"],"variable":[{"key":"id"}]}},"status":"Not Found","code":404,"_postman_previewlanguage":"json","header":[{"key":"Content-Type","value":"application/json"}],"cookie":[],"responseTime":null,"body":"{\n  \"Description\": \"<string>\",\n  \"DebugInfo\": {\n    \"in_11\": {},\n    \"anim_ff\": {},\n    \"enim7b\": {},\n    \"velit_ae6\": {}\n  }\n}"},{"id":"1a9cf6f3-def2-41d6-9402-5fe22b1a094d","name":"Internal Server Error","originalRequest":{"method":"GET","header":[{"description":"The unique identifier can be used during troubleshooting as it identifies the API call in the log files.","key":"concur-correlationid","value":"<string>"},{"key":"Accept","value":"application/json"},{"description":"Added as a part of security scheme: bearer","key":"Authorization","value":"Bearer <token>"}],"url":{"raw":"{{baseUrl}}/v4/tax-documents/:id","host":["{{baseUrl}}"],"path":["v4","tax-documents",":id"],"variable":[{"key":"id"}]}},"status":"Internal Server Error","code":500,"_postman_previewlanguage":"json","header":[{"key":"Content-Type","value":"application/json"}],"cookie":[],"responseTime":null,"body":"{\n  \"Description\": \"<string>\",\n  \"DebugInfo\": {\n    \"in_11\": {},\n    \"anim_ff\": {},\n    \"enim7b\": {},\n    \"velit_ae6\": {}\n  }\n}"},{"id":"fbd7f2c3-9e9e-407c-90d7-28c6ef207bda","name":"The service is currently unavailable","originalRequest":{"method":"GET","header":[{"description":"The unique identifier can be used during troubleshooting as it identifies the API call in the log files.","key":"concur-correlationid","value":"<string>"},{"key":"Accept","value":"application/json"},{"description":"Added as a part of security scheme: bearer","key":"Authorization","value":"Bearer <token>"}],"url":{"raw":"{{baseUrl}}/v4/tax-documents/:id","host":["{{baseUrl}}"],"path":["v4","tax-documents",":id"],"variable":[{"key":"id"}]}},"status":"Service Unavailable","code":503,"_postman_previewlanguage":"json","header":[{"key":"Content-Type","value":"application/json"}],"cookie":[],"responseTime":null,"body":"{\n  \"Description\": \"<string>\",\n  \"DebugInfo\": {\n    \"in_11\": {},\n    \"anim_ff\": {},\n    \"enim7b\": {},\n    \"velit_ae6\": {}\n  }\n}"}]},{"name":"Validate and upload digital tax document","id":"84959767-2767-45c1-9c4d-b527e2dd73f0","protocolProfileBehavior":{"disableBodyPruning":true},"request":{"method":"PUT","header":[{"description":"The unique identifier can be used during troubleshooting as it identifies the API call in the log files.","key":"concur-correlationid","value":"<string>"},{"key":"Content-Type","value":"multipart/form-data"},{"key":"Accept","value":"application/json"}],"body":{"mode":"formdata","formdata":[{"description":"(Required) Digital Tax Document","key":"digitalTaxDocument","value":"[object Object]","type":"text"},{"description":"PDF Displayed version","key":"displayedVersion","value":"<string>","type":"text"}]},"url":{"raw":"{{baseUrl}}/v4/tax-documents/:id","host":["{{baseUrl}}"],"path":["v4","tax-documents",":id"],"variable":[{"id":"44e3258b-57f5-4bff-8ebf-106b06c6420d","key":"id","value":"<string>"}]},"description":"API for uploading digital tax document and upload displayed version of document"},"response":[{"id":"41d744b0-53e7-442f-9275-0abffe76e0ec","name":"Tax document uploaded","originalRequest":{"method":"PUT","header":[{"description":"The unique identifier can be used during troubleshooting as it identifies the API call in the log files.","key":"concur-correlationid","value":"<string>"},{"key":"Content-Type","value":"multipart/form-data"},{"key":"Accept","value":"application/json"},{"description":"Added as a part of security scheme: bearer","key":"Authorization","value":"Bearer <token>"}],"body":{"mode":"formdata","formdata":[{"description":"(Required) Digital Tax Document","key":"digitalTaxDocument","value":"[object Object]","type":"text"},{"description":"PDF Displayed version","key":"displayedVersion","value":"<string>","type":"text"}]},"url":{"raw":"{{baseUrl}}/v4/tax-documents/:id","host":["{{baseUrl}}"],"path":["v4","tax-documents",":id"],"variable":[{"key":"id"}]}},"status":"OK","code":200,"_postman_previewlanguage":"json","header":[{"key":"Content-Type","value":"application/json"}],"cookie":[],"responseTime":null,"body":"{\n  \"DocumentId\": \"<string>\",\n  \"Description\": \"<string>\"\n}"},{"id":"8eaf5267-bbe7-4d93-8d8b-4ad88fe7a29b","name":"Invalid request body","originalRequest":{"method":"PUT","header":[{"description":"The unique identifier can be used during troubleshooting as it identifies the API call in the log files.","key":"concur-correlationid","value":"<string>"},{"key":"Content-Type","value":"multipart/form-data"},{"key":"Accept","value":"application/json"},{"description":"Added as a part of security scheme: bearer","key":"Authorization","value":"Bearer <token>"}],"body":{"mode":"formdata","formdata":[{"description":"(Required) Digital Tax Document","key":"digitalTaxDocument","value":"[object Object]","type":"text"},{"description":"PDF Displayed version","key":"displayedVersion","value":"<string>","type":"text"}]},"url":{"raw":"{{baseUrl}}/v4/tax-documents/:id","host":["{{baseUrl}}"],"path":["v4","tax-documents",":id"],"variable":[{"key":"id"}]}},"status":"Bad Request","code":400,"_postman_previewlanguage":"json","header":[{"key":"Content-Type","value":"application/json"}],"cookie":[],"responseTime":null,"body":"{\n  \"Description\": \"<string>\",\n  \"DebugInfo\": {\n    \"in_11\": {},\n    \"anim_ff\": {},\n    \"enim7b\": {},\n    \"velit_ae6\": {}\n  }\n}"},{"id":"00f1e9a2-7538-48ec-ac5b-313aa49a4aca","name":"Invalid or nonexistent authorization HTTP header","originalRequest":{"method":"PUT","header":[{"description":"The unique identifier can be used during troubleshooting as it identifies the API call in the log files.","key":"concur-correlationid","value":"<string>"},{"key":"Content-Type","value":"multipart/form-data"},{"key":"Accept","value":"application/json"},{"description":"Added as a part of security scheme: bearer","key":"Authorization","value":"Bearer <token>"}],"body":{"mode":"formdata","formdata":[{"description":"(Required) Digital Tax Document","key":"digitalTaxDocument","value":"[object Object]","type":"text"},{"description":"PDF Displayed version","key":"displayedVersion","value":"<string>","type":"text"}]},"url":{"raw":"{{baseUrl}}/v4/tax-documents/:id","host":["{{baseUrl}}"],"path":["v4","tax-documents",":id"],"variable":[{"key":"id"}]}},"status":"Unauthorized","code":401,"_postman_previewlanguage":"json","header":[{"key":"Content-Type","value":"application/json"}],"cookie":[],"responseTime":null,"body":"{\n  \"Description\": \"<string>\",\n  \"DebugInfo\": {\n    \"in_11\": {},\n    \"anim_ff\": {},\n    \"enim7b\": {},\n    \"velit_ae6\": {}\n  }\n}"},{"id":"3a704673-6854-4735-b34f-7bc714c86446","name":"Permission Denied","originalRequest":{"method":"PUT","header":[{"description":"The unique identifier can be used during troubleshooting as it identifies the API call in the log files.","key":"concur-correlationid","value":"<string>"},{"key":"Content-Type","value":"multipart/form-data"},{"key":"Accept","value":"application/json"},{"description":"Added as a part of security scheme: bearer","key":"Authorization","value":"Bearer <token>"}],"body":{"mode":"formdata","formdata":[{"description":"(Required) Digital Tax Document","key":"digitalTaxDocument","value":"[object Object]","type":"text"},{"description":"PDF Displayed version","key":"displayedVersion","value":"<string>","type":"text"}]},"url":{"raw":"{{baseUrl}}/v4/tax-documents/:id","host":["{{baseUrl}}"],"path":["v4","tax-documents",":id"],"variable":[{"key":"id"}]}},"status":"Forbidden","code":403,"_postman_previewlanguage":"json","header":[{"key":"Content-Type","value":"application/json"}],"cookie":[],"responseTime":null,"body":"{\n  \"Description\": \"<string>\",\n  \"DebugInfo\": {\n    \"in_11\": {},\n    \"anim_ff\": {},\n    \"enim7b\": {},\n    \"velit_ae6\": {}\n  }\n}"},{"id":"ffaefd1a-a908-4aff-99d5-6250f0bdcd4c","name":"Unable to find the requested resource","originalRequest":{"method":"PUT","header":[{"description":"The unique identifier can be used during troubleshooting as it identifies the API call in the log files.","key":"concur-correlationid","value":"<string>"},{"key":"Content-Type","value":"multipart/form-data"},{"key":"Accept","value":"application/json"},{"description":"Added as a part of security scheme: bearer","key":"Authorization","value":"Bearer <token>"}],"body":{"mode":"formdata","formdata":[{"description":"(Required) Digital Tax Document","key":"digitalTaxDocument","value":"[object Object]","type":"text"},{"description":"PDF Displayed version","key":"displayedVersion","value":"<string>","type":"text"}]},"url":{"raw":"{{baseUrl}}/v4/tax-documents/:id","host":["{{baseUrl}}"],"path":["v4","tax-documents",":id"],"variable":[{"key":"id"}]}},"status":"Not Found","code":404,"_postman_previewlanguage":"json","header":[{"key":"Content-Type","value":"application/json"}],"cookie":[],"responseTime":null,"body":"{\n  \"Description\": \"<string>\",\n  \"DebugInfo\": {\n    \"in_11\": {},\n    \"anim_ff\": {},\n    \"enim7b\": {},\n    \"velit_ae6\": {}\n  }\n}"},{"id":"b6c3e5f7-02b4-4eed-992d-1c4d512a811a","name":"Internal Server Error","originalRequest":{"method":"PUT","header":[{"description":"The unique identifier can be used during troubleshooting as it identifies the API call in the log files.","key":"concur-correlationid","value":"<string>"},{"key":"Content-Type","value":"multipart/form-data"},{"key":"Accept","value":"application/json"},{"description":"Added as a part of security scheme: bearer","key":"Authorization","value":"Bearer <token>"}],"body":{"mode":"formdata","formdata":[{"description":"(Required) Digital Tax Document","key":"digitalTaxDocument","value":"[object Object]","type":"text"},{"description":"PDF Displayed version","key":"displayedVersion","value":"<string>","type":"text"}]},"url":{"raw":"{{baseUrl}}/v4/tax-documents/:id","host":["{{baseUrl}}"],"path":["v4","tax-documents",":id"],"variable":[{"key":"id"}]}},"status":"Internal Server Error","code":500,"_postman_previewlanguage":"json","header":[{"key":"Content-Type","value":"application/json"}],"cookie":[],"responseTime":null,"body":"{\n  \"Description\": \"<string>\",\n  \"DebugInfo\": {\n    \"in_11\": {},\n    \"anim_ff\": {},\n    \"enim7b\": {},\n    \"velit_ae6\": {}\n  }\n}"},{"id":"feeb644a-ed75-474e-a18a-281fba577aa6","name":"The service is currently unavailable","originalRequest":{"method":"PUT","header":[{"description":"The unique identifier can be used during troubleshooting as it identifies the API call in the log files.","key":"concur-correlationid","value":"<string>"},{"key":"Content-Type","value":"multipart/form-data"},{"key":"Accept","value":"application/json"},{"description":"Added as a part of security scheme: bearer","key":"Authorization","value":"Bearer <token>"}],"body":{"mode":"formdata","formdata":[{"description":"(Required) Digital Tax Document","key":"digitalTaxDocument","value":"[object Object]","type":"text"},{"description":"PDF Displayed version","key":"displayedVersion","value":"<string>","type":"text"}]},"url":{"raw":"{{baseUrl}}/v4/tax-documents/:id","host":["{{baseUrl}}"],"path":["v4","tax-documents",":id"],"variable":[{"key":"id"}]}},"status":"Service Unavailable","code":503,"_postman_previewlanguage":"json","header":[{"key":"Content-Type","value":"application/json"}],"cookie":[],"responseTime":null,"body":"{\n  \"Description\": \"<string>\",\n  \"DebugInfo\": {\n    \"in_11\": {},\n    \"anim_ff\": {},\n    \"enim7b\": {},\n    \"velit_ae6\": {}\n  }\n}"}]}],"id":"f91c3c8b-bc2f-4cc9-a730-9de4d9bbce36"}],"id":"e2b28570-534e-45d8-b1dd-c6c698eab223"},{"name":"peppol","item":[{"name":"invoice","item":[{"name":"Send Peppol Invoice Document","id":"b40c4759-9706-4495-a684-8685d3ae218e","protocolProfileBehavior":{"disableBodyPruning":true},"request":{"method":"POST","header":[{"description":"The unique identifier can be used during troubleshooting as it identifies the API call in the log files.","key":"concur-correlationid","value":"<string>"},{"key":"Content-Type","value":"application/json"},{"key":"Accept","value":"application/json"}],"body":{"mode":"raw","raw":"{\n  \"processType\": \"<string>\",\n  \"country\": \"<string>\",\n  \"action\": \"<string>\",\n  \"channel\": \"<string>\",\n  \"sender\": \"<string>\",\n  \"receiver\": \"<string>\",\n  \"document\": {\n    \"id\": \"<string>\",\n    \"type\": \"<string>\",\n    \"contentType\": \"<string>\",\n    \"content\": \"<string>\",\n    \"attachments\": [\n      {\n        \"type\": \"<string>\",\n        \"fileName\": \"<string>\",\n        \"contentType\": \"<string>\",\n        \"content\": \"<string>\"\n      },\n      {\n        \"type\": \"<string>\",\n        \"fileName\": \"<string>\",\n        \"contentType\": \"<string>\",\n        \"content\": \"<string>\"\n      }\n    ]\n  }\n}","options":{"raw":{"headerFamily":"json","language":"json"}}},"url":{"raw":"{{baseUrl}}/v4/peppol/invoice","host":["{{baseUrl}}"],"path":["v4","peppol","invoice"]},"description":"DRC calls this API to send Peppol invoice to Concur"},"response":[{"id":"6cd7e1c4-70a2-4132-bab2-7af8cf383a63","name":"Invoice validated","originalRequest":{"method":"POST","header":[{"description":"The unique identifier can be used during troubleshooting as it identifies the API call in the log files.","key":"concur-correlationid","value":"<string>"},{"key":"Content-Type","value":"application/json"},{"key":"Accept","value":"application/json"},{"description":"Added as a part of security scheme: bearer","key":"Authorization","value":"Bearer <token>"}],"body":{"mode":"raw","raw":"{\n  \"processType\": \"<string>\",\n  \"country\": \"<string>\",\n  \"action\": \"<string>\",\n  \"channel\": \"<string>\",\n  \"sender\": \"<string>\",\n  \"receiver\": \"<string>\",\n  \"document\": {\n    \"id\": \"<string>\",\n    \"type\": \"<string>\",\n    \"contentType\": \"<string>\",\n    \"content\": \"<string>\",\n    \"attachments\": [\n      {\n        \"type\": \"<string>\",\n        \"fileName\": \"<string>\",\n        \"contentType\": \"<string>\",\n        \"content\": \"<string>\"\n      },\n      {\n        \"type\": \"<string>\",\n        \"fileName\": \"<string>\",\n        \"contentType\": \"<string>\",\n        \"content\": \"<string>\"\n      }\n    ]\n  }\n}","options":{"raw":{"headerFamily":"json","language":"json"}}},"url":{"raw":"{{baseUrl}}/v4/peppol/invoice","host":["{{baseUrl}}"],"path":["v4","peppol","invoice"]}},"status":"OK","code":200,"_postman_previewlanguage":"json","header":[{"key":"Content-Type","value":"application/json"}],"cookie":[],"responseTime":null,"body":"{\n  \"invoiceNumber\": \"<string>\",\n  \"message\": \"<string>\",\n  \"participantId\": \"<string>\",\n  \"status\": \"<string>\"\n}"},{"id":"332164df-d7d5-4155-878f-96f4ac32eeb0","name":"Mandatory fields missing in invoice JSON","originalRequest":{"method":"POST","header":[{"description":"The unique identifier can be used during troubleshooting as it identifies the API call in the log files.","key":"concur-correlationid","value":"<string>"},{"key":"Content-Type","value":"application/json"},{"key":"Accept","value":"application/json"},{"description":"Added as a part of security scheme: bearer","key":"Authorization","value":"Bearer <token>"}],"body":{"mode":"raw","raw":"{\n  \"processType\": \"<string>\",\n  \"country\": \"<string>\",\n  \"action\": \"<string>\",\n  \"channel\": \"<string>\",\n  \"sender\": \"<string>\",\n  \"receiver\": \"<string>\",\n  \"document\": {\n    \"id\": \"<string>\",\n    \"type\": \"<string>\",\n    \"contentType\": \"<string>\",\n    \"content\": \"<string>\",\n    \"attachments\": [\n      {\n        \"type\": \"<string>\",\n        \"fileName\": \"<string>\",\n        \"contentType\": \"<string>\",\n        \"content\": \"<string>\"\n      },\n      {\n        \"type\": \"<string>\",\n        \"fileName\": \"<string>\",\n        \"contentType\": \"<string>\",\n        \"content\": \"<string>\"\n      }\n    ]\n  }\n}","options":{"raw":{"headerFamily":"json","language":"json"}}},"url":{"raw":"{{baseUrl}}/v4/peppol/invoice","host":["{{baseUrl}}"],"path":["v4","peppol","invoice"]}},"status":"Bad Request","code":400,"_postman_previewlanguage":"json","header":[{"key":"Content-Type","value":"application/json"}],"cookie":[],"responseTime":null,"body":"{\n  \"invoiceNumber\": \"<string>\",\n  \"message\": \"<string>\",\n  \"participantId\": \"<string>\",\n  \"status\": \"<string>\"\n}"},{"id":"dfdea2e6-548f-4df7-bea2-7cc3e82e5751","name":"Unauthorized","originalRequest":{"method":"POST","header":[{"description":"The unique identifier can be used during troubleshooting as it identifies the API call in the log files.","key":"concur-correlationid","value":"<string>"},{"key":"Content-Type","value":"application/json"},{"key":"Accept","value":"*/*"},{"description":"Added as a part of security scheme: bearer","key":"Authorization","value":"Bearer <token>"}],"body":{"mode":"raw","raw":"{\n  \"processType\": \"<string>\",\n  \"country\": \"<string>\",\n  \"action\": \"<string>\",\n  \"channel\": \"<string>\",\n  \"sender\": \"<string>\",\n  \"receiver\": \"<string>\",\n  \"document\": {\n    \"id\": \"<string>\",\n    \"type\": \"<string>\",\n    \"contentType\": \"<string>\",\n    \"content\": \"<string>\",\n    \"attachments\": [\n      {\n        \"type\": \"<string>\",\n        \"fileName\": \"<string>\",\n        \"contentType\": \"<string>\",\n        \"content\": \"<string>\"\n      },\n      {\n        \"type\": \"<string>\",\n        \"fileName\": \"<string>\",\n        \"contentType\": \"<string>\",\n        \"content\": \"<string>\"\n      }\n    ]\n  }\n}","options":{"raw":{"headerFamily":"json","language":"json"}}},"url":{"raw":"{{baseUrl}}/v4/peppol/invoice","host":["{{baseUrl}}"],"path":["v4","peppol","invoice"]}},"status":"Unauthorized","code":401,"_postman_previewlanguage":"text","header":[{"key":"Content-Type","value":"*/*"}],"cookie":[],"responseTime":null,"body":"<string>"},{"id":"10b568ce-71f5-42c6-bf45-0a12e857fb70","name":"Access is forbidden","originalRequest":{"method":"POST","header":[{"description":"The unique identifier can be used during troubleshooting as it identifies the API call in the log files.","key":"concur-correlationid","value":"<string>"},{"key":"Content-Type","value":"application/json"},{"key":"Accept","value":"application/json"},{"description":"Added as a part of security scheme: bearer","key":"Authorization","value":"Bearer <token>"}],"body":{"mode":"raw","raw":"{\n  \"processType\": \"<string>\",\n  \"country\": \"<string>\",\n  \"action\": \"<string>\",\n  \"channel\": \"<string>\",\n  \"sender\": \"<string>\",\n  \"receiver\": \"<string>\",\n  \"document\": {\n    \"id\": \"<string>\",\n    \"type\": \"<string>\",\n    \"contentType\": \"<string>\",\n    \"content\": \"<string>\",\n    \"attachments\": [\n      {\n        \"type\": \"<string>\",\n        \"fileName\": \"<string>\",\n        \"contentType\": \"<string>\",\n        \"content\": \"<string>\"\n      },\n      {\n        \"type\": \"<string>\",\n        \"fileName\": \"<string>\",\n        \"contentType\": \"<string>\",\n        \"content\": \"<string>\"\n      }\n    ]\n  }\n}","options":{"raw":{"headerFamily":"json","language":"json"}}},"url":{"raw":"{{baseUrl}}/v4/peppol/invoice","host":["{{baseUrl}}"],"path":["v4","peppol","invoice"]}},"status":"Forbidden","code":403,"_postman_previewlanguage":"json","header":[{"key":"Content-Type","value":"application/json"}],"cookie":[],"responseTime":null,"body":"{\n  \"invoiceNumber\": \"<string>\",\n  \"message\": \"<string>\",\n  \"participantId\": \"<string>\",\n  \"status\": \"<string>\"\n}"},{"id":"ab383da4-2998-4a7a-ab93-8284442023b5","name":"Unable to find the Participant","originalRequest":{"method":"POST","header":[{"description":"The unique identifier can be used during troubleshooting as it identifies the API call in the log files.","key":"concur-correlationid","value":"<string>"},{"key":"Content-Type","value":"application/json"},{"key":"Accept","value":"application/json"},{"description":"Added as a part of security scheme: bearer","key":"Authorization","value":"Bearer <token>"}],"body":{"mode":"raw","raw":"{\n  \"processType\": \"<string>\",\n  \"country\": \"<string>\",\n  \"action\": \"<string>\",\n  \"channel\": \"<string>\",\n  \"sender\": \"<string>\",\n  \"receiver\": \"<string>\",\n  \"document\": {\n    \"id\": \"<string>\",\n    \"type\": \"<string>\",\n    \"contentType\": \"<string>\",\n    \"content\": \"<string>\",\n    \"attachments\": [\n      {\n        \"type\": \"<string>\",\n        \"fileName\": \"<string>\",\n        \"contentType\": \"<string>\",\n        \"content\": \"<string>\"\n      },\n      {\n        \"type\": \"<string>\",\n        \"fileName\": \"<string>\",\n        \"contentType\": \"<string>\",\n        \"content\": \"<string>\"\n      }\n    ]\n  }\n}","options":{"raw":{"headerFamily":"json","language":"json"}}},"url":{"raw":"{{baseUrl}}/v4/peppol/invoice","host":["{{baseUrl}}"],"path":["v4","peppol","invoice"]}},"status":"Not Found","code":404,"_postman_previewlanguage":"json","header":[{"key":"Content-Type","value":"application/json"}],"cookie":[],"responseTime":null,"body":"{\n  \"invoiceNumber\": \"<string>\",\n  \"message\": \"<string>\",\n  \"participantId\": \"<string>\",\n  \"status\": \"<string>\"\n}"},{"id":"54dd8c96-3adf-43b3-9cdf-c188b0712dc4","name":"Internal Server Error","originalRequest":{"method":"POST","header":[{"description":"The unique identifier can be used during troubleshooting as it identifies the API call in the log files.","key":"concur-correlationid","value":"<string>"},{"key":"Content-Type","value":"application/json"},{"key":"Accept","value":"application/json"},{"description":"Added as a part of security scheme: bearer","key":"Authorization","value":"Bearer <token>"}],"body":{"mode":"raw","raw":"{\n  \"processType\": \"<string>\",\n  \"country\": \"<string>\",\n  \"action\": \"<string>\",\n  \"channel\": \"<string>\",\n  \"sender\": \"<string>\",\n  \"receiver\": \"<string>\",\n  \"document\": {\n    \"id\": \"<string>\",\n    \"type\": \"<string>\",\n    \"contentType\": \"<string>\",\n    \"content\": \"<string>\",\n    \"attachments\": [\n      {\n        \"type\": \"<string>\",\n        \"fileName\": \"<string>\",\n        \"contentType\": \"<string>\",\n        \"content\": \"<string>\"\n      },\n      {\n        \"type\": \"<string>\",\n        \"fileName\": \"<string>\",\n        \"contentType\": \"<string>\",\n        \"content\": \"<string>\"\n      }\n    ]\n  }\n}","options":{"raw":{"headerFamily":"json","language":"json"}}},"url":{"raw":"{{baseUrl}}/v4/peppol/invoice","host":["{{baseUrl}}"],"path":["v4","peppol","invoice"]}},"status":"Internal Server Error","code":500,"_postman_previewlanguage":"json","header":[{"key":"Content-Type","value":"application/json"}],"cookie":[],"responseTime":null,"body":"{\n  \"invoiceNumber\": \"<string>\",\n  \"message\": \"<string>\",\n  \"participantId\": \"<string>\",\n  \"status\": \"<string>\"\n}"},{"id":"47fd877e-27f1-42fe-a67a-ae73b4b88543","name":"Invoice Service Unavailable","originalRequest":{"method":"POST","header":[{"description":"The unique identifier can be used during troubleshooting as it identifies the API call in the log files.","key":"concur-correlationid","value":"<string>"},{"key":"Content-Type","value":"application/json"},{"key":"Accept","value":"application/json"},{"description":"Added as a part of security scheme: bearer","key":"Authorization","value":"Bearer <token>"}],"body":{"mode":"raw","raw":"{\n  \"processType\": \"<string>\",\n  \"country\": \"<string>\",\n  \"action\": \"<string>\",\n  \"channel\": \"<string>\",\n  \"sender\": \"<string>\",\n  \"receiver\": \"<string>\",\n  \"document\": {\n    \"id\": \"<string>\",\n    \"type\": \"<string>\",\n    \"contentType\": \"<string>\",\n    \"content\": \"<string>\",\n    \"attachments\": [\n      {\n        \"type\": \"<string>\",\n        \"fileName\": \"<string>\",\n        \"contentType\": \"<string>\",\n        \"content\": \"<string>\"\n      },\n      {\n        \"type\": \"<string>\",\n        \"fileName\": \"<string>\",\n        \"contentType\": \"<string>\",\n        \"content\": \"<string>\"\n      }\n    ]\n  }\n}","options":{"raw":{"headerFamily":"json","language":"json"}}},"url":{"raw":"{{baseUrl}}/v4/peppol/invoice","host":["{{baseUrl}}"],"path":["v4","peppol","invoice"]}},"status":"Service Unavailable","code":503,"_postman_previewlanguage":"json","header":[{"key":"Content-Type","value":"application/json"}],"cookie":[],"responseTime":null,"body":"{\n  \"invoiceNumber\": \"<string>\",\n  \"message\": \"<string>\",\n  \"participantId\": \"<string>\",\n  \"status\": \"<string>\"\n}"}]}],"id":"f4b20de5-65aa-442b-a1f3-3612000eb2f3"}],"id":"a3cda493-fe26-417f-916a-e525ce9bc946"},{"name":"health","item":[{"name":"Check DCG health status","id":"7deea16f-c0de-42ac-80b3-690730d2dd47","protocolProfileBehavior":{"disableBodyPruning":true},"request":{"method":"GET","header":[{"description":"The unique identifier can be used during troubleshooting as it identifies the API call in the log files.","key":"concur-correlationid","value":"<string>"},{"key":"Accept","value":"application/json"}],"url":{"raw":"{{baseUrl}}/v4/health","host":["{{baseUrl}}"],"path":["v4","health"]},"description":"DRC calls this API to check for health status"},"response":[{"id":"0ccb4ebe-3d9a-42a2-ba4a-7ce3c1b094e6","name":"Service is UP","originalRequest":{"method":"GET","header":[{"description":"The unique identifier can be used during troubleshooting as it identifies the API call in the log files.","key":"concur-correlationid","value":"<string>"},{"key":"Accept","value":"application/json"},{"description":"Added as a part of security scheme: bearer","key":"Authorization","value":"Bearer <token>"}],"url":{"raw":"{{baseUrl}}/v4/health","host":["{{baseUrl}}"],"path":["v4","health"]}},"status":"OK","code":200,"_postman_previewlanguage":"json","header":[{"key":"Content-Type","value":"application/json"}],"cookie":[],"responseTime":null,"body":"{\n  \"ad__6a\": \"<string>\"\n}"},{"id":"7decdf63-b10b-4acb-afa9-88dcb96cd58f","name":"Service is DOWN","originalRequest":{"method":"GET","header":[{"description":"The unique identifier can be used during troubleshooting as it identifies the API call in the log files.","key":"concur-correlationid","value":"<string>"},{"key":"Accept","value":"application/json"},{"description":"Added as a part of security scheme: bearer","key":"Authorization","value":"Bearer <token>"}],"url":{"raw":"{{baseUrl}}/v4/health","host":["{{baseUrl}}"],"path":["v4","health"]}},"status":"Service Unavailable","code":503,"_postman_previewlanguage":"json","header":[{"key":"Content-Type","value":"application/json"}],"cookie":[],"responseTime":null,"body":"{\n  \"ad__6a\": \"<string>\"\n}"}]}],"id":"5ecc7706-30e2-489f-8287-c190f136b384"}],"id":"fcc9aff2-ad32-48f5-b484-c48b949ea77a"}],"auth":{"type":"bearer","bearer":[{"key":"token","value":"{{bearerToken}}","type":"string"}]},"variable":[{"id":"6f35f93a-b766-4b68-acc3-ad3cc792f9d0","key":"baseUrl","value":"https://us2.api.concursolutions.com/document-compliance-gateway"}]}