{"info":{"_postman_id":"74e09bc6-6194-4421-be06-73b632068d79","name":"Digital Tax Invoices","description":"The regulations of some countries require that clients provide an electronic receipt in digital XML format for each reimbursable expense. In addition, the client must: Store the XML file in order to claim the expense for tax purposes, be able to produce the original XML file in case of audit, and validate the XML file with the government. To help meet this requirement, Concur offers the Digital Tax Invoice feature. For Mexico, the official digital XML file is called Comprobante Fiscal Digital, or CFDi. This API provides methods to view and update digital tax invoices.","schema":"https://schema.getpostman.com/json/collection/v2.1.0/collection.json"},"item":[{"name":"expense","item":[{"name":"digitaltaxinvoices","item":[{"name":"{id}","item":[{"name":"Get a single digital tax invoice","id":"ce187537-8341-4405-b4fe-3c0633e8e88a","protocolProfileBehavior":{"disableBodyPruning":true},"request":{"method":"GET","header":[{"key":"Accept","value":"application/json"}],"url":{"raw":"{{baseUrl}}/expense/digitaltaxinvoices/:id","host":["{{baseUrl}}"],"path":["expense","digitaltaxinvoices",":id"],"variable":[{"id":"2ab4f1a1-e275-4b78-ac4e-ff8016b57f6c","key":"id","value":"<string>"}]},"description":"Gets the specified digital tax invoice."},"response":[{"id":"048fb947-c130-45cb-81ff-077c727f84e2","name":"Success","originalRequest":{"method":"GET","header":[{"key":"Accept","value":"application/json"},{"description":"Added as a part of security scheme: oauth2","key":"Authorization","value":"<token>"}],"url":{"raw":"{{baseUrl}}/expense/digitaltaxinvoices/:id","host":["{{baseUrl}}"],"path":["expense","digitaltaxinvoices",":id"],"variable":[{"key":"id"}]}},"status":"OK","code":200,"_postman_previewlanguage":"json","header":[{"key":"Content-Type","value":"application/json"}],"cookie":[],"responseTime":null,"body":"{\n  \"AccountID\": \"<string>\",\n  \"ConcurReceiptID\": \"<string>\",\n  \"DocumentID\": \"<string>\",\n  \"ReceiptData\": \"<string>\"\n}"}]},{"name":"Update a digital tax invoice","id":"1c4a7558-4e56-4d8b-8d98-88ecd91b8dd0","protocolProfileBehavior":{"disableBodyPruning":true},"request":{"method":"PUT","header":[{"key":"Content-Type","value":"application/json"},{"key":"Accept","value":"application/json"}],"body":{"mode":"raw","raw":"{\n  \"Comment\": \"<string>\",\n  \"Status\": \"<string>\"\n}","options":{"raw":{"headerFamily":"json","language":"json"}}},"url":{"raw":"{{baseUrl}}/expense/digitaltaxinvoices/:id","host":["{{baseUrl}}"],"path":["expense","digitaltaxinvoices",":id"],"variable":[{"id":"746a9c81-6c79-408f-99cd-d592404d9067","key":"id","value":"<string>"}]},"description":"Updates the specified digital tax invoice."},"response":[{"id":"0e54a28e-57cb-4999-82ef-9c48aa4ff6fd","name":"Success","originalRequest":{"method":"PUT","header":[{"key":"Content-Type","value":"application/json"},{"key":"Accept","value":"application/json"},{"description":"Added as a part of security scheme: oauth2","key":"Authorization","value":"<token>"}],"body":{"mode":"raw","raw":"{\n  \"Comment\": \"<string>\",\n  \"Status\": \"<string>\"\n}","options":{"raw":{"headerFamily":"json","language":"json"}}},"url":{"raw":"{{baseUrl}}/expense/digitaltaxinvoices/:id","host":["{{baseUrl}}"],"path":["expense","digitaltaxinvoices",":id"],"variable":[{"key":"id"}]}},"status":"OK","code":200,"_postman_previewlanguage":"json","header":[{"key":"Content-Type","value":"application/json"}],"cookie":[],"responseTime":null,"body":"{}"},{"id":"19905ce5-f0e5-4b5d-bf2e-482e28847d54","name":"Bad Request","originalRequest":{"method":"PUT","header":[{"key":"Content-Type","value":"application/json"},{"key":"Accept","value":"application/json"},{"description":"Added as a part of security scheme: oauth2","key":"Authorization","value":"<token>"}],"body":{"mode":"raw","raw":"{\n  \"Comment\": \"<string>\",\n  \"Status\": \"<string>\"\n}","options":{"raw":{"headerFamily":"json","language":"json"}}},"url":{"raw":"{{baseUrl}}/expense/digitaltaxinvoices/:id","host":["{{baseUrl}}"],"path":["expense","digitaltaxinvoices",":id"],"variable":[{"key":"id"}]}},"status":"Bad Request","code":400,"_postman_previewlanguage":"json","header":[{"key":"Content-Type","value":"application/json"}],"cookie":[],"responseTime":null,"body":"{}"}]}],"id":"89a8677d-df93-4ed6-b44f-ae52bca0142f"},{"name":"Get digital tax invoices","id":"5458e26f-1b70-44fb-8e5b-202a78fee2df","protocolProfileBehavior":{"disableBodyPruning":true},"request":{"method":"GET","header":[{"key":"Accept","value":"application/json"}],"url":{"raw":"{{baseUrl}}/expense/digitaltaxinvoices?offset=<string>&limit=<integer>&modifiedafter=<string>","host":["{{baseUrl}}"],"path":["expense","digitaltaxinvoices"],"query":[{"description":"The starting point of the next set of results, after the limit specified in the limit field has been reached.","key":"offset","value":"<string>"},{"description":"The number of records to return. Default value: 25","key":"limit","value":"<integer>"},{"description":"A modification date for the queue record; this parameter can be used to limit the results of the GET request to the queue items that have been added since the last time the validation company queried the queue. The user must have the Web Services Admin role to use this parameter.","key":"modifiedafter","value":"<string>"}]},"description":"Gets all digital tax invoices that can be validated by the user based on the search criteria."},"response":[{"id":"73c62adf-defe-4c1d-835f-d4528bb7d863","name":"Success","originalRequest":{"method":"GET","header":[{"key":"Accept","value":"application/json"},{"description":"Added as a part of security scheme: oauth2","key":"Authorization","value":"<token>"}],"url":{"raw":"{{baseUrl}}/expense/digitaltaxinvoices?offset=<string>&limit=<integer>&modifiedafter=<string>","host":["{{baseUrl}}"],"path":["expense","digitaltaxinvoices"],"query":[{"description":"The starting point of the next set of results, after the limit specified in the limit field has been reached.","key":"offset","value":"<string>"},{"description":"The number of records to return. Default value: 25","key":"limit","value":"<integer>"},{"description":"A modification date for the queue record; this parameter can be used to limit the results of the GET request to the queue items that have been added since the last time the validation company queried the queue. The user must have the Web Services Admin role to use this parameter.","key":"modifiedafter","value":"<string>"}]}},"status":"OK","code":200,"_postman_previewlanguage":"json","header":[{"key":"Content-Type","value":"application/json"}],"cookie":[],"responseTime":null,"body":"{\n  \"Items\": {\n    \"ConcurReceiptID\": \"<string>\",\n    \"ID\": \"<string>\",\n    \"URI\": \"<string>\"\n  },\n  \"NextPage\": \"<string>\"\n}"}]}],"id":"b57f3372-a70d-4b14-b1bf-b9f0bd4fc5b5"}],"id":"ebbf274d-51c4-43e0-a8f5-cc5ca4048f13"}],"auth":{"type":"bearer","bearer":[{"key":"token","value":"{{accessToken}}","type":"string"}]},"event":[{"listen":"prerequest","script":{"id":"a8128bb1-c87f-4a7e-9624-7a826cb606b5","type":"text/javascript","exec":[""]}},{"listen":"test","script":{"id":"26bbacd9-8636-4aac-aba7-298f41dd8e90","type":"text/javascript","exec":[""]}}],"variable":[{"id":"5885e77c-524a-48f7-a0c7-ae8d18bd0d44","key":"baseUrl","value":"https://www.concursolutions.com/api/v3.0"}]}