{"info":{"_postman_id":"7c163322-b70c-4610-925a-db3065ef73f2","name":"Itemizations","description":"Expense Entry Itemizations are children of an expense entry that subdivide the expense. A common use case for itemizations is on a hotel bill, which can have separate itemizations for room rate, room tax, and services such as laundry or minibar.","schema":"https://schema.getpostman.com/json/collection/v2.1.0/collection.json"},"item":[{"name":"expense","item":[{"name":"itemizations","item":[{"name":"{id}","item":[{"name":"Get a single expense itemization","id":"eb53d28b-87c6-466b-89b0-88ccc78c6dda","protocolProfileBehavior":{"disableBodyPruning":true},"request":{"method":"GET","header":[{"key":"Accept","value":"application/json"}],"url":{"raw":"{{baseUrl}}/expense/itemizations/:id?user=<string>","host":["{{baseUrl}}"],"path":["expense","itemizations",":id"],"query":[{"description":"The login ID of the user who owns the itemizations. The user must have the Web Services Admin role to use this parameter.","key":"user","value":"<string>"}],"variable":[{"id":"a1d44422-f52e-41a7-a1a3-261954d15dc9","key":"id","value":"<string>"}]},"description":"Gets the specified expense itemization."},"response":[{"id":"a4d12047-81d2-4f77-8677-50054bdeb8f3","name":"Success","originalRequest":{"method":"GET","header":[{"key":"Accept","value":"application/json"},{"description":"Added as a part of security scheme: oauth2","key":"Authorization","value":"<token>"}],"url":{"raw":"{{baseUrl}}/expense/itemizations/:id?user=<string>","host":["{{baseUrl}}"],"path":["expense","itemizations",":id"],"query":[{"description":"The login ID of the user who owns the itemizations. The user must have the Web Services Admin role to use this parameter.","key":"user","value":"<string>"}],"variable":[{"key":"id"}]}},"status":"OK","code":200,"_postman_previewlanguage":"json","header":[{"key":"Content-Type","value":"application/json"}],"cookie":[],"responseTime":null,"body":"{\n  \"AllocationType\": \"<string>\",\n  \"ApprovedAmount\": \"<double>\",\n  \"Custom1\": {\n    \"Code\": \"<string>\",\n    \"ListItemID\": \"<string>\",\n    \"Type\": \"<string>\",\n    \"Value\": \"<string>\"\n  },\n  \"Custom10\": {\n    \"Code\": \"<string>\",\n    \"ListItemID\": \"<string>\",\n    \"Type\": \"<string>\",\n    \"Value\": \"<string>\"\n  },\n  \"Custom11\": {\n    \"Code\": \"<string>\",\n    \"ListItemID\": \"<string>\",\n    \"Type\": \"<string>\",\n    \"Value\": \"<string>\"\n  },\n  \"Custom12\": {\n    \"Code\": \"<string>\",\n    \"ListItemID\": \"<string>\",\n    \"Type\": \"<string>\",\n    \"Value\": \"<string>\"\n  },\n  \"Custom13\": {\n    \"Code\": \"<string>\",\n    \"ListItemID\": \"<string>\",\n    \"Type\": \"<string>\",\n    \"Value\": \"<string>\"\n  },\n  \"Custom14\": {\n    \"Code\": \"<string>\",\n    \"ListItemID\": \"<string>\",\n    \"Type\": \"<string>\",\n    \"Value\": \"<string>\"\n  },\n  \"Custom15\": {\n    \"Code\": \"<string>\",\n    \"ListItemID\": \"<string>\",\n    \"Type\": \"<string>\",\n    \"Value\": \"<string>\"\n  },\n  \"Custom16\": {\n    \"Code\": \"<string>\",\n    \"ListItemID\": \"<string>\",\n    \"Type\": \"<string>\",\n    \"Value\": \"<string>\"\n  },\n  \"Custom17\": {\n    \"Code\": \"<string>\",\n    \"ListItemID\": \"<string>\",\n    \"Type\": \"<string>\",\n    \"Value\": \"<string>\"\n  },\n  \"Custom18\": {\n    \"Code\": \"<string>\",\n    \"ListItemID\": \"<string>\",\n    \"Type\": \"<string>\",\n    \"Value\": \"<string>\"\n  },\n  \"Custom19\": {\n    \"Code\": \"<string>\",\n    \"ListItemID\": \"<string>\",\n    \"Type\": \"<string>\",\n    \"Value\": \"<string>\"\n  },\n  \"Custom2\": {\n    \"Code\": \"<string>\",\n    \"ListItemID\": \"<string>\",\n    \"Type\": \"<string>\",\n    \"Value\": \"<string>\"\n  },\n  \"Custom20\": {\n    \"Code\": \"<string>\",\n    \"ListItemID\": \"<string>\",\n    \"Type\": \"<string>\",\n    \"Value\": \"<string>\"\n  },\n  \"Custom21\": {\n    \"Code\": \"<string>\",\n    \"ListItemID\": \"<string>\",\n    \"Type\": \"<string>\",\n    \"Value\": \"<string>\"\n  },\n  \"Custom22\": {\n    \"Code\": \"<string>\",\n    \"ListItemID\": \"<string>\",\n    \"Type\": \"<string>\",\n    \"Value\": \"<string>\"\n  },\n  \"Custom23\": {\n    \"Code\": \"<string>\",\n    \"ListItemID\": \"<string>\",\n    \"Type\": \"<string>\",\n    \"Value\": \"<string>\"\n  },\n  \"Custom24\": {\n    \"Code\": \"<string>\",\n    \"ListItemID\": \"<string>\",\n    \"Type\": \"<string>\",\n    \"Value\": \"<string>\"\n  },\n  \"Custom25\": {\n    \"Code\": \"<string>\",\n    \"ListItemID\": \"<string>\",\n    \"Type\": \"<string>\",\n    \"Value\": \"<string>\"\n  },\n  \"Custom26\": {\n    \"Code\": \"<string>\",\n    \"ListItemID\": \"<string>\",\n    \"Type\": \"<string>\",\n    \"Value\": \"<string>\"\n  },\n  \"Custom27\": {\n    \"Code\": \"<string>\",\n    \"ListItemID\": \"<string>\",\n    \"Type\": \"<string>\",\n    \"Value\": \"<string>\"\n  },\n  \"Custom28\": {\n    \"Code\": \"<string>\",\n    \"ListItemID\": \"<string>\",\n    \"Type\": \"<string>\",\n    \"Value\": \"<string>\"\n  },\n  \"Custom29\": {\n    \"Code\": \"<string>\",\n    \"ListItemID\": \"<string>\",\n    \"Type\": \"<string>\",\n    \"Value\": \"<string>\"\n  },\n  \"Custom3\": {\n    \"Code\": \"<string>\",\n    \"ListItemID\": \"<string>\",\n    \"Type\": \"<string>\",\n    \"Value\": \"<string>\"\n  },\n  \"Custom30\": {\n    \"Code\": \"<string>\",\n    \"ListItemID\": \"<string>\",\n    \"Type\": \"<string>\",\n    \"Value\": \"<string>\"\n  },\n  \"Custom31\": {\n    \"Code\": \"<string>\",\n    \"ListItemID\": \"<string>\",\n    \"Type\": \"<string>\",\n    \"Value\": \"<string>\"\n  },\n  \"Custom32\": {\n    \"Code\": \"<string>\",\n    \"ListItemID\": \"<string>\",\n    \"Type\": \"<string>\",\n    \"Value\": \"<string>\"\n  },\n  \"Custom33\": {\n    \"Code\": \"<string>\",\n    \"ListItemID\": \"<string>\",\n    \"Type\": \"<string>\",\n    \"Value\": \"<string>\"\n  },\n  \"Custom34\": {\n    \"Code\": \"<string>\",\n    \"ListItemID\": \"<string>\",\n    \"Type\": \"<string>\",\n    \"Value\": \"<string>\"\n  },\n  \"Custom35\": {\n    \"Code\": \"<string>\",\n    \"ListItemID\": \"<string>\",\n    \"Type\": \"<string>\",\n    \"Value\": \"<string>\"\n  },\n  \"Custom36\": {\n    \"Code\": \"<string>\",\n    \"ListItemID\": \"<string>\",\n    \"Type\": \"<string>\",\n    \"Value\": \"<string>\"\n  },\n  \"Custom37\": {\n    \"Code\": \"<string>\",\n    \"ListItemID\": \"<string>\",\n    \"Type\": \"<string>\",\n    \"Value\": \"<string>\"\n  },\n  \"Custom38\": {\n    \"Code\": \"<string>\",\n    \"ListItemID\": \"<string>\",\n    \"Type\": \"<string>\",\n    \"Value\": \"<string>\"\n  },\n  \"Custom39\": {\n    \"Code\": \"<string>\",\n    \"ListItemID\": \"<string>\",\n    \"Type\": \"<string>\",\n    \"Value\": \"<string>\"\n  },\n  \"Custom4\": {\n    \"Code\": \"<string>\",\n    \"ListItemID\": \"<string>\",\n    \"Type\": \"<string>\",\n    \"Value\": \"<string>\"\n  },\n  \"Custom40\": {\n    \"Code\": \"<string>\",\n    \"ListItemID\": \"<string>\",\n    \"Type\": \"<string>\",\n    \"Value\": \"<string>\"\n  },\n  \"Custom5\": {\n    \"Code\": \"<string>\",\n    \"ListItemID\": \"<string>\",\n    \"Type\": \"<string>\",\n    \"Value\": \"<string>\"\n  },\n  \"Custom6\": {\n    \"Code\": \"<string>\",\n    \"ListItemID\": \"<string>\",\n    \"Type\": \"<string>\",\n    \"Value\": \"<string>\"\n  },\n  \"Custom7\": {\n    \"Code\": \"<string>\",\n    \"ListItemID\": \"<string>\",\n    \"Type\": \"<string>\",\n    \"Value\": \"<string>\"\n  },\n  \"Custom8\": {\n    \"Code\": \"<string>\",\n    \"ListItemID\": \"<string>\",\n    \"Type\": \"<string>\",\n    \"Value\": \"<string>\"\n  },\n  \"Custom9\": {\n    \"Code\": \"<string>\",\n    \"ListItemID\": \"<string>\",\n    \"Type\": \"<string>\",\n    \"Value\": \"<string>\"\n  },\n  \"Description\": \"<string>\",\n  \"EntryID\": \"<string>\",\n  \"ExpenseTypeCode\": \"<string>\",\n  \"ExpenseTypeName\": \"<string>\",\n  \"HasComments\": \"<boolean>\",\n  \"HasExceptions\": \"<boolean>\",\n  \"ID\": \"<string>\",\n  \"IsBillable\": \"<boolean>\",\n  \"IsImageRequired\": \"<boolean>\",\n  \"IsPersonal\": \"<boolean>\",\n  \"LastModified\": \"<dateTime>\",\n  \"LocationCountry\": \"<string>\",\n  \"LocationID\": \"<string>\",\n  \"LocationName\": \"<string>\",\n  \"LocationSubdivision\": \"<string>\",\n  \"OrgUnit1\": {\n    \"Code\": \"<string>\",\n    \"ListItemID\": \"<string>\",\n    \"Type\": \"<string>\",\n    \"Value\": \"<string>\"\n  },\n  \"OrgUnit2\": {\n    \"Code\": \"<string>\",\n    \"ListItemID\": \"<string>\",\n    \"Type\": \"<string>\",\n    \"Value\": \"<string>\"\n  },\n  \"OrgUnit3\": {\n    \"Code\": \"<string>\",\n    \"ListItemID\": \"<string>\",\n    \"Type\": \"<string>\",\n    \"Value\": \"<string>\"\n  },\n  \"OrgUnit4\": {\n    \"Code\": \"<string>\",\n    \"ListItemID\": \"<string>\",\n    \"Type\": \"<string>\",\n    \"Value\": \"<string>\"\n  },\n  \"OrgUnit5\": {\n    \"Code\": \"<string>\",\n    \"ListItemID\": \"<string>\",\n    \"Type\": \"<string>\",\n    \"Value\": \"<string>\"\n  },\n  \"OrgUnit6\": {\n    \"Code\": \"<string>\",\n    \"ListItemID\": \"<string>\",\n    \"Type\": \"<string>\",\n    \"Value\": \"<string>\"\n  },\n  \"PostedAmount\": \"<double>\",\n  \"ReportID\": \"<string>\",\n  \"ReportOwnerID\": \"<string>\",\n  \"SpendCategoryCode\": \"<string>\",\n  \"SpendCategoryName\": \"<string>\",\n  \"TransactionAmount\": \"<double>\",\n  \"TransactionDate\": \"<dateTime>\",\n  \"URI\": \"<string>\"\n}"}]},{"name":"Update an expense itemization","id":"923b8c21-7acb-4786-b4b2-eb71a80b2974","protocolProfileBehavior":{"disableBodyPruning":true},"request":{"method":"PUT","header":[{"key":"Content-Type","value":"application/json"},{"key":"Accept","value":"application/json"}],"body":{"mode":"raw","raw":"{\n  \"Comment\": \"<string>\",\n  \"Custom1\": \"<string>\",\n  \"Custom10\": \"<string>\",\n  \"Custom11\": \"<string>\",\n  \"Custom12\": \"<string>\",\n  \"Custom13\": \"<string>\",\n  \"Custom14\": \"<string>\",\n  \"Custom15\": \"<string>\",\n  \"Custom16\": \"<string>\",\n  \"Custom17\": \"<string>\",\n  \"Custom18\": \"<string>\",\n  \"Custom19\": \"<string>\",\n  \"Custom2\": \"<string>\",\n  \"Custom20\": \"<string>\",\n  \"Custom21\": \"<string>\",\n  \"Custom22\": \"<string>\",\n  \"Custom23\": \"<string>\",\n  \"Custom24\": \"<string>\",\n  \"Custom25\": \"<string>\",\n  \"Custom26\": \"<string>\",\n  \"Custom27\": \"<string>\",\n  \"Custom28\": \"<string>\",\n  \"Custom29\": \"<string>\",\n  \"Custom3\": \"<string>\",\n  \"Custom30\": \"<string>\",\n  \"Custom31\": \"<string>\",\n  \"Custom32\": \"<string>\",\n  \"Custom33\": \"<string>\",\n  \"Custom34\": \"<string>\",\n  \"Custom35\": \"<string>\",\n  \"Custom36\": \"<string>\",\n  \"Custom37\": \"<string>\",\n  \"Custom38\": \"<string>\",\n  \"Custom39\": \"<string>\",\n  \"Custom4\": \"<string>\",\n  \"Custom40\": \"<string>\",\n  \"Custom5\": \"<string>\",\n  \"Custom6\": \"<string>\",\n  \"Custom7\": \"<string>\",\n  \"Custom8\": \"<string>\",\n  \"Custom9\": \"<string>\",\n  \"Description\": \"<string>\",\n  \"EntryID\": \"<string>\",\n  \"ExpenseTypeCode\": \"<string>\",\n  \"IsBillable\": \"<boolean>\",\n  \"IsPersonal\": \"<boolean>\",\n  \"OrgUnit1\": \"<string>\",\n  \"OrgUnit2\": \"<string>\",\n  \"OrgUnit3\": \"<string>\",\n  \"OrgUnit4\": \"<string>\",\n  \"OrgUnit5\": \"<string>\",\n  \"OrgUnit6\": \"<string>\",\n  \"TransactionAmount\": \"<double>\",\n  \"TransactionDate\": \"<dateTime>\"\n}","options":{"raw":{"headerFamily":"json","language":"json"}}},"url":{"raw":"{{baseUrl}}/expense/itemizations/:id?user=<string>","host":["{{baseUrl}}"],"path":["expense","itemizations",":id"],"query":[{"description":"The login ID of the user who owns the itemizations. The user must have the Web Services Admin role to use this parameter.","key":"user","value":"<string>"}],"variable":[{"id":"514a69e2-b245-4a72-b42d-24b4fa1b34a7","key":"id","value":"<string>"}]},"description":"Updates the specified expense itemization. Only the fields provided in the supplied object are updated. Missing fields will not be altered."},"response":[{"id":"0a9a9fc9-ce43-4276-b82a-56d1dfaadbcc","name":"Success","originalRequest":{"method":"PUT","header":[{"key":"Content-Type","value":"application/json"},{"key":"Accept","value":"application/json"},{"description":"Added as a part of security scheme: oauth2","key":"Authorization","value":"<token>"}],"body":{"mode":"raw","raw":"{\n  \"Comment\": \"<string>\",\n  \"Custom1\": \"<string>\",\n  \"Custom10\": \"<string>\",\n  \"Custom11\": \"<string>\",\n  \"Custom12\": \"<string>\",\n  \"Custom13\": \"<string>\",\n  \"Custom14\": \"<string>\",\n  \"Custom15\": \"<string>\",\n  \"Custom16\": \"<string>\",\n  \"Custom17\": \"<string>\",\n  \"Custom18\": \"<string>\",\n  \"Custom19\": \"<string>\",\n  \"Custom2\": \"<string>\",\n  \"Custom20\": \"<string>\",\n  \"Custom21\": \"<string>\",\n  \"Custom22\": \"<string>\",\n  \"Custom23\": \"<string>\",\n  \"Custom24\": \"<string>\",\n  \"Custom25\": \"<string>\",\n  \"Custom26\": \"<string>\",\n  \"Custom27\": \"<string>\",\n  \"Custom28\": \"<string>\",\n  \"Custom29\": \"<string>\",\n  \"Custom3\": \"<string>\",\n  \"Custom30\": \"<string>\",\n  \"Custom31\": \"<string>\",\n  \"Custom32\": \"<string>\",\n  \"Custom33\": \"<string>\",\n  \"Custom34\": \"<string>\",\n  \"Custom35\": \"<string>\",\n  \"Custom36\": \"<string>\",\n  \"Custom37\": \"<string>\",\n  \"Custom38\": \"<string>\",\n  \"Custom39\": \"<string>\",\n  \"Custom4\": \"<string>\",\n  \"Custom40\": \"<string>\",\n  \"Custom5\": \"<string>\",\n  \"Custom6\": \"<string>\",\n  \"Custom7\": \"<string>\",\n  \"Custom8\": \"<string>\",\n  \"Custom9\": \"<string>\",\n  \"Description\": \"<string>\",\n  \"EntryID\": \"<string>\",\n  \"ExpenseTypeCode\": \"<string>\",\n  \"IsBillable\": \"<boolean>\",\n  \"IsPersonal\": \"<boolean>\",\n  \"OrgUnit1\": \"<string>\",\n  \"OrgUnit2\": \"<string>\",\n  \"OrgUnit3\": \"<string>\",\n  \"OrgUnit4\": \"<string>\",\n  \"OrgUnit5\": \"<string>\",\n  \"OrgUnit6\": \"<string>\",\n  \"TransactionAmount\": \"<double>\",\n  \"TransactionDate\": \"<dateTime>\"\n}","options":{"raw":{"headerFamily":"json","language":"json"}}},"url":{"raw":"{{baseUrl}}/expense/itemizations/:id?user=<string>","host":["{{baseUrl}}"],"path":["expense","itemizations",":id"],"query":[{"description":"The login ID of the user who owns the itemizations. The user must have the Web Services Admin role to use this parameter.","key":"user","value":"<string>"}],"variable":[{"key":"id"}]}},"status":"OK","code":200,"_postman_previewlanguage":"json","header":[{"key":"Content-Type","value":"application/json"}],"cookie":[],"responseTime":null,"body":"{}"},{"id":"1f3edf41-2e89-47f7-810c-bda7978e7ca7","name":"Bad Request","originalRequest":{"method":"PUT","header":[{"key":"Content-Type","value":"application/json"},{"key":"Accept","value":"application/json"},{"description":"Added as a part of security scheme: oauth2","key":"Authorization","value":"<token>"}],"body":{"mode":"raw","raw":"{\n  \"Comment\": \"<string>\",\n  \"Custom1\": \"<string>\",\n  \"Custom10\": \"<string>\",\n  \"Custom11\": \"<string>\",\n  \"Custom12\": \"<string>\",\n  \"Custom13\": \"<string>\",\n  \"Custom14\": \"<string>\",\n  \"Custom15\": \"<string>\",\n  \"Custom16\": \"<string>\",\n  \"Custom17\": \"<string>\",\n  \"Custom18\": \"<string>\",\n  \"Custom19\": \"<string>\",\n  \"Custom2\": \"<string>\",\n  \"Custom20\": \"<string>\",\n  \"Custom21\": \"<string>\",\n  \"Custom22\": \"<string>\",\n  \"Custom23\": \"<string>\",\n  \"Custom24\": \"<string>\",\n  \"Custom25\": \"<string>\",\n  \"Custom26\": \"<string>\",\n  \"Custom27\": \"<string>\",\n  \"Custom28\": \"<string>\",\n  \"Custom29\": \"<string>\",\n  \"Custom3\": \"<string>\",\n  \"Custom30\": \"<string>\",\n  \"Custom31\": \"<string>\",\n  \"Custom32\": \"<string>\",\n  \"Custom33\": \"<string>\",\n  \"Custom34\": \"<string>\",\n  \"Custom35\": \"<string>\",\n  \"Custom36\": \"<string>\",\n  \"Custom37\": \"<string>\",\n  \"Custom38\": \"<string>\",\n  \"Custom39\": \"<string>\",\n  \"Custom4\": \"<string>\",\n  \"Custom40\": \"<string>\",\n  \"Custom5\": \"<string>\",\n  \"Custom6\": \"<string>\",\n  \"Custom7\": \"<string>\",\n  \"Custom8\": \"<string>\",\n  \"Custom9\": \"<string>\",\n  \"Description\": \"<string>\",\n  \"EntryID\": \"<string>\",\n  \"ExpenseTypeCode\": \"<string>\",\n  \"IsBillable\": \"<boolean>\",\n  \"IsPersonal\": \"<boolean>\",\n  \"OrgUnit1\": \"<string>\",\n  \"OrgUnit2\": \"<string>\",\n  \"OrgUnit3\": \"<string>\",\n  \"OrgUnit4\": \"<string>\",\n  \"OrgUnit5\": \"<string>\",\n  \"OrgUnit6\": \"<string>\",\n  \"TransactionAmount\": \"<double>\",\n  \"TransactionDate\": \"<dateTime>\"\n}","options":{"raw":{"headerFamily":"json","language":"json"}}},"url":{"raw":"{{baseUrl}}/expense/itemizations/:id?user=<string>","host":["{{baseUrl}}"],"path":["expense","itemizations",":id"],"query":[{"description":"The login ID of the user who owns the itemizations. The user must have the Web Services Admin role to use this parameter.","key":"user","value":"<string>"}],"variable":[{"key":"id"}]}},"status":"Bad Request","code":400,"_postman_previewlanguage":"json","header":[{"key":"Content-Type","value":"application/json"}],"cookie":[],"responseTime":null,"body":"{}"}]},{"name":"Delete an expense itemization","id":"d466212d-1f5a-414a-9f8c-c2c55dca4730","protocolProfileBehavior":{"disableBodyPruning":true},"request":{"method":"DELETE","header":[{"key":"Accept","value":"application/json"}],"url":{"raw":"{{baseUrl}}/expense/itemizations/:id?user=<string>","host":["{{baseUrl}}"],"path":["expense","itemizations",":id"],"query":[{"description":"The login ID of the user who owns the itemizations. The user must have the Web Services Admin role to use this parameter.","key":"user","value":"<string>"}],"variable":[{"id":"f7641fdb-249b-417f-93e1-b5723eba1e21","key":"id","value":"<string>"}]},"description":"Deletes the specified expense itemization."},"response":[{"id":"e533ab5e-f700-435c-a9c5-2675abd63fd6","name":"Success","originalRequest":{"method":"DELETE","header":[{"key":"Accept","value":"application/json"},{"description":"Added as a part of security scheme: oauth2","key":"Authorization","value":"<token>"}],"url":{"raw":"{{baseUrl}}/expense/itemizations/:id?user=<string>","host":["{{baseUrl}}"],"path":["expense","itemizations",":id"],"query":[{"description":"The login ID of the user who owns the itemizations. The user must have the Web Services Admin role to use this parameter.","key":"user","value":"<string>"}],"variable":[{"key":"id"}]}},"status":"OK","code":200,"_postman_previewlanguage":"json","header":[{"key":"Content-Type","value":"application/json"}],"cookie":[],"responseTime":null,"body":"{}"},{"id":"3400815f-7011-4ae7-b247-c4833268a3c7","name":"Bad Request","originalRequest":{"method":"DELETE","header":[{"key":"Accept","value":"application/json"},{"description":"Added as a part of security scheme: oauth2","key":"Authorization","value":"<token>"}],"url":{"raw":"{{baseUrl}}/expense/itemizations/:id?user=<string>","host":["{{baseUrl}}"],"path":["expense","itemizations",":id"],"query":[{"description":"The login ID of the user who owns the itemizations. The user must have the Web Services Admin role to use this parameter.","key":"user","value":"<string>"}],"variable":[{"key":"id"}]}},"status":"Bad Request","code":400,"_postman_previewlanguage":"json","header":[{"key":"Content-Type","value":"application/json"}],"cookie":[],"responseTime":null,"body":"{}"}]}],"id":"9a121c0f-992e-4837-a0f7-a8f806da7538"},{"name":"Get expense itemizations","id":"26751a8f-9c2e-45a7-a593-ec7a2d0d5240","protocolProfileBehavior":{"disableBodyPruning":true},"request":{"method":"GET","header":[{"key":"Accept","value":"application/json"}],"url":{"raw":"{{baseUrl}}/expense/itemizations?reportID=<string>&entryID=<string>&expenseTypeCode=<string>&offset=<string>&limit=<integer>&user=<string>","host":["{{baseUrl}}"],"path":["expense","itemizations"],"query":[{"description":"The report ID of the itemizations to be retrieved.  Format: An alpha-numeric string","key":"reportID","value":"<string>"},{"description":"The entry ID for the itemizations to be retrieved.","key":"entryID","value":"<string>"},{"description":"The expense type code for the itemizations to be retrieved.","key":"expenseTypeCode","value":"<string>"},{"description":"The starting point of the next set of results, after the limit specified in the limit field has been reached.","key":"offset","value":"<string>"},{"description":"The number of records to return. Default value: 25","key":"limit","value":"<integer>"},{"description":"The login ID of the user who owns the itemizations. The user must have the Web Services Admin role to use this parameter.","key":"user","value":"<string>"}]},"description":"Gets all expense itemizations owned by the user, with optional filtering parameters."},"response":[{"id":"b1c7e355-8603-4f43-921b-60e7998a52d3","name":"Success","originalRequest":{"method":"GET","header":[{"key":"Accept","value":"application/json"},{"description":"Added as a part of security scheme: oauth2","key":"Authorization","value":"<token>"}],"url":{"raw":"{{baseUrl}}/expense/itemizations?reportID=<string>&entryID=<string>&expenseTypeCode=<string>&offset=<string>&limit=<integer>&user=<string>","host":["{{baseUrl}}"],"path":["expense","itemizations"],"query":[{"description":"The report ID of the itemizations to be retrieved.  Format: An alpha-numeric string","key":"reportID","value":"<string>"},{"description":"The entry ID for the itemizations to be retrieved.","key":"entryID","value":"<string>"},{"description":"The expense type code for the itemizations to be retrieved.","key":"expenseTypeCode","value":"<string>"},{"description":"The starting point of the next set of results, after the limit specified in the limit field has been reached.","key":"offset","value":"<string>"},{"description":"The number of records to return. Default value: 25","key":"limit","value":"<integer>"},{"description":"The login ID of the user who owns the itemizations. The user must have the Web Services Admin role to use this parameter.","key":"user","value":"<string>"}]}},"status":"OK","code":200,"_postman_previewlanguage":"json","header":[{"key":"Content-Type","value":"application/json"}],"cookie":[],"responseTime":null,"body":"{\n  \"Items\": {\n    \"AllocationType\": \"<string>\",\n    \"ApprovedAmount\": \"<double>\",\n    \"Custom1\": {\n      \"Code\": \"<string>\",\n      \"ListItemID\": \"<string>\",\n      \"Type\": \"<string>\",\n      \"Value\": \"<string>\"\n    },\n    \"Custom10\": {\n      \"Code\": \"<string>\",\n      \"ListItemID\": \"<string>\",\n      \"Type\": \"<string>\",\n      \"Value\": \"<string>\"\n    },\n    \"Custom11\": {\n      \"Code\": \"<string>\",\n      \"ListItemID\": \"<string>\",\n      \"Type\": \"<string>\",\n      \"Value\": \"<string>\"\n    },\n    \"Custom12\": {\n      \"Code\": \"<string>\",\n      \"ListItemID\": \"<string>\",\n      \"Type\": \"<string>\",\n      \"Value\": \"<string>\"\n    },\n    \"Custom13\": {\n      \"Code\": \"<string>\",\n      \"ListItemID\": \"<string>\",\n      \"Type\": \"<string>\",\n      \"Value\": \"<string>\"\n    },\n    \"Custom14\": {\n      \"Code\": \"<string>\",\n      \"ListItemID\": \"<string>\",\n      \"Type\": \"<string>\",\n      \"Value\": \"<string>\"\n    },\n    \"Custom15\": {\n      \"Code\": \"<string>\",\n      \"ListItemID\": \"<string>\",\n      \"Type\": \"<string>\",\n      \"Value\": \"<string>\"\n    },\n    \"Custom16\": {\n      \"Code\": \"<string>\",\n      \"ListItemID\": \"<string>\",\n      \"Type\": \"<string>\",\n      \"Value\": \"<string>\"\n    },\n    \"Custom17\": {\n      \"Code\": \"<string>\",\n      \"ListItemID\": \"<string>\",\n      \"Type\": \"<string>\",\n      \"Value\": \"<string>\"\n    },\n    \"Custom18\": {\n      \"Code\": \"<string>\",\n      \"ListItemID\": \"<string>\",\n      \"Type\": \"<string>\",\n      \"Value\": \"<string>\"\n    },\n    \"Custom19\": {\n      \"Code\": \"<string>\",\n      \"ListItemID\": \"<string>\",\n      \"Type\": \"<string>\",\n      \"Value\": \"<string>\"\n    },\n    \"Custom2\": {\n      \"Code\": \"<string>\",\n      \"ListItemID\": \"<string>\",\n      \"Type\": \"<string>\",\n      \"Value\": \"<string>\"\n    },\n    \"Custom20\": {\n      \"Code\": \"<string>\",\n      \"ListItemID\": \"<string>\",\n      \"Type\": \"<string>\",\n      \"Value\": \"<string>\"\n    },\n    \"Custom21\": {\n      \"Code\": \"<string>\",\n      \"ListItemID\": \"<string>\",\n      \"Type\": \"<string>\",\n      \"Value\": \"<string>\"\n    },\n    \"Custom22\": {\n      \"Code\": \"<string>\",\n      \"ListItemID\": \"<string>\",\n      \"Type\": \"<string>\",\n      \"Value\": \"<string>\"\n    },\n    \"Custom23\": {\n      \"Code\": \"<string>\",\n      \"ListItemID\": \"<string>\",\n      \"Type\": \"<string>\",\n      \"Value\": \"<string>\"\n    },\n    \"Custom24\": {\n      \"Code\": \"<string>\",\n      \"ListItemID\": \"<string>\",\n      \"Type\": \"<string>\",\n      \"Value\": \"<string>\"\n    },\n    \"Custom25\": {\n      \"Code\": \"<string>\",\n      \"ListItemID\": \"<string>\",\n      \"Type\": \"<string>\",\n      \"Value\": \"<string>\"\n    },\n    \"Custom26\": {\n      \"Code\": \"<string>\",\n      \"ListItemID\": \"<string>\",\n      \"Type\": \"<string>\",\n      \"Value\": \"<string>\"\n    },\n    \"Custom27\": {\n      \"Code\": \"<string>\",\n      \"ListItemID\": \"<string>\",\n      \"Type\": \"<string>\",\n      \"Value\": \"<string>\"\n    },\n    \"Custom28\": {\n      \"Code\": \"<string>\",\n      \"ListItemID\": \"<string>\",\n      \"Type\": \"<string>\",\n      \"Value\": \"<string>\"\n    },\n    \"Custom29\": {\n      \"Code\": \"<string>\",\n      \"ListItemID\": \"<string>\",\n      \"Type\": \"<string>\",\n      \"Value\": \"<string>\"\n    },\n    \"Custom3\": {\n      \"Code\": \"<string>\",\n      \"ListItemID\": \"<string>\",\n      \"Type\": \"<string>\",\n      \"Value\": \"<string>\"\n    },\n    \"Custom30\": {\n      \"Code\": \"<string>\",\n      \"ListItemID\": \"<string>\",\n      \"Type\": \"<string>\",\n      \"Value\": \"<string>\"\n    },\n    \"Custom31\": {\n      \"Code\": \"<string>\",\n      \"ListItemID\": \"<string>\",\n      \"Type\": \"<string>\",\n      \"Value\": \"<string>\"\n    },\n    \"Custom32\": {\n      \"Code\": \"<string>\",\n      \"ListItemID\": \"<string>\",\n      \"Type\": \"<string>\",\n      \"Value\": \"<string>\"\n    },\n    \"Custom33\": {\n      \"Code\": \"<string>\",\n      \"ListItemID\": \"<string>\",\n      \"Type\": \"<string>\",\n      \"Value\": \"<string>\"\n    },\n    \"Custom34\": {\n      \"Code\": \"<string>\",\n      \"ListItemID\": \"<string>\",\n      \"Type\": \"<string>\",\n      \"Value\": \"<string>\"\n    },\n    \"Custom35\": {\n      \"Code\": \"<string>\",\n      \"ListItemID\": \"<string>\",\n      \"Type\": \"<string>\",\n      \"Value\": \"<string>\"\n    },\n    \"Custom36\": {\n      \"Code\": \"<string>\",\n      \"ListItemID\": \"<string>\",\n      \"Type\": \"<string>\",\n      \"Value\": \"<string>\"\n    },\n    \"Custom37\": {\n      \"Code\": \"<string>\",\n      \"ListItemID\": \"<string>\",\n      \"Type\": \"<string>\",\n      \"Value\": \"<string>\"\n    },\n    \"Custom38\": {\n      \"Code\": \"<string>\",\n      \"ListItemID\": \"<string>\",\n      \"Type\": \"<string>\",\n      \"Value\": \"<string>\"\n    },\n    \"Custom39\": {\n      \"Code\": \"<string>\",\n      \"ListItemID\": \"<string>\",\n      \"Type\": \"<string>\",\n      \"Value\": \"<string>\"\n    },\n    \"Custom4\": {\n      \"Code\": \"<string>\",\n      \"ListItemID\": \"<string>\",\n      \"Type\": \"<string>\",\n      \"Value\": \"<string>\"\n    },\n    \"Custom40\": {\n      \"Code\": \"<string>\",\n      \"ListItemID\": \"<string>\",\n      \"Type\": \"<string>\",\n      \"Value\": \"<string>\"\n    },\n    \"Custom5\": {\n      \"Code\": \"<string>\",\n      \"ListItemID\": \"<string>\",\n      \"Type\": \"<string>\",\n      \"Value\": \"<string>\"\n    },\n    \"Custom6\": {\n      \"Code\": \"<string>\",\n      \"ListItemID\": \"<string>\",\n      \"Type\": \"<string>\",\n      \"Value\": \"<string>\"\n    },\n    \"Custom7\": {\n      \"Code\": \"<string>\",\n      \"ListItemID\": \"<string>\",\n      \"Type\": \"<string>\",\n      \"Value\": \"<string>\"\n    },\n    \"Custom8\": {\n      \"Code\": \"<string>\",\n      \"ListItemID\": \"<string>\",\n      \"Type\": \"<string>\",\n      \"Value\": \"<string>\"\n    },\n    \"Custom9\": {\n      \"Code\": \"<string>\",\n      \"ListItemID\": \"<string>\",\n      \"Type\": \"<string>\",\n      \"Value\": \"<string>\"\n    },\n    \"Description\": \"<string>\",\n    \"EntryID\": \"<string>\",\n    \"ExpenseTypeCode\": \"<string>\",\n    \"ExpenseTypeName\": \"<string>\",\n    \"HasComments\": \"<boolean>\",\n    \"HasExceptions\": \"<boolean>\",\n    \"ID\": \"<string>\",\n    \"IsBillable\": \"<boolean>\",\n    \"IsImageRequired\": \"<boolean>\",\n    \"IsPersonal\": \"<boolean>\",\n    \"LastModified\": \"<dateTime>\",\n    \"LocationCountry\": \"<string>\",\n    \"LocationID\": \"<string>\",\n    \"LocationName\": \"<string>\",\n    \"LocationSubdivision\": \"<string>\",\n    \"OrgUnit1\": {\n      \"Code\": \"<string>\",\n      \"ListItemID\": \"<string>\",\n      \"Type\": \"<string>\",\n      \"Value\": \"<string>\"\n    },\n    \"OrgUnit2\": {\n      \"Code\": \"<string>\",\n      \"ListItemID\": \"<string>\",\n      \"Type\": \"<string>\",\n      \"Value\": \"<string>\"\n    },\n    \"OrgUnit3\": {\n      \"Code\": \"<string>\",\n      \"ListItemID\": \"<string>\",\n      \"Type\": \"<string>\",\n      \"Value\": \"<string>\"\n    },\n    \"OrgUnit4\": {\n      \"Code\": \"<string>\",\n      \"ListItemID\": \"<string>\",\n      \"Type\": \"<string>\",\n      \"Value\": \"<string>\"\n    },\n    \"OrgUnit5\": {\n      \"Code\": \"<string>\",\n      \"ListItemID\": \"<string>\",\n      \"Type\": \"<string>\",\n      \"Value\": \"<string>\"\n    },\n    \"OrgUnit6\": {\n      \"Code\": \"<string>\",\n      \"ListItemID\": \"<string>\",\n      \"Type\": \"<string>\",\n      \"Value\": \"<string>\"\n    },\n    \"PostedAmount\": \"<double>\",\n    \"ReportID\": \"<string>\",\n    \"ReportOwnerID\": \"<string>\",\n    \"SpendCategoryCode\": \"<string>\",\n    \"SpendCategoryName\": \"<string>\",\n    \"TransactionAmount\": \"<double>\",\n    \"TransactionDate\": \"<dateTime>\",\n    \"URI\": \"<string>\"\n  },\n  \"NextPage\": \"<string>\"\n}"}]},{"name":"Create expense itemization","id":"46f93260-e238-4a65-a611-33c5e03ca7af","protocolProfileBehavior":{"disableBodyPruning":true},"request":{"method":"POST","header":[{"key":"Content-Type","value":"application/json"},{"key":"Accept","value":"application/json"}],"body":{"mode":"raw","raw":"{\n  \"Comment\": \"<string>\",\n  \"Custom1\": \"<string>\",\n  \"Custom10\": \"<string>\",\n  \"Custom11\": \"<string>\",\n  \"Custom12\": \"<string>\",\n  \"Custom13\": \"<string>\",\n  \"Custom14\": \"<string>\",\n  \"Custom15\": \"<string>\",\n  \"Custom16\": \"<string>\",\n  \"Custom17\": \"<string>\",\n  \"Custom18\": \"<string>\",\n  \"Custom19\": \"<string>\",\n  \"Custom2\": \"<string>\",\n  \"Custom20\": \"<string>\",\n  \"Custom21\": \"<string>\",\n  \"Custom22\": \"<string>\",\n  \"Custom23\": \"<string>\",\n  \"Custom24\": \"<string>\",\n  \"Custom25\": \"<string>\",\n  \"Custom26\": \"<string>\",\n  \"Custom27\": \"<string>\",\n  \"Custom28\": \"<string>\",\n  \"Custom29\": \"<string>\",\n  \"Custom3\": \"<string>\",\n  \"Custom30\": \"<string>\",\n  \"Custom31\": \"<string>\",\n  \"Custom32\": \"<string>\",\n  \"Custom33\": \"<string>\",\n  \"Custom34\": \"<string>\",\n  \"Custom35\": \"<string>\",\n  \"Custom36\": \"<string>\",\n  \"Custom37\": \"<string>\",\n  \"Custom38\": \"<string>\",\n  \"Custom39\": \"<string>\",\n  \"Custom4\": \"<string>\",\n  \"Custom40\": \"<string>\",\n  \"Custom5\": \"<string>\",\n  \"Custom6\": \"<string>\",\n  \"Custom7\": \"<string>\",\n  \"Custom8\": \"<string>\",\n  \"Custom9\": \"<string>\",\n  \"Description\": \"<string>\",\n  \"EntryID\": \"<string>\",\n  \"ExpenseTypeCode\": \"<string>\",\n  \"IsBillable\": \"<boolean>\",\n  \"IsPersonal\": \"<boolean>\",\n  \"OrgUnit1\": \"<string>\",\n  \"OrgUnit2\": \"<string>\",\n  \"OrgUnit3\": \"<string>\",\n  \"OrgUnit4\": \"<string>\",\n  \"OrgUnit5\": \"<string>\",\n  \"OrgUnit6\": \"<string>\",\n  \"TransactionAmount\": \"<double>\",\n  \"TransactionDate\": \"<dateTime>\"\n}","options":{"raw":{"headerFamily":"json","language":"json"}}},"url":{"raw":"{{baseUrl}}/expense/itemizations?user=<string>","host":["{{baseUrl}}"],"path":["expense","itemizations"],"query":[{"description":"The login ID of the user who owns the itemizations. The user must have the Web Services Admin role to use this parameter.","key":"user","value":"<string>"}]},"description":"Creates a new expense itemization for the specified expense entry."},"response":[{"id":"8f99ccbb-e156-4b53-bfe5-8c3c04435518","name":"Success","originalRequest":{"method":"POST","header":[{"key":"Content-Type","value":"application/json"},{"key":"Accept","value":"application/json"},{"description":"Added as a part of security scheme: oauth2","key":"Authorization","value":"<token>"}],"body":{"mode":"raw","raw":"{\n  \"Comment\": \"<string>\",\n  \"Custom1\": \"<string>\",\n  \"Custom10\": \"<string>\",\n  \"Custom11\": \"<string>\",\n  \"Custom12\": \"<string>\",\n  \"Custom13\": \"<string>\",\n  \"Custom14\": \"<string>\",\n  \"Custom15\": \"<string>\",\n  \"Custom16\": \"<string>\",\n  \"Custom17\": \"<string>\",\n  \"Custom18\": \"<string>\",\n  \"Custom19\": \"<string>\",\n  \"Custom2\": \"<string>\",\n  \"Custom20\": \"<string>\",\n  \"Custom21\": \"<string>\",\n  \"Custom22\": \"<string>\",\n  \"Custom23\": \"<string>\",\n  \"Custom24\": \"<string>\",\n  \"Custom25\": \"<string>\",\n  \"Custom26\": \"<string>\",\n  \"Custom27\": \"<string>\",\n  \"Custom28\": \"<string>\",\n  \"Custom29\": \"<string>\",\n  \"Custom3\": \"<string>\",\n  \"Custom30\": \"<string>\",\n  \"Custom31\": \"<string>\",\n  \"Custom32\": \"<string>\",\n  \"Custom33\": \"<string>\",\n  \"Custom34\": \"<string>\",\n  \"Custom35\": \"<string>\",\n  \"Custom36\": \"<string>\",\n  \"Custom37\": \"<string>\",\n  \"Custom38\": \"<string>\",\n  \"Custom39\": \"<string>\",\n  \"Custom4\": \"<string>\",\n  \"Custom40\": \"<string>\",\n  \"Custom5\": \"<string>\",\n  \"Custom6\": \"<string>\",\n  \"Custom7\": \"<string>\",\n  \"Custom8\": \"<string>\",\n  \"Custom9\": \"<string>\",\n  \"Description\": \"<string>\",\n  \"EntryID\": \"<string>\",\n  \"ExpenseTypeCode\": \"<string>\",\n  \"IsBillable\": \"<boolean>\",\n  \"IsPersonal\": \"<boolean>\",\n  \"OrgUnit1\": \"<string>\",\n  \"OrgUnit2\": \"<string>\",\n  \"OrgUnit3\": \"<string>\",\n  \"OrgUnit4\": \"<string>\",\n  \"OrgUnit5\": \"<string>\",\n  \"OrgUnit6\": \"<string>\",\n  \"TransactionAmount\": \"<double>\",\n  \"TransactionDate\": \"<dateTime>\"\n}","options":{"raw":{"headerFamily":"json","language":"json"}}},"url":{"raw":"{{baseUrl}}/expense/itemizations?user=<string>","host":["{{baseUrl}}"],"path":["expense","itemizations"],"query":[{"description":"The login ID of the user who owns the itemizations. The user must have the Web Services Admin role to use this parameter.","key":"user","value":"<string>"}]}},"status":"OK","code":200,"_postman_previewlanguage":"json","header":[{"key":"Content-Type","value":"application/json"}],"cookie":[],"responseTime":null,"body":"{\n  \"ID\": \"<string>\",\n  \"URI\": \"<string>\"\n}"},{"id":"78816271-f3f0-4a0a-800e-a270ac27e02b","name":"Bad Request","originalRequest":{"method":"POST","header":[{"key":"Content-Type","value":"application/json"},{"key":"Accept","value":"application/json"},{"description":"Added as a part of security scheme: oauth2","key":"Authorization","value":"<token>"}],"body":{"mode":"raw","raw":"{\n  \"Comment\": \"<string>\",\n  \"Custom1\": \"<string>\",\n  \"Custom10\": \"<string>\",\n  \"Custom11\": \"<string>\",\n  \"Custom12\": \"<string>\",\n  \"Custom13\": \"<string>\",\n  \"Custom14\": \"<string>\",\n  \"Custom15\": \"<string>\",\n  \"Custom16\": \"<string>\",\n  \"Custom17\": \"<string>\",\n  \"Custom18\": \"<string>\",\n  \"Custom19\": \"<string>\",\n  \"Custom2\": \"<string>\",\n  \"Custom20\": \"<string>\",\n  \"Custom21\": \"<string>\",\n  \"Custom22\": \"<string>\",\n  \"Custom23\": \"<string>\",\n  \"Custom24\": \"<string>\",\n  \"Custom25\": \"<string>\",\n  \"Custom26\": \"<string>\",\n  \"Custom27\": \"<string>\",\n  \"Custom28\": \"<string>\",\n  \"Custom29\": \"<string>\",\n  \"Custom3\": \"<string>\",\n  \"Custom30\": \"<string>\",\n  \"Custom31\": \"<string>\",\n  \"Custom32\": \"<string>\",\n  \"Custom33\": \"<string>\",\n  \"Custom34\": \"<string>\",\n  \"Custom35\": \"<string>\",\n  \"Custom36\": \"<string>\",\n  \"Custom37\": \"<string>\",\n  \"Custom38\": \"<string>\",\n  \"Custom39\": \"<string>\",\n  \"Custom4\": \"<string>\",\n  \"Custom40\": \"<string>\",\n  \"Custom5\": \"<string>\",\n  \"Custom6\": \"<string>\",\n  \"Custom7\": \"<string>\",\n  \"Custom8\": \"<string>\",\n  \"Custom9\": \"<string>\",\n  \"Description\": \"<string>\",\n  \"EntryID\": \"<string>\",\n  \"ExpenseTypeCode\": \"<string>\",\n  \"IsBillable\": \"<boolean>\",\n  \"IsPersonal\": \"<boolean>\",\n  \"OrgUnit1\": \"<string>\",\n  \"OrgUnit2\": \"<string>\",\n  \"OrgUnit3\": \"<string>\",\n  \"OrgUnit4\": \"<string>\",\n  \"OrgUnit5\": \"<string>\",\n  \"OrgUnit6\": \"<string>\",\n  \"TransactionAmount\": \"<double>\",\n  \"TransactionDate\": \"<dateTime>\"\n}","options":{"raw":{"headerFamily":"json","language":"json"}}},"url":{"raw":"{{baseUrl}}/expense/itemizations?user=<string>","host":["{{baseUrl}}"],"path":["expense","itemizations"],"query":[{"description":"The login ID of the user who owns the itemizations. The user must have the Web Services Admin role to use this parameter.","key":"user","value":"<string>"}]}},"status":"Bad Request","code":400,"_postman_previewlanguage":"json","header":[{"key":"Content-Type","value":"application/json"}],"cookie":[],"responseTime":null,"body":"{}"}]}],"id":"4d54adb2-fbf6-4092-bc0c-dc4f68461430"}],"id":"53ebd71c-dff2-492e-8ab4-a7312601f0ec"}],"auth":{"type":"bearer","bearer":[{"key":"token","value":"{{accessToken}}","type":"string"}]},"event":[{"listen":"prerequest","script":{"id":"a51936aa-4f41-484d-8319-6865a88cd5c7","type":"text/javascript","exec":[""]}},{"listen":"test","script":{"id":"a8b08e41-d5dd-4938-a077-bfe44944a51e","type":"text/javascript","exec":[""]}}],"variable":[{"id":"4c84d3ad-2331-4276-bea3-dc3d4efafea3","key":"baseUrl","value":"https://www.concursolutions.com/api/v3.0"}]}