{"info":{"_postman_id":"7cee81de-2490-45f0-9b13-c9f0a23d6470","name":"VendorGroup","description":"An invoice is a bill of sale for goods or services provided by a vendor. This API provides methods to create or delete invoice vendor groups that meet the search parameters.","schema":"https://schema.getpostman.com/json/collection/v2.1.0/collection.json"},"item":[{"name":"invoice","item":[{"name":"vendor","item":[{"name":"groups","item":[{"name":"Add vendor groups by Vendor Code, Address Code, and Vendor Group.","id":"5d05b9b4-d4f3-4835-840e-27a780d5282c","protocolProfileBehavior":{"disableBodyPruning":true},"request":{"method":"PUT","header":[{"key":"Content-Type","value":"application/json"},{"key":"Accept","value":"application/json"}],"body":{"mode":"raw","raw":"{\n  \"VendorGroup\": {\n    \"ID\": \"<string>\",\n    \"Name\": \"<string>\",\n    \"URI\": \"<string>\"\n  },\n  \"NextPage\": \"<string>\",\n  \"RequestRunSummary\": \"<string>\",\n  \"TotalCount\": \"<integer>\",\n  \"Items\": {}\n}","options":{"raw":{"headerFamily":"json","language":"json"}}},"url":{"raw":"{{baseUrl}}/invoice/vendor/groups?vendorCode=<string>&addressCode=<string>","host":["{{baseUrl}}"],"path":["invoice","vendor","groups"],"query":[{"description":"(Required) The Vendor Code to be searched.","key":"vendorCode","value":"<string>"},{"description":"(Required) Address Code to be searched.","key":"addressCode","value":"<string>"}]},"description":"Add vendor groups by Vendor Code, Address Code, and Vendor Group."},"response":[{"id":"f0e2bd2b-2f43-418a-89fa-a2bb89f41e76","name":"Success","originalRequest":{"method":"PUT","header":[{"key":"Content-Type","value":"application/json"},{"key":"Accept","value":"application/json"}],"body":{"mode":"raw","raw":"{\n  \"VendorGroup\": {\n    \"ID\": \"<string>\",\n    \"Name\": \"<string>\",\n    \"URI\": \"<string>\"\n  },\n  \"NextPage\": \"<string>\",\n  \"RequestRunSummary\": \"<string>\",\n  \"TotalCount\": \"<integer>\",\n  \"Items\": {}\n}","options":{"raw":{"headerFamily":"json","language":"json"}}},"url":{"raw":"{{baseUrl}}/invoice/vendor/groups?vendorCode=<string>&addressCode=<string>","host":["{{baseUrl}}"],"path":["invoice","vendor","groups"],"query":[{"description":"(Required) The Vendor Code to be searched.","key":"vendorCode","value":"<string>"},{"description":"(Required) Address Code to be searched.","key":"addressCode","value":"<string>"}]}},"status":"OK","code":200,"_postman_previewlanguage":"json","header":[{"key":"Content-Type","value":"application/json"}],"cookie":[],"responseTime":null,"body":"{\n  \"VendorGroup\": {\n    \"ID\": \"<string>\",\n    \"Name\": \"<string>\",\n    \"URI\": \"<string>\"\n  },\n  \"NextPage\": \"<string>\",\n  \"RequestRunSummary\": \"<string>\",\n  \"TotalCount\": \"<integer>\",\n  \"Items\": {}\n}"}]},{"name":"Delete a vendor group by Vendor Code, Address Code, and Group Name.","id":"7f9d5ba0-af55-4de1-9fab-bcd4e3c87f99","protocolProfileBehavior":{"disableBodyPruning":true},"request":{"method":"DELETE","header":[{"key":"Accept","value":"application/json"}],"url":{"raw":"{{baseUrl}}/invoice/vendor/groups?vendorCode=<string>&addressCode=<string>&groupName=<string>","host":["{{baseUrl}}"],"path":["invoice","vendor","groups"],"query":[{"description":"(Required) The Vendor Code to be deleted.","key":"vendorCode","value":"<string>"},{"description":"(Required) Address Code to be deleted.","key":"addressCode","value":"<string>"},{"description":"(Required) Group Name to be deleted.","key":"groupName","value":"<string>"}]},"description":"Delete a vendor group by Vendor Code, Address Code, and Group Name."},"response":[{"id":"d638f9d0-03f2-4d61-9aa5-723bdb240df0","name":"Success","originalRequest":{"method":"DELETE","header":[{"key":"Accept","value":"application/json"}],"url":{"raw":"{{baseUrl}}/invoice/vendor/groups?vendorCode=<string>&addressCode=<string>&groupName=<string>","host":["{{baseUrl}}"],"path":["invoice","vendor","groups"],"query":[{"description":"(Required) The Vendor Code to be deleted.","key":"vendorCode","value":"<string>"},{"description":"(Required) Address Code to be deleted.","key":"addressCode","value":"<string>"},{"description":"(Required) Group Name to be deleted.","key":"groupName","value":"<string>"}]}},"status":"OK","code":200,"_postman_previewlanguage":"json","header":[{"key":"Content-Type","value":"application/json"}],"cookie":[],"responseTime":null,"body":"{\n  \"VendorGroup\": {\n    \"ID\": \"<string>\",\n    \"Name\": \"<string>\",\n    \"URI\": \"<string>\"\n  },\n  \"NextPage\": \"<string>\",\n  \"RequestRunSummary\": \"<string>\",\n  \"TotalCount\": \"<integer>\",\n  \"Items\": {}\n}"}]}],"id":"34b91ed3-8d63-48c5-aa60-16468407ebb3"}],"id":"8a723683-8422-46ee-8163-707a0fc47de5"}],"id":"ce029e6c-2267-4fb4-8d37-aa2877f83a0c"}],"variable":[{"id":"77bd267d-d861-4d9a-b03c-6d64d39a08cc","key":"baseUrl","value":"https://www.concursolutions.com/api/v3.0"}]}