{"info":{"_postman_id":"89b6ce71-0793-4aa3-829e-489d0f8c8d09","name":"Detokenizer Service","description":"The Detokenizer Service allows clients to retrieve the user's credit card number from Concur Expense in a secure way. The Detokenizer service returns the user's credit card number encrypted with a public key that the client provides in the request. The client will be able to decrypt the user's credit card number using their private key.","schema":"https://schema.getpostman.com/json/collection/v2.1.0/collection.json"},"item":[{"name":"company","item":[{"name":"{companyUUID}","item":[{"name":"creditcard","item":[{"name":"{creditcardGUID}","item":[{"name":"Get credit card account details","id":"3b8e20fe-90c2-466d-9e7d-a75b0d415c71","protocolProfileBehavior":{"disableBodyPruning":true},"request":{"method":"GET","header":[{"key":"Accept","value":"application/json"}],"url":{"raw":"{{baseUrl}}/company/:companyUUID/creditcard/:creditcardGUID?pubkeyAlgorithm=<string>&pubkeyFormat=<string>&pubkey=<string>","host":["{{baseUrl}}"],"path":["company",":companyUUID","creditcard",":creditcardGUID"],"query":[{"description":"(Required) The RSA Algorithm used by the PublicKey for credit card number encryption.","key":"pubkeyAlgorithm","value":"<string>"},{"description":"(Required) Public key format","key":"pubkeyFormat","value":"<string>"},{"description":"(Required) Public Key","key":"pubkey","value":"<string>"}],"variable":[{"id":"180502c5-4c95-4ff5-9f3f-7c7897034030","key":"companyUUID","value":"<string>"},{"id":"1e94788c-2a5a-48e9-aef0-0512c69ed32a","key":"creditcardGUID","value":"<string>"}]},"description":"Returns the credit card number encrypted with the public key provided in the request."},"response":[{"id":"9a388f35-011b-40c7-8ec2-cba2d22c0655","name":"Success","originalRequest":{"method":"GET","header":[{"key":"Accept","value":"application/json"}],"url":{"raw":"{{baseUrl}}/company/:companyUUID/creditcard/:creditcardGUID?pubkeyAlgorithm=<string>&pubkeyFormat=<string>&pubkey=<string>","host":["{{baseUrl}}"],"path":["company",":companyUUID","creditcard",":creditcardGUID"],"query":[{"description":"(Required) The RSA Algorithm used by the PublicKey for credit card number encryption.","key":"pubkeyAlgorithm","value":"<string>"},{"description":"(Required) Public key format","key":"pubkeyFormat","value":"<string>"},{"description":"(Required) Public Key","key":"pubkey","value":"<string>"}],"variable":[{"key":"companyUUID"},{"key":"creditcardGUID"}]}},"status":"OK","code":200,"_postman_previewlanguage":"json","header":[{"key":"Content-Type","value":"application/json"}],"cookie":[],"responseTime":null,"body":"{\n  \"accountNumber \": \"<string>\"\n}"}]}],"id":"d6dcdda9-cc70-4814-91b8-0a962bab57ec"}],"id":"2682f889-14f6-47cc-a269-0677c2c02efb"}],"id":"c00ce3e6-73e7-4bd2-919b-4fe3ecd9a181"}],"id":"c7f2b54c-074c-4b24-adbc-0d6fbdc0d312"}],"auth":{"type":"bearer","bearer":[{"key":"token","value":"{{accessToken}}","type":"string"}]},"event":[{"listen":"prerequest","script":{"id":"e1b87b96-386e-44e2-9255-85a0fbfbbe5c","type":"text/javascript","exec":[""]}},{"listen":"test","script":{"id":"f1f21e45-f970-41b0-9b39-832cc9848aac","type":"text/javascript","exec":[""]}}],"variable":[{"id":"afc43640-67f4-4306-98f0-834365cdfbf1","key":"baseUrl","value":"https://us.api.concursolutions.com/detokenizer/v4"}]}