{"info":{"_postman_id":"8a9e41f3-37c7-43bf-93c1-146259d26f68","name":"Event Subscription","schema":"https://schema.getpostman.com/json/collection/v2.1.0/collection.json"},"item":[{"name":"Event Subscription Authentication","event":[{"listen":"test","script":{"id":"debc666b-9c85-4232-82bf-8e1ce53b1761","exec":["pm.test(\"Initialize\", function () {\r","\r","    pm.response.to.not.be.error;\r","    pm.response.to.not.have.jsonBody(\"error\");\r","\r","    var jsonData = pm.response.json();\r","    var accessToken = jsonData.access_token;\r","    pm.expect(accessToken.length).to.be.above(0);\r","    \r","    pm.collectionVariables.set(\"accessToken\", accessToken);\r","\r","    var geoLocation = jsonData.geolocation;\r","\r","    pm.collectionVariables.set(\"geoLocationURI\", geoLocation.replace(\"https://\",\"\")); \r","});\r",""],"type":"text/javascript"}}],"id":"e58a28f7-080c-438a-b00f-1d9782576920","protocolProfileBehavior":{"disableBodyPruning":true},"request":{"method":"POST","header":[{"key":"concur-correlationid","value":"unique searchable correlation id","disabled":true}],"body":{"mode":"urlencoded","urlencoded":[{"key":"grant_type","value":"client_credentials","type":"text"},{"key":"client_secret","value":"{{clientSecret}}","type":"text"},{"key":"client_id","value":"{{clientId}}","type":"text"}]},"url":{"raw":"https://{{dataCenterURI}}/oauth2/v0/token","protocol":"https","host":["{{dataCenterURI}}"],"path":["oauth2","v0","token"]},"description":"**Postman Tests**\n\nThis collection will make a call to Concur to obtain an access token that can be used for further API calls. The TEST will update the _environment_ variable \"accessToken\" which should be used by other collections.\n\n**Header Key \"concur-correlationid\"**\n\nPlease note the Header Key \"**concur-correlationid**\" can be used when working with Concur to debug API calls. It should be unique so Concur can track down the call. For example: \"company name - timestamp\" or some sort of UUID.\n\nConcur has central logging so **all** API calls from **all** clients log in the same log...hence it should be unique to help Concur find the call and see what is wrong."},"response":[]},{"name":"Show Available Topics","id":"bbbc8988-eafe-4fbc-aef6-a4f8bc0468c4","protocolProfileBehavior":{"disabledSystemHeaders":{"content-type":true},"disableBodyPruning":true},"request":{"auth":{"type":"bearer","bearer":[{"key":"token","value":"{{accessToken}}","type":"string"}]},"method":"GET","header":[{"key":"Accept","value":"application/json","type":"text","disabled":true},{"key":"Content-Type","value":"application/json","type":"text","disabled":true}],"url":{"raw":"https://{{dataCenterURI}}/events/v4/topics","protocol":"https","host":["{{dataCenterURI}}"],"path":["events","v4","topics"]}},"response":[]},{"name":"Browse Existing Subscriptions","id":"59b5f218-87b2-41b2-99ed-6f1f41702011","protocolProfileBehavior":{"disableBodyPruning":true},"request":{"auth":{"type":"bearer","bearer":[{"key":"token","value":"{{accessToken}}","type":"string"}]},"method":"GET","header":[],"url":{"raw":"https://{{dataCenterURI}}/events/v4/subscriptions","protocol":"https","host":["{{dataCenterURI}}"],"path":["events","v4","subscriptions"]}},"response":[]},{"name":"Create a Subscription","id":"dec56cbb-92a6-4ec3-b6e2-94e5b6dd2c50","protocolProfileBehavior":{"disableBodyPruning":true},"request":{"auth":{"type":"bearer","bearer":[{"key":"token","value":"{{accessToken}}","type":"string"}]},"method":"PUT","header":[],"body":{"mode":"raw","raw":"{\r\n    \"id\": \"asgn.test\",\r\n    \"eventType\": \"ItineraryCreated| ItineraryUpdated| ItineraryCancelled\",\r\n    \"topic\": \"public.concur.travel.itinerary\",\r\n    \"webHookConfig\": {\r\n        \"endpoint\": \"https://asgndev.service-now.com/api/sn_esg_concur/webhook?ni.nolog.id=fb9be1b8c3c5fd10d01e69deb0013100&ni.nolog.token=%EF%B7%9E%EF%B7%9F%EF%B7%9246028e6e97bcfd100ebd7d871153af58%EF%B7%AC%EF%B7%941%EF%B7%AC%EF%B7%ADgU7BlGXAhpO43jo1Z7OCOQ%3D%3DGp99Bbw0E4pAIISt2AGJndlNw9ZSj9HW3hKC61e9S8erd5ov%EF%B7%AE%EF%B7%AF\"\r\n    }\r\n}","options":{"raw":{"language":"json"}}},"url":{"raw":"https://{{dataCenterURI}}/events/v4/subscriptions/webhook","protocol":"https","host":["{{dataCenterURI}}"],"path":["events","v4","subscriptions","webhook"]}},"response":[]},{"name":"Delete Your Subscription","id":"c7e18363-dec6-496d-af3b-e3ba0e5ac51c","protocolProfileBehavior":{"disableBodyPruning":true},"request":{"auth":{"type":"bearer","bearer":[{"key":"token","value":"{{accessToken}}","type":"string"}]},"method":"DELETE","header":[],"url":{"raw":"https://{{dataCenterURI}}/events/v4/subscriptions/public.concur.travel.itinerary","protocol":"https","host":["{{dataCenterURI}}"],"path":["events","v4","subscriptions","public.concur.travel.itinerary"]}},"response":[]}],"event":[{"listen":"prerequest","script":{"id":"9d752605-b5ca-466f-b6b3-a7f687947c09","type":"text/javascript","exec":[""]}},{"listen":"test","script":{"id":"2dd6a183-7117-479e-8530-ff525828ffb7","type":"text/javascript","exec":[""]}}],"variable":[{"id":"517c8b18-ed53-4725-8ba7-08f74ec49c68","key":"dataCenterURI","value":"www-us2.api.concursolutions.com","type":"default"},{"id":"a0b21124-19ff-4aa0-9740-6accae1a46a4","key":"clientId","value":"b560df45-c514-44c6-a203-752db99612e6"},{"id":"9f47fbb4-93f5-487b-b70b-8ca5aac9f8b6","key":"clientSecret","value":"d4a0b6d6-df20-43df-b214-8982b592922d"},{"id":"ea487d9f-e115-47a0-b4ed-78df1ec21102","key":"companyUUID","value":"d269f970-5b6e-4062-aec0-a3ae5d34536a"},{"id":"92297310-adef-4589-83d2-6f4c11f8a3d6","key":"accessToken","value":"XXX - set by postman collection","type":"any"},{"id":"8d824ccb-82f9-49f7-ab82-d76793ef4313","key":"geoLocationURI","value":"XXX - set by postman collection","type":"default"}]}