{"info":{"_postman_id":"9222b279-b894-42f2-95ca-19a7a29b7c20","name":"OpenAI","schema":"https://schema.getpostman.com/json/collection/v2.1.0/collection.json"},"item":[{"name":"New Request","id":"3c7ffa7e-8058-4383-b265-5513cc8537ca","protocolProfileBehavior":{"disableBodyPruning":true},"request":{"method":"POST","header":[],"url":{"raw":"https://api.openai.com/v1/images/generations?Authorization: Bearer=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","protocol":"https","host":["api","openai","com"],"path":["v1","images","generations"],"query":[{"key":"Authorization: Bearer","value":"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"}]}},"response":[]}]}