{"info":{"_postman_id":"9c20c67a-1183-452c-a5fd-84dc7962d483","name":"Food Data Central API","description":"The FoodData Central API provides REST access to FoodData Central (FDC). It is intended primarily to assist application developers wishing to incorporate nutrient data into their applications or websites.\n  To take full advantage of the API, developers should familiarize themselves with the database by reading the database documentation available via links on [Data Type Documentation](https://fdc.nal.usda.gov/data-documentation.html). This documentation provides the detailed definitions and descriptions needed to understand the data elements referenced in the API documentation.\n  \n  Additional details about the API including rate limits, access, and licensing are available on the [FDC website](https://fdc.nal.usda.gov/api-guide.html)\n\nContact Support:\n Name: Food Data Central Contact Form","schema":"https://schema.getpostman.com/json/collection/v2.1.0/collection.json"},"item":[{"name":"v1","item":[{"name":"yaml-spec","item":[{"name":"Returns this documentation in JSON format","id":"faf2fbb8-86a2-4f4e-ac1f-cf45afa7181b","protocolProfileBehavior":{"disableBodyPruning":true},"request":{"method":"GET","header":[],"url":{"raw":"{{baseUrl}}/v1/yaml-spec","host":["{{baseUrl}}"],"path":["v1","yaml-spec"]},"description":"The OpenAPI 3.0 specification for the FDC API rendered as YAML (YAML Ain't Markup Language)"},"response":[{"id":"e87a26a7-a1fe-40d2-9b51-31e3cc9f0d90","name":"YAML rendering of OpenAPI 3.0 specification","originalRequest":{"method":"GET","header":[],"url":{"raw":"{{baseUrl}}/v1/yaml-spec?api_key=<API Key>","host":["{{baseUrl}}"],"path":["v1","yaml-spec"],"query":[{"description":"Added as a part of security scheme: apikey","key":"api_key","value":"<API Key>"}]}},"status":"Internal Server Error","code":500,"_postman_previewlanguage":"text","header":[],"cookie":[],"responseTime":null,"body":""}]}],"id":"4ab271cf-b069-4ec8-a893-52cde8527c88"},{"name":"json-spec","item":[{"name":"Returns this documentation in JSON format","id":"8c4ce35a-2202-4e2b-b740-2758a4a60d24","protocolProfileBehavior":{"disableBodyPruning":true},"request":{"method":"GET","header":[],"url":{"raw":"{{baseUrl}}/v1/json-spec","host":["{{baseUrl}}"],"path":["v1","json-spec"]},"description":"The OpenAPI 3.0 specification for the FDC API rendered as JSON (JavaScript Object Notation)"},"response":[{"id":"e0c3d175-d8bd-44e4-a318-d9e621d87199","name":"JSON rendering of OpenAPI 3.0 specification","originalRequest":{"method":"GET","header":[],"url":{"raw":"{{baseUrl}}/v1/json-spec?api_key=<API Key>","host":["{{baseUrl}}"],"path":["v1","json-spec"],"query":[{"description":"Added as a part of security scheme: apikey","key":"api_key","value":"<API Key>"}]}},"status":"Internal Server Error","code":500,"_postman_previewlanguage":"text","header":[],"cookie":[],"responseTime":null,"body":""}]}],"id":"148473df-5ec5-4ca1-a60b-edfdaed07cae"},{"name":"foods","item":[{"name":"search","item":[{"name":"Returns a list of foods that matched search (query) keywords","id":"092fe018-aca9-4fd9-9990-a3269a563b28","protocolProfileBehavior":{"disableBodyPruning":true},"request":{"method":"GET","header":[{"key":"Accept","value":"application/json"}],"url":{"raw":"{{baseUrl}}/v1/foods/search?query=<string>&dataType=Foundation&pageSize=<integer>&pageNumber=<integer>&sortBy=fdcId&sortOrder=asc&brandOwner=<string>","host":["{{baseUrl}}"],"path":["v1","foods","search"],"query":[{"description":"(Required) One or more search terms.  The string may include [search operators](https://fdc.nal.usda.gov/help.html#bkmk-2)","key":"query","value":"<string>"},{"description":"Optional. Filter on a specific data type; specify one or more values in an array.","key":"dataType","value":"Foundation"},{"description":"Optional. Maximum number of results to return for the current page. Default is 50.","key":"pageSize","value":"<integer>"},{"description":"Optional. Page number to retrieve. The offset into the overall result set is expressed as (pageNumber * pageSize)","key":"pageNumber","value":"<integer>"},{"description":"Optional. Specify one of the possible values to sort by that field. Note, dataType.keyword will be dataType and lowercaseDescription.keyword will be description in future releases.","key":"sortBy","value":"fdcId"},{"description":"Optional. The sort direction for the results. Only applicable if sortBy is specified.","key":"sortOrder","value":"asc"},{"description":"Optional. Filter results based on the brand owner of the food. Only applies to Branded Foods","key":"brandOwner","value":"<string>"}]},"description":"Search for foods using keywords. Results can be filtered by dataType and there are options for result page sizes or sorting."},"response":[{"id":"f2387d69-2e8d-409c-9373-981c8fd96197","name":"List of foods that matched search terms","originalRequest":{"method":"GET","header":[],"url":{"raw":"{{baseUrl}}/v1/foods/search?query=<string>&dataType=Foundation&pageSize=<integer>&pageNumber=<integer>&sortBy=fdcId&sortOrder=asc&brandOwner=<string>&api_key=<API Key>","host":["{{baseUrl}}"],"path":["v1","foods","search"],"query":[{"description":"(Required) One or more search terms.  The string may include [search operators](https://fdc.nal.usda.gov/help.html#bkmk-2)","key":"query","value":"<string>"},{"description":"Optional. Filter on a specific data type; specify one or more values in an array.","key":"dataType","value":"Foundation"},{"description":"Optional. Maximum number of results to return for the current page. Default is 50.","key":"pageSize","value":"<integer>"},{"description":"Optional. Page number to retrieve. The offset into the overall result set is expressed as (pageNumber * pageSize)","key":"pageNumber","value":"<integer>"},{"description":"Optional. Specify one of the possible values to sort by that field. Note, dataType.keyword will be dataType and lowercaseDescription.keyword will be description in future releases.","key":"sortBy","value":"fdcId"},{"description":"Optional. The sort direction for the results. Only applicable if sortBy is specified.","key":"sortOrder","value":"asc"},{"description":"Optional. Filter results based on the brand owner of the food. Only applies to Branded Foods","key":"brandOwner","value":"<string>"},{"description":"Added as a part of security scheme: apikey","key":"api_key","value":"<API Key>"}]}},"status":"OK","code":200,"_postman_previewlanguage":"json","header":[{"key":"Content-Type","value":"application/json"}],"cookie":[],"responseTime":null,"body":"[\n  {\n    \"foodSearchCriteria\": {},\n    \"totalHits\": \"<integer>\",\n    \"currentPage\": \"<integer>\",\n    \"totalPages\": \"<integer>\",\n    \"foods\": [\n      {\n        \"fdcId\": \"<integer>\",\n        \"description\": \"<string>\",\n        \"dataType\": \"<string>\",\n        \"foodCode\": \"<string>\",\n        \"foodNutrients\": [\n          {\n            \"number\": \"<integer>\",\n            \"name\": \"<string>\",\n            \"amount\": \"<float>\",\n            \"unitName\": \"<string>\",\n            \"derivationCode\": \"<string>\",\n            \"derivationDescription\": \"<string>\"\n          },\n          {\n            \"number\": \"<integer>\",\n            \"name\": \"<string>\",\n            \"amount\": \"<float>\",\n            \"unitName\": \"<string>\",\n            \"derivationCode\": \"<string>\",\n            \"derivationDescription\": \"<string>\"\n          }\n        ],\n        \"publicationDate\": \"<string>\",\n        \"scientificName\": \"<string>\",\n        \"brandOwner\": \"<string>\",\n        \"gtinUpc\": \"<string>\",\n        \"ingredients\": \"<string>\",\n        \"ndbNumber\": \"<string>\",\n        \"additionalDescriptions\": \"<string>\",\n        \"allHighlightFields\": \"<string>\",\n        \"score\": \"<float>\"\n      },\n      {\n        \"fdcId\": \"<integer>\",\n        \"description\": \"<string>\",\n        \"dataType\": \"<string>\",\n        \"foodCode\": \"<string>\",\n        \"foodNutrients\": [\n          {\n            \"number\": \"<integer>\",\n            \"name\": \"<string>\",\n            \"amount\": \"<float>\",\n            \"unitName\": \"<string>\",\n            \"derivationCode\": \"<string>\",\n            \"derivationDescription\": \"<string>\"\n          },\n          {\n            \"number\": \"<integer>\",\n            \"name\": \"<string>\",\n            \"amount\": \"<float>\",\n            \"unitName\": \"<string>\",\n            \"derivationCode\": \"<string>\",\n            \"derivationDescription\": \"<string>\"\n          }\n        ],\n        \"publicationDate\": \"<string>\",\n        \"scientificName\": \"<string>\",\n        \"brandOwner\": \"<string>\",\n        \"gtinUpc\": \"<string>\",\n        \"ingredients\": \"<string>\",\n        \"ndbNumber\": \"<string>\",\n        \"additionalDescriptions\": \"<string>\",\n        \"allHighlightFields\": \"<string>\",\n        \"score\": \"<float>\"\n      }\n    ]\n  },\n  {\n    \"foodSearchCriteria\": {},\n    \"totalHits\": \"<integer>\",\n    \"currentPage\": \"<integer>\",\n    \"totalPages\": \"<integer>\",\n    \"foods\": [\n      {\n        \"fdcId\": \"<integer>\",\n        \"description\": \"<string>\",\n        \"dataType\": \"<string>\",\n        \"foodCode\": \"<string>\",\n        \"foodNutrients\": [\n          {\n            \"number\": \"<integer>\",\n            \"name\": \"<string>\",\n            \"amount\": \"<float>\",\n            \"unitName\": \"<string>\",\n            \"derivationCode\": \"<string>\",\n            \"derivationDescription\": \"<string>\"\n          },\n          {\n            \"number\": \"<integer>\",\n            \"name\": \"<string>\",\n            \"amount\": \"<float>\",\n            \"unitName\": \"<string>\",\n            \"derivationCode\": \"<string>\",\n            \"derivationDescription\": \"<string>\"\n          }\n        ],\n        \"publicationDate\": \"<string>\",\n        \"scientificName\": \"<string>\",\n        \"brandOwner\": \"<string>\",\n        \"gtinUpc\": \"<string>\",\n        \"ingredients\": \"<string>\",\n        \"ndbNumber\": \"<string>\",\n        \"additionalDescriptions\": \"<string>\",\n        \"allHighlightFields\": \"<string>\",\n        \"score\": \"<float>\"\n      },\n      {\n        \"fdcId\": \"<integer>\",\n        \"description\": \"<string>\",\n        \"dataType\": \"<string>\",\n        \"foodCode\": \"<string>\",\n        \"foodNutrients\": [\n          {\n            \"number\": \"<integer>\",\n            \"name\": \"<string>\",\n            \"amount\": \"<float>\",\n            \"unitName\": \"<string>\",\n            \"derivationCode\": \"<string>\",\n            \"derivationDescription\": \"<string>\"\n          },\n          {\n            \"number\": \"<integer>\",\n            \"name\": \"<string>\",\n            \"amount\": \"<float>\",\n            \"unitName\": \"<string>\",\n            \"derivationCode\": \"<string>\",\n            \"derivationDescription\": \"<string>\"\n          }\n        ],\n        \"publicationDate\": \"<string>\",\n        \"scientificName\": \"<string>\",\n        \"brandOwner\": \"<string>\",\n        \"gtinUpc\": \"<string>\",\n        \"ingredients\": \"<string>\",\n        \"ndbNumber\": \"<string>\",\n        \"additionalDescriptions\": \"<string>\",\n        \"allHighlightFields\": \"<string>\",\n        \"score\": \"<float>\"\n      }\n    ]\n  }\n]"},{"id":"a3bb026e-55b4-497b-9e44-76730294ae5d","name":"bad input parameter","originalRequest":{"method":"GET","header":[],"url":{"raw":"{{baseUrl}}/v1/foods/search?query=<string>&dataType=Foundation&pageSize=<integer>&pageNumber=<integer>&sortBy=fdcId&sortOrder=asc&brandOwner=<string>&api_key=<API Key>","host":["{{baseUrl}}"],"path":["v1","foods","search"],"query":[{"description":"(Required) One or more search terms.  The string may include [search operators](https://fdc.nal.usda.gov/help.html#bkmk-2)","key":"query","value":"<string>"},{"description":"Optional. Filter on a specific data type; specify one or more values in an array.","key":"dataType","value":"Foundation"},{"description":"Optional. Maximum number of results to return for the current page. Default is 50.","key":"pageSize","value":"<integer>"},{"description":"Optional. Page number to retrieve. The offset into the overall result set is expressed as (pageNumber * pageSize)","key":"pageNumber","value":"<integer>"},{"description":"Optional. Specify one of the possible values to sort by that field. Note, dataType.keyword will be dataType and lowercaseDescription.keyword will be description in future releases.","key":"sortBy","value":"fdcId"},{"description":"Optional. The sort direction for the results. Only applicable if sortBy is specified.","key":"sortOrder","value":"asc"},{"description":"Optional. Filter results based on the brand owner of the food. Only applies to Branded Foods","key":"brandOwner","value":"<string>"},{"description":"Added as a part of security scheme: apikey","key":"api_key","value":"<API Key>"}]}},"status":"Bad Request","code":400,"_postman_previewlanguage":"text","header":[],"cookie":[],"responseTime":null,"body":""}]},{"name":"Returns a list of foods that matched search (query) keywords","id":"da6c7f2c-84c4-442b-8a79-da2a34380b14","protocolProfileBehavior":{"disableBodyPruning":true},"request":{"method":"POST","header":[{"key":"Content-Type","value":"application/json"},{"key":"Accept","value":"application/json"}],"body":{"mode":"raw","raw":"{\n  \"query\": \"<string>\",\n  \"dataType\": [\n    \"Foundation\"\n  ],\n  \"pageSize\": \"<integer>\",\n  \"pageNumber\": \"<integer>\",\n  \"sortBy\": \"lowercaseDescription.keyword\",\n  \"sortOrder\": \"asc\",\n  \"brandOwner\": \"<string>\"\n}","options":{"raw":{"headerFamily":"json","language":"json"}}},"url":{"raw":"{{baseUrl}}/v1/foods/search","host":["{{baseUrl}}"],"path":["v1","foods","search"]},"description":"Search for foods using keywords. Results can be filtered by dataType and there are options for result page sizes or sorting."},"response":[{"id":"88339660-2700-47f8-bedb-7a7d5b48e783","name":"List of foods that matched search terms","originalRequest":{"method":"POST","header":[{"key":"Content-Type","value":"application/json"}],"body":{"mode":"raw","raw":"{\n  \"query\": \"<string>\",\n  \"dataType\": [\n    \"Foundation\"\n  ],\n  \"pageSize\": \"<integer>\",\n  \"pageNumber\": \"<integer>\",\n  \"sortBy\": \"lowercaseDescription.keyword\",\n  \"sortOrder\": \"asc\",\n  \"brandOwner\": \"<string>\"\n}","options":{"raw":{"headerFamily":"json","language":"json"}}},"url":{"raw":"{{baseUrl}}/v1/foods/search?api_key=<API Key>","host":["{{baseUrl}}"],"path":["v1","foods","search"],"query":[{"description":"Added as a part of security scheme: apikey","key":"api_key","value":"<API Key>"}]}},"status":"OK","code":200,"_postman_previewlanguage":"json","header":[{"key":"Content-Type","value":"application/json"}],"cookie":[],"responseTime":null,"body":"[\n  {\n    \"foodSearchCriteria\": {},\n    \"totalHits\": \"<integer>\",\n    \"currentPage\": \"<integer>\",\n    \"totalPages\": \"<integer>\",\n    \"foods\": [\n      {\n        \"fdcId\": \"<integer>\",\n        \"description\": \"<string>\",\n        \"dataType\": \"<string>\",\n        \"foodCode\": \"<string>\",\n        \"foodNutrients\": [\n          {\n            \"number\": \"<integer>\",\n            \"name\": \"<string>\",\n            \"amount\": \"<float>\",\n            \"unitName\": \"<string>\",\n            \"derivationCode\": \"<string>\",\n            \"derivationDescription\": \"<string>\"\n          },\n          {\n            \"number\": \"<integer>\",\n            \"name\": \"<string>\",\n            \"amount\": \"<float>\",\n            \"unitName\": \"<string>\",\n            \"derivationCode\": \"<string>\",\n            \"derivationDescription\": \"<string>\"\n          }\n        ],\n        \"publicationDate\": \"<string>\",\n        \"scientificName\": \"<string>\",\n        \"brandOwner\": \"<string>\",\n        \"gtinUpc\": \"<string>\",\n        \"ingredients\": \"<string>\",\n        \"ndbNumber\": \"<string>\",\n        \"additionalDescriptions\": \"<string>\",\n        \"allHighlightFields\": \"<string>\",\n        \"score\": \"<float>\"\n      },\n      {\n        \"fdcId\": \"<integer>\",\n        \"description\": \"<string>\",\n        \"dataType\": \"<string>\",\n        \"foodCode\": \"<string>\",\n        \"foodNutrients\": [\n          {\n            \"number\": \"<integer>\",\n            \"name\": \"<string>\",\n            \"amount\": \"<float>\",\n            \"unitName\": \"<string>\",\n            \"derivationCode\": \"<string>\",\n            \"derivationDescription\": \"<string>\"\n          },\n          {\n            \"number\": \"<integer>\",\n            \"name\": \"<string>\",\n            \"amount\": \"<float>\",\n            \"unitName\": \"<string>\",\n            \"derivationCode\": \"<string>\",\n            \"derivationDescription\": \"<string>\"\n          }\n        ],\n        \"publicationDate\": \"<string>\",\n        \"scientificName\": \"<string>\",\n        \"brandOwner\": \"<string>\",\n        \"gtinUpc\": \"<string>\",\n        \"ingredients\": \"<string>\",\n        \"ndbNumber\": \"<string>\",\n        \"additionalDescriptions\": \"<string>\",\n        \"allHighlightFields\": \"<string>\",\n        \"score\": \"<float>\"\n      }\n    ]\n  },\n  {\n    \"foodSearchCriteria\": {},\n    \"totalHits\": \"<integer>\",\n    \"currentPage\": \"<integer>\",\n    \"totalPages\": \"<integer>\",\n    \"foods\": [\n      {\n        \"fdcId\": \"<integer>\",\n        \"description\": \"<string>\",\n        \"dataType\": \"<string>\",\n        \"foodCode\": \"<string>\",\n        \"foodNutrients\": [\n          {\n            \"number\": \"<integer>\",\n            \"name\": \"<string>\",\n            \"amount\": \"<float>\",\n            \"unitName\": \"<string>\",\n            \"derivationCode\": \"<string>\",\n            \"derivationDescription\": \"<string>\"\n          },\n          {\n            \"number\": \"<integer>\",\n            \"name\": \"<string>\",\n            \"amount\": \"<float>\",\n            \"unitName\": \"<string>\",\n            \"derivationCode\": \"<string>\",\n            \"derivationDescription\": \"<string>\"\n          }\n        ],\n        \"publicationDate\": \"<string>\",\n        \"scientificName\": \"<string>\",\n        \"brandOwner\": \"<string>\",\n        \"gtinUpc\": \"<string>\",\n        \"ingredients\": \"<string>\",\n        \"ndbNumber\": \"<string>\",\n        \"additionalDescriptions\": \"<string>\",\n        \"allHighlightFields\": \"<string>\",\n        \"score\": \"<float>\"\n      },\n      {\n        \"fdcId\": \"<integer>\",\n        \"description\": \"<string>\",\n        \"dataType\": \"<string>\",\n        \"foodCode\": \"<string>\",\n        \"foodNutrients\": [\n          {\n            \"number\": \"<integer>\",\n            \"name\": \"<string>\",\n            \"amount\": \"<float>\",\n            \"unitName\": \"<string>\",\n            \"derivationCode\": \"<string>\",\n            \"derivationDescription\": \"<string>\"\n          },\n          {\n            \"number\": \"<integer>\",\n            \"name\": \"<string>\",\n            \"amount\": \"<float>\",\n            \"unitName\": \"<string>\",\n            \"derivationCode\": \"<string>\",\n            \"derivationDescription\": \"<string>\"\n          }\n        ],\n        \"publicationDate\": \"<string>\",\n        \"scientificName\": \"<string>\",\n        \"brandOwner\": \"<string>\",\n        \"gtinUpc\": \"<string>\",\n        \"ingredients\": \"<string>\",\n        \"ndbNumber\": \"<string>\",\n        \"additionalDescriptions\": \"<string>\",\n        \"allHighlightFields\": \"<string>\",\n        \"score\": \"<float>\"\n      }\n    ]\n  }\n]"},{"id":"eefbe1d6-5718-412a-a025-33aa43446ce0","name":"bad input parameter","originalRequest":{"method":"POST","header":[{"key":"Content-Type","value":"application/json"}],"body":{"mode":"raw","raw":"{\n  \"query\": \"<string>\",\n  \"dataType\": [\n    \"Foundation\"\n  ],\n  \"pageSize\": \"<integer>\",\n  \"pageNumber\": \"<integer>\",\n  \"sortBy\": \"lowercaseDescription.keyword\",\n  \"sortOrder\": \"asc\",\n  \"brandOwner\": \"<string>\"\n}","options":{"raw":{"headerFamily":"json","language":"json"}}},"url":{"raw":"{{baseUrl}}/v1/foods/search?api_key=<API Key>","host":["{{baseUrl}}"],"path":["v1","foods","search"],"query":[{"description":"Added as a part of security scheme: apikey","key":"api_key","value":"<API Key>"}]}},"status":"Bad Request","code":400,"_postman_previewlanguage":"text","header":[],"cookie":[],"responseTime":null,"body":""}]}],"id":"2f4f53ef-f0a9-4d3c-9a7f-d9d5efe7ce26"},{"name":"list","item":[{"name":"Returns a paged list of foods, in the 'abridged' format","id":"b158bdda-a7ea-4da5-be47-3ff15075dbbf","protocolProfileBehavior":{"disableBodyPruning":true},"request":{"method":"GET","header":[{"key":"Accept","value":"application/json"}],"url":{"raw":"{{baseUrl}}/v1/foods/list?dataType=Foundation&pageSize=<integer>&pageNumber=<integer>&sortBy=fdcId&sortOrder=asc","host":["{{baseUrl}}"],"path":["v1","foods","list"],"query":[{"description":"Optional. Filter on a specific data type; specify one or more values in an array.","key":"dataType","value":"Foundation"},{"description":"Optional. Maximum number of results to return for the current page. Default is 50.","key":"pageSize","value":"<integer>"},{"description":"Optional. Page number to retrieve. The offset into the overall result set is expressed as (pageNumber * pageSize)","key":"pageNumber","value":"<integer>"},{"description":"Optional. Specify one of the possible values to sort by that field. Note, dataType.keyword will be dataType and lowercaseDescription.keyword will be description in future releases.","key":"sortBy","value":"fdcId"},{"description":"Optional. The sort direction for the results. Only applicable if sortBy is specified.","key":"sortOrder","value":"asc"}]},"description":"Retrieves a paged list of foods. Use the pageNumber parameter to page through the entire result set."},"response":[{"id":"a8b5b3c6-c18a-4062-9e15-759ba6d5d80f","name":"List of foods for the requested page","originalRequest":{"method":"GET","header":[],"url":{"raw":"{{baseUrl}}/v1/foods/list?dataType=Foundation&pageSize=<integer>&pageNumber=<integer>&sortBy=fdcId&sortOrder=asc&api_key=<API Key>","host":["{{baseUrl}}"],"path":["v1","foods","list"],"query":[{"description":"Optional. Filter on a specific data type; specify one or more values in an array.","key":"dataType","value":"Foundation"},{"description":"Optional. Maximum number of results to return for the current page. Default is 50.","key":"pageSize","value":"<integer>"},{"description":"Optional. Page number to retrieve. The offset into the overall result set is expressed as (pageNumber * pageSize)","key":"pageNumber","value":"<integer>"},{"description":"Optional. Specify one of the possible values to sort by that field. Note, dataType.keyword will be dataType and lowercaseDescription.keyword will be description in future releases.","key":"sortBy","value":"fdcId"},{"description":"Optional. The sort direction for the results. Only applicable if sortBy is specified.","key":"sortOrder","value":"asc"},{"description":"Added as a part of security scheme: apikey","key":"api_key","value":"<API Key>"}]}},"status":"OK","code":200,"_postman_previewlanguage":"json","header":[{"key":"Content-Type","value":"application/json"}],"cookie":[],"responseTime":null,"body":"[\n  {\n    \"fdcId\": \"<integer>\",\n    \"dataType\": \"<string>\",\n    \"description\": \"<string>\",\n    \"foodNutrients\": [\n      {\n        \"number\": \"<integer>\",\n        \"name\": \"<string>\",\n        \"amount\": \"<float>\",\n        \"unitName\": \"<string>\",\n        \"derivationCode\": \"<string>\",\n        \"derivationDescription\": \"<string>\"\n      },\n      {\n        \"number\": \"<integer>\",\n        \"name\": \"<string>\",\n        \"amount\": \"<float>\",\n        \"unitName\": \"<string>\",\n        \"derivationCode\": \"<string>\",\n        \"derivationDescription\": \"<string>\"\n      }\n    ],\n    \"publicationDate\": \"<string>\",\n    \"brandOwner\": \"<string>\",\n    \"gtinUpc\": \"<string>\",\n    \"ndbNumber\": \"<string>\",\n    \"foodCode\": \"<string>\"\n  },\n  {\n    \"fdcId\": \"<integer>\",\n    \"dataType\": \"<string>\",\n    \"description\": \"<string>\",\n    \"foodNutrients\": [\n      {\n        \"number\": \"<integer>\",\n        \"name\": \"<string>\",\n        \"amount\": \"<float>\",\n        \"unitName\": \"<string>\",\n        \"derivationCode\": \"<string>\",\n        \"derivationDescription\": \"<string>\"\n      },\n      {\n        \"number\": \"<integer>\",\n        \"name\": \"<string>\",\n        \"amount\": \"<float>\",\n        \"unitName\": \"<string>\",\n        \"derivationCode\": \"<string>\",\n        \"derivationDescription\": \"<string>\"\n      }\n    ],\n    \"publicationDate\": \"<string>\",\n    \"brandOwner\": \"<string>\",\n    \"gtinUpc\": \"<string>\",\n    \"ndbNumber\": \"<string>\",\n    \"foodCode\": \"<string>\"\n  }\n]"},{"id":"eab7a801-e901-4024-9a9b-5510b7adb721","name":"bad input parameter","originalRequest":{"method":"GET","header":[],"url":{"raw":"{{baseUrl}}/v1/foods/list?dataType=Foundation&pageSize=<integer>&pageNumber=<integer>&sortBy=fdcId&sortOrder=asc&api_key=<API Key>","host":["{{baseUrl}}"],"path":["v1","foods","list"],"query":[{"description":"Optional. Filter on a specific data type; specify one or more values in an array.","key":"dataType","value":"Foundation"},{"description":"Optional. Maximum number of results to return for the current page. Default is 50.","key":"pageSize","value":"<integer>"},{"description":"Optional. Page number to retrieve. The offset into the overall result set is expressed as (pageNumber * pageSize)","key":"pageNumber","value":"<integer>"},{"description":"Optional. Specify one of the possible values to sort by that field. Note, dataType.keyword will be dataType and lowercaseDescription.keyword will be description in future releases.","key":"sortBy","value":"fdcId"},{"description":"Optional. The sort direction for the results. Only applicable if sortBy is specified.","key":"sortOrder","value":"asc"},{"description":"Added as a part of security scheme: apikey","key":"api_key","value":"<API Key>"}]}},"status":"Bad Request","code":400,"_postman_previewlanguage":"text","header":[],"cookie":[],"responseTime":null,"body":""}]},{"name":"Returns a paged list of foods, in the 'abridged' format","id":"9ca58091-8ed8-420e-81f3-5ac5d532c710","protocolProfileBehavior":{"disableBodyPruning":true},"request":{"method":"POST","header":[{"key":"Content-Type","value":"application/json"},{"key":"Accept","value":"application/json"}],"body":{"mode":"raw","raw":"{\n  \"dataType\": [\n    \"Foundation\"\n  ],\n  \"pageSize\": \"<integer>\",\n  \"pageNumber\": \"<integer>\",\n  \"sortBy\": \"dataType.keyword\",\n  \"sortOrder\": \"asc\"\n}","options":{"raw":{"headerFamily":"json","language":"json"}}},"url":{"raw":"{{baseUrl}}/v1/foods/list","host":["{{baseUrl}}"],"path":["v1","foods","list"]},"description":"Retrieves a paged list of foods. Use the pageNumber parameter to page through the entire result set."},"response":[{"id":"99336839-b95a-49c9-8cbd-d0a2aafaee47","name":"List of foods for the requested page","originalRequest":{"method":"POST","header":[{"key":"Content-Type","value":"application/json"}],"body":{"mode":"raw","raw":"{\n  \"dataType\": [\n    \"Foundation\"\n  ],\n  \"pageSize\": \"<integer>\",\n  \"pageNumber\": \"<integer>\",\n  \"sortBy\": \"dataType.keyword\",\n  \"sortOrder\": \"asc\"\n}","options":{"raw":{"headerFamily":"json","language":"json"}}},"url":{"raw":"{{baseUrl}}/v1/foods/list?api_key=<API Key>","host":["{{baseUrl}}"],"path":["v1","foods","list"],"query":[{"description":"Added as a part of security scheme: apikey","key":"api_key","value":"<API Key>"}]}},"status":"OK","code":200,"_postman_previewlanguage":"json","header":[{"key":"Content-Type","value":"application/json"}],"cookie":[],"responseTime":null,"body":"[\n  {\n    \"fdcId\": \"<integer>\",\n    \"dataType\": \"<string>\",\n    \"description\": \"<string>\",\n    \"foodNutrients\": [\n      {\n        \"number\": \"<integer>\",\n        \"name\": \"<string>\",\n        \"amount\": \"<float>\",\n        \"unitName\": \"<string>\",\n        \"derivationCode\": \"<string>\",\n        \"derivationDescription\": \"<string>\"\n      },\n      {\n        \"number\": \"<integer>\",\n        \"name\": \"<string>\",\n        \"amount\": \"<float>\",\n        \"unitName\": \"<string>\",\n        \"derivationCode\": \"<string>\",\n        \"derivationDescription\": \"<string>\"\n      }\n    ],\n    \"publicationDate\": \"<string>\",\n    \"brandOwner\": \"<string>\",\n    \"gtinUpc\": \"<string>\",\n    \"ndbNumber\": \"<string>\",\n    \"foodCode\": \"<string>\"\n  },\n  {\n    \"fdcId\": \"<integer>\",\n    \"dataType\": \"<string>\",\n    \"description\": \"<string>\",\n    \"foodNutrients\": [\n      {\n        \"number\": \"<integer>\",\n        \"name\": \"<string>\",\n        \"amount\": \"<float>\",\n        \"unitName\": \"<string>\",\n        \"derivationCode\": \"<string>\",\n        \"derivationDescription\": \"<string>\"\n      },\n      {\n        \"number\": \"<integer>\",\n        \"name\": \"<string>\",\n        \"amount\": \"<float>\",\n        \"unitName\": \"<string>\",\n        \"derivationCode\": \"<string>\",\n        \"derivationDescription\": \"<string>\"\n      }\n    ],\n    \"publicationDate\": \"<string>\",\n    \"brandOwner\": \"<string>\",\n    \"gtinUpc\": \"<string>\",\n    \"ndbNumber\": \"<string>\",\n    \"foodCode\": \"<string>\"\n  }\n]"},{"id":"03b93bbe-884e-456d-9df5-6645b7fdb16e","name":"bad input parameter","originalRequest":{"method":"POST","header":[{"key":"Content-Type","value":"application/json"}],"body":{"mode":"raw","raw":"{\n  \"dataType\": [\n    \"Foundation\"\n  ],\n  \"pageSize\": \"<integer>\",\n  \"pageNumber\": \"<integer>\",\n  \"sortBy\": \"dataType.keyword\",\n  \"sortOrder\": \"asc\"\n}","options":{"raw":{"headerFamily":"json","language":"json"}}},"url":{"raw":"{{baseUrl}}/v1/foods/list?api_key=<API Key>","host":["{{baseUrl}}"],"path":["v1","foods","list"],"query":[{"description":"Added as a part of security scheme: apikey","key":"api_key","value":"<API Key>"}]}},"status":"Bad Request","code":400,"_postman_previewlanguage":"text","header":[],"cookie":[],"responseTime":null,"body":""}]}],"id":"4a3bbc53-2253-44e6-95d6-b6c5c953588a"},{"name":"Fetches details for multiple food items using input FDC IDs","id":"8305cbc6-1fbc-4337-9f13-abea00e2bf39","protocolProfileBehavior":{"disableBodyPruning":true},"request":{"method":"GET","header":[{"key":"Accept","value":"application/json"}],"url":{"raw":"{{baseUrl}}/v1/foods?fdcIds=<string>&format=abridged&nutrients=<integer>","host":["{{baseUrl}}"],"path":["v1","foods"],"query":[{"description":"(Required) List of multiple FDC ID's. Should be comma separated list (e.g. fdcIds=534358,373052) or repeating parameters (e.g. fdcIds=534358&fdcIds=373052).","key":"fdcIds","value":"<string>"},{"description":"Optional. 'abridged' for an abridged set of elements, 'full' for all elements (default).","key":"format","value":"abridged"},{"description":"Optional. List of up to 25 nutrient numbers. Only the nutrient information for the specified nutrients will be returned. Should be comma separated list (e.g. nutrients=203,204) or repeating parameters (e.g. nutrients=203&nutrients=204). If a food does not have any matching nutrients, the food will be returned with an empty foodNutrients element.","key":"nutrients","value":"<integer>"}]},"description":"Retrieves a list of food items by a list of up to 20 FDC IDs. Optional format and nutrients can be specified. Invalid FDC ID's or ones that are not found are omitted and an empty set is returned if there are no matches."},"response":[{"id":"5bf87819-5c55-4413-84d0-f1c56a123843","name":"List of Food details matching specified FDC ID's. Invalid FDC ID's or ones that are not found are omitted.","originalRequest":{"method":"GET","header":[],"url":{"raw":"{{baseUrl}}/v1/foods?fdcIds=<string>&format=abridged&nutrients=<integer>&api_key=<API Key>","host":["{{baseUrl}}"],"path":["v1","foods"],"query":[{"description":"(Required) List of multiple FDC ID's. Should be comma separated list (e.g. fdcIds=534358,373052) or repeating parameters (e.g. fdcIds=534358&fdcIds=373052).","key":"fdcIds","value":"<string>"},{"description":"Optional. 'abridged' for an abridged set of elements, 'full' for all elements (default).","key":"format","value":"abridged"},{"description":"Optional. List of up to 25 nutrient numbers. Only the nutrient information for the specified nutrients will be returned. Should be comma separated list (e.g. nutrients=203,204) or repeating parameters (e.g. nutrients=203&nutrients=204). If a food does not have any matching nutrients, the food will be returned with an empty foodNutrients element.","key":"nutrients","value":"<integer>"},{"description":"Added as a part of security scheme: apikey","key":"api_key","value":"<API Key>"}]}},"status":"OK","code":200,"_postman_previewlanguage":"json","header":[{"key":"Content-Type","value":"application/json"}],"cookie":[],"responseTime":null,"body":"[\n  {\n    \"fdcId\": \"<integer>\",\n    \"dataType\": \"<string>\",\n    \"description\": \"<string>\",\n    \"foodNutrients\": [\n      {\n        \"number\": \"<integer>\",\n        \"name\": \"<string>\",\n        \"amount\": \"<float>\",\n        \"unitName\": \"<string>\",\n        \"derivationCode\": \"<string>\",\n        \"derivationDescription\": \"<string>\"\n      },\n      {\n        \"number\": \"<integer>\",\n        \"name\": \"<string>\",\n        \"amount\": \"<float>\",\n        \"unitName\": \"<string>\",\n        \"derivationCode\": \"<string>\",\n        \"derivationDescription\": \"<string>\"\n      }\n    ],\n    \"publicationDate\": \"<string>\",\n    \"brandOwner\": \"<string>\",\n    \"gtinUpc\": \"<string>\",\n    \"ndbNumber\": \"<string>\",\n    \"foodCode\": \"<string>\"\n  },\n  {\n    \"fdcId\": \"<integer>\",\n    \"dataType\": \"<string>\",\n    \"description\": \"<string>\",\n    \"foodNutrients\": [\n      {\n        \"number\": \"<integer>\",\n        \"name\": \"<string>\",\n        \"amount\": \"<float>\",\n        \"unitName\": \"<string>\",\n        \"derivationCode\": \"<string>\",\n        \"derivationDescription\": \"<string>\"\n      },\n      {\n        \"number\": \"<integer>\",\n        \"name\": \"<string>\",\n        \"amount\": \"<float>\",\n        \"unitName\": \"<string>\",\n        \"derivationCode\": \"<string>\",\n        \"derivationDescription\": \"<string>\"\n      }\n    ],\n    \"publicationDate\": \"<string>\",\n    \"brandOwner\": \"<string>\",\n    \"gtinUpc\": \"<string>\",\n    \"ndbNumber\": \"<string>\",\n    \"foodCode\": \"<string>\"\n  }\n]"},{"id":"63c60b05-63ac-4d58-9ca4-5253d7b480b9","name":"bad input parameter","originalRequest":{"method":"GET","header":[],"url":{"raw":"{{baseUrl}}/v1/foods?fdcIds=<string>&format=abridged&nutrients=<integer>&api_key=<API Key>","host":["{{baseUrl}}"],"path":["v1","foods"],"query":[{"description":"(Required) List of multiple FDC ID's. Should be comma separated list (e.g. fdcIds=534358,373052) or repeating parameters (e.g. fdcIds=534358&fdcIds=373052).","key":"fdcIds","value":"<string>"},{"description":"Optional. 'abridged' for an abridged set of elements, 'full' for all elements (default).","key":"format","value":"abridged"},{"description":"Optional. List of up to 25 nutrient numbers. Only the nutrient information for the specified nutrients will be returned. Should be comma separated list (e.g. nutrients=203,204) or repeating parameters (e.g. nutrients=203&nutrients=204). If a food does not have any matching nutrients, the food will be returned with an empty foodNutrients element.","key":"nutrients","value":"<integer>"},{"description":"Added as a part of security scheme: apikey","key":"api_key","value":"<API Key>"}]}},"status":"Bad Request","code":400,"_postman_previewlanguage":"text","header":[],"cookie":[],"responseTime":null,"body":""}]},{"name":"Fetches details for multiple food items using input FDC IDs","id":"181f4209-731f-416e-9c4b-73552d7397c3","protocolProfileBehavior":{"disableBodyPruning":true},"request":{"method":"POST","header":[{"key":"Content-Type","value":"application/json"},{"key":"Accept","value":"application/json"}],"body":{"mode":"raw","raw":"{\n  \"fdcIds\": [\n    \"<integer>\"\n  ],\n  \"format\": \"full\",\n  \"nutrients\": [\n    \"<integer>\"\n  ]\n}","options":{"raw":{"headerFamily":"json","language":"json"}}},"url":{"raw":"{{baseUrl}}/v1/foods","host":["{{baseUrl}}"],"path":["v1","foods"]},"description":"Retrieves a list of food items by a list of up to 20 FDC IDs. Optional format and nutrients can be specified. Invalid FDC ID's or ones that are not found are omitted and an empty set is returned if there are no matches."},"response":[{"id":"0a620078-a289-4f92-aba9-7e12d811fe3f","name":"List of Food details matching specified FDC ID's. Invalid FDC ID's or ones that are not found are omitted.","originalRequest":{"method":"POST","header":[{"key":"Content-Type","value":"application/json"}],"body":{"mode":"raw","raw":"{\n  \"fdcIds\": [\n    \"<integer>\"\n  ],\n  \"format\": \"full\",\n  \"nutrients\": [\n    \"<integer>\"\n  ]\n}","options":{"raw":{"headerFamily":"json","language":"json"}}},"url":{"raw":"{{baseUrl}}/v1/foods?api_key=<API Key>","host":["{{baseUrl}}"],"path":["v1","foods"],"query":[{"description":"Added as a part of security scheme: apikey","key":"api_key","value":"<API Key>"}]}},"status":"OK","code":200,"_postman_previewlanguage":"json","header":[{"key":"Content-Type","value":"application/json"}],"cookie":[],"responseTime":null,"body":"[\n  {\n    \"fdcId\": \"<integer>\",\n    \"dataType\": \"<string>\",\n    \"description\": \"<string>\",\n    \"foodNutrients\": [\n      {\n        \"number\": \"<integer>\",\n        \"name\": \"<string>\",\n        \"amount\": \"<float>\",\n        \"unitName\": \"<string>\",\n        \"derivationCode\": \"<string>\",\n        \"derivationDescription\": \"<string>\"\n      },\n      {\n        \"number\": \"<integer>\",\n        \"name\": \"<string>\",\n        \"amount\": \"<float>\",\n        \"unitName\": \"<string>\",\n        \"derivationCode\": \"<string>\",\n        \"derivationDescription\": \"<string>\"\n      }\n    ],\n    \"publicationDate\": \"<string>\",\n    \"brandOwner\": \"<string>\",\n    \"gtinUpc\": \"<string>\",\n    \"ndbNumber\": \"<string>\",\n    \"foodCode\": \"<string>\"\n  },\n  {\n    \"fdcId\": \"<integer>\",\n    \"dataType\": \"<string>\",\n    \"description\": \"<string>\",\n    \"foodNutrients\": [\n      {\n        \"number\": \"<integer>\",\n        \"name\": \"<string>\",\n        \"amount\": \"<float>\",\n        \"unitName\": \"<string>\",\n        \"derivationCode\": \"<string>\",\n        \"derivationDescription\": \"<string>\"\n      },\n      {\n        \"number\": \"<integer>\",\n        \"name\": \"<string>\",\n        \"amount\": \"<float>\",\n        \"unitName\": \"<string>\",\n        \"derivationCode\": \"<string>\",\n        \"derivationDescription\": \"<string>\"\n      }\n    ],\n    \"publicationDate\": \"<string>\",\n    \"brandOwner\": \"<string>\",\n    \"gtinUpc\": \"<string>\",\n    \"ndbNumber\": \"<string>\",\n    \"foodCode\": \"<string>\"\n  }\n]"},{"id":"e87d7177-c6af-49d1-9760-7f0ccb8f8f31","name":"bad input parameter","originalRequest":{"method":"POST","header":[{"key":"Content-Type","value":"application/json"}],"body":{"mode":"raw","raw":"{\n  \"fdcIds\": [\n    \"<integer>\"\n  ],\n  \"format\": \"full\",\n  \"nutrients\": [\n    \"<integer>\"\n  ]\n}","options":{"raw":{"headerFamily":"json","language":"json"}}},"url":{"raw":"{{baseUrl}}/v1/foods?api_key=<API Key>","host":["{{baseUrl}}"],"path":["v1","foods"],"query":[{"description":"Added as a part of security scheme: apikey","key":"api_key","value":"<API Key>"}]}},"status":"Bad Request","code":400,"_postman_previewlanguage":"text","header":[],"cookie":[],"responseTime":null,"body":""}]}],"id":"3a74e3c8-3ce1-4bfa-9896-564fe6787f27"},{"name":"food","item":[{"name":"{fdcId}","item":[{"name":"Fetches details for one food item by FDC ID","id":"4d962111-fb5e-4075-984f-571765ed823a","protocolProfileBehavior":{"disableBodyPruning":true},"request":{"auth":{"type":"apikey","apikey":[{"key":"key","value":"api_key","type":"string"},{"key":"value","value":"{{apiKey}}","type":"string"},{"key":"in","value":"query","type":"string"}]},"method":"GET","header":[{"key":"Accept","value":"application/json"}],"url":{"raw":"{{baseUrl}}/v1/food/:fdcId?format=abridged&nutrients=<integer>","host":["{{baseUrl}}"],"path":["v1","food",":fdcId"],"query":[{"description":"Optional. 'abridged' for an abridged set of elements, 'full' for all elements (default).","key":"format","value":"abridged"},{"description":"Optional. List of up to 25 nutrient numbers. Only the nutrient information for the specified nutrients will be returned. Should be comma separated list (e.g. nutrients=203,204) or repeating parameters (e.g. nutrients=203&nutrients=204). If a food does not have any matching nutrients, the food will be returned with an empty foodNutrients element.","key":"nutrients","value":"<integer>"}],"variable":[{"id":"1d930168-e3d0-486c-97d8-6f1dd80965f9","key":"fdcId","value":"<string>"}]},"description":"Retrieves a single food item by an FDC ID. Optional format and nutrients can be specified."},"response":[{"id":"d74e0919-0123-4b53-914c-112212fb169b","name":"One food result.","originalRequest":{"method":"GET","header":[],"url":{"raw":"{{baseUrl}}/v1/food/:fdcId?format=abridged&nutrients=<integer>&api_key=<API Key>","host":["{{baseUrl}}"],"path":["v1","food",":fdcId"],"query":[{"description":"Optional. 'abridged' for an abridged set of elements, 'full' for all elements (default).","key":"format","value":"abridged"},{"description":"Optional. List of up to 25 nutrient numbers. Only the nutrient information for the specified nutrients will be returned. Should be comma separated list (e.g. nutrients=203,204) or repeating parameters (e.g. nutrients=203&nutrients=204). If a food does not have any matching nutrients, the food will be returned with an empty foodNutrients element.","key":"nutrients","value":"<integer>"},{"description":"Added as a part of security scheme: apikey","key":"api_key","value":"<API Key>"}],"variable":[{"key":"fdcId"}]}},"status":"OK","code":200,"_postman_previewlanguage":"json","header":[{"key":"Content-Type","value":"application/json"}],"cookie":[],"responseTime":null,"body":"{\n  \"fdcId\": \"<integer>\",\n  \"dataType\": \"<string>\",\n  \"description\": \"<string>\",\n  \"foodNutrients\": [\n    {\n      \"number\": \"<integer>\",\n      \"name\": \"<string>\",\n      \"amount\": \"<float>\",\n      \"unitName\": \"<string>\",\n      \"derivationCode\": \"<string>\",\n      \"derivationDescription\": \"<string>\"\n    },\n    {\n      \"number\": \"<integer>\",\n      \"name\": \"<string>\",\n      \"amount\": \"<float>\",\n      \"unitName\": \"<string>\",\n      \"derivationCode\": \"<string>\",\n      \"derivationDescription\": \"<string>\"\n    }\n  ],\n  \"publicationDate\": \"<string>\",\n  \"brandOwner\": \"<string>\",\n  \"gtinUpc\": \"<string>\",\n  \"ndbNumber\": \"<string>\",\n  \"foodCode\": \"<string>\"\n}"},{"id":"1d49de7f-cb60-4cc6-87bd-cef5c3c388ee","name":"bad input parameter","originalRequest":{"method":"GET","header":[],"url":{"raw":"{{baseUrl}}/v1/food/:fdcId?format=abridged&nutrients=<integer>&api_key=<API Key>","host":["{{baseUrl}}"],"path":["v1","food",":fdcId"],"query":[{"description":"Optional. 'abridged' for an abridged set of elements, 'full' for all elements (default).","key":"format","value":"abridged"},{"description":"Optional. List of up to 25 nutrient numbers. Only the nutrient information for the specified nutrients will be returned. Should be comma separated list (e.g. nutrients=203,204) or repeating parameters (e.g. nutrients=203&nutrients=204). If a food does not have any matching nutrients, the food will be returned with an empty foodNutrients element.","key":"nutrients","value":"<integer>"},{"description":"Added as a part of security scheme: apikey","key":"api_key","value":"<API Key>"}],"variable":[{"key":"fdcId"}]}},"status":"Bad Request","code":400,"_postman_previewlanguage":"text","header":[],"cookie":[],"responseTime":null,"body":""},{"id":"d1071554-13c2-4fb3-a123-03c032d066c6","name":"no results found","originalRequest":{"method":"GET","header":[],"url":{"raw":"{{baseUrl}}/v1/food/:fdcId?format=abridged&nutrients=<integer>&api_key=<API Key>","host":["{{baseUrl}}"],"path":["v1","food",":fdcId"],"query":[{"description":"Optional. 'abridged' for an abridged set of elements, 'full' for all elements (default).","key":"format","value":"abridged"},{"description":"Optional. List of up to 25 nutrient numbers. Only the nutrient information for the specified nutrients will be returned. Should be comma separated list (e.g. nutrients=203,204) or repeating parameters (e.g. nutrients=203&nutrients=204). If a food does not have any matching nutrients, the food will be returned with an empty foodNutrients element.","key":"nutrients","value":"<integer>"},{"description":"Added as a part of security scheme: apikey","key":"api_key","value":"<API Key>"}],"variable":[{"key":"fdcId"}]}},"status":"Not Found","code":404,"_postman_previewlanguage":"text","header":[],"cookie":[],"responseTime":null,"body":""}]}],"id":"2afd218c-b720-42e8-9907-cab6392365fe"}],"id":"139406fc-e6c6-4f69-b8b7-1e41dd70bccc"}],"id":"e34fe068-fefb-439b-a2ad-294e833a4fb7"}],"auth":{"type":"apikey","apikey":[{"key":"key","value":"api_key","type":"string"},{"key":"value","value":"{{apiKey}}","type":"string"},{"key":"in","value":"query","type":"string"}]},"event":[{"listen":"prerequest","script":{"id":"1883242a-1503-4fa7-ae02-862cee9ccf28","type":"text/javascript","exec":[""]}},{"listen":"test","script":{"id":"36cae4f0-4a99-44db-b638-d6410dbb7c7e","type":"text/javascript","exec":[""]}}],"variable":[{"id":"25ef0953-1119-46f9-9cdb-2f935111d95c","key":"baseUrl","value":"https://api.nal.usda.gov/fdc"},{"id":"a9112f65-ae6e-4d91-ad8a-eeef1b0b9304","key":"apiKey","value":"6yaCYffvPlZ2fcHH4jeaW4qGu090tvupdp7WAfUy","type":"string"}]}