{"info":{"_postman_id":"a007f9c3-3e35-4f90-bcf2-247f03960834","name":"Exchange Rate Broker","description":"Rest API for Exchange Rate Broker","schema":"https://schema.getpostman.com/json/collection/v2.1.0/collection.json"},"item":[{"name":"exchangerate","item":[{"name":"v4","item":[{"name":"rates","item":[{"name":"Upload custom exchange rates for an entity.","id":"bb39f93e-0394-4bd3-8c8e-6e7c9dac428b","protocolProfileBehavior":{"disableBodyPruning":true},"request":{"auth":{"type":"apikey","apikey":[{"key":"key","value":"Authorization","type":"string"},{"key":"value","value":"{{apiKey}}","type":"string"},{"key":"in","value":"header","type":"string"}]},"method":"POST","header":[{"key":"Content-Type","value":"application/json"},{"key":"Accept","value":"application/json"}],"body":{"mode":"raw","raw":"{\n  \"currency_sets\": [\n    {\n      \"from_crn_code\": \"<string>\",\n      \"rate\": \"<number>\",\n      \"start_date\": \"<string>\",\n      \"to_crn_code\": \"<string>\"\n    },\n    {\n      \"from_crn_code\": \"<string>\",\n      \"rate\": \"<number>\",\n      \"start_date\": \"<string>\",\n      \"to_crn_code\": \"<string>\"\n    }\n  ]\n}","options":{"raw":{"headerFamily":"json","language":"json"}}},"url":{"raw":"{{baseUrl}}/exchangerate/v4/rates","host":["{{baseUrl}}"],"path":["exchangerate","v4","rates"]}},"response":[{"id":"8d73c50b-d7ef-4015-8690-a18596130212","name":"Successfully uploaded exchange rates","originalRequest":{"method":"POST","header":[{"key":"Content-Type","value":"application/json"},{"key":"Accept","value":"application/json"},{"description":"Added as a part of security scheme: apikey","key":"Authorization","value":"<API Key>"}],"body":{"mode":"raw","raw":"{\n  \"currency_sets\": [\n    {\n      \"from_crn_code\": \"<string>\",\n      \"rate\": \"<number>\",\n      \"start_date\": \"<string>\",\n      \"to_crn_code\": \"<string>\"\n    },\n    {\n      \"from_crn_code\": \"<string>\",\n      \"rate\": \"<number>\",\n      \"start_date\": \"<string>\",\n      \"to_crn_code\": \"<string>\"\n    }\n  ]\n}","options":{"raw":{"headerFamily":"json","language":"json"}}},"url":{"raw":"{{baseUrl}}/exchangerate/v4/rates","host":["{{baseUrl}}"],"path":["exchangerate","v4","rates"]}},"status":"OK","code":200,"_postman_previewlanguage":"json","header":[{"key":"Content-Type","value":"application/json"}],"cookie":[],"responseTime":null,"body":"{\n  \"currencySets\": [\n    {\n      \"from_crn_code\": \"<string>\",\n      \"rate\": \"<number>\",\n      \"start_date\": \"<string>\",\n      \"statusCode\": \"<integer>\",\n      \"statusMessage\": \"<string>\",\n      \"to_crn_code\": \"<string>\"\n    },\n    {\n      \"from_crn_code\": \"<string>\",\n      \"rate\": \"<number>\",\n      \"start_date\": \"<string>\",\n      \"statusCode\": \"<integer>\",\n      \"statusMessage\": \"<string>\",\n      \"to_crn_code\": \"<string>\"\n    }\n  ],\n  \"message\": \"<string>\",\n  \"overallStatus\": \"<string>\"\n}"},{"id":"007b3c73-b1bf-409e-9670-f5a01f74a9be","name":"Invalid request received","originalRequest":{"method":"POST","header":[{"key":"Content-Type","value":"application/json"},{"key":"Accept","value":"application/json"},{"description":"Added as a part of security scheme: apikey","key":"Authorization","value":"<API Key>"}],"body":{"mode":"raw","raw":"{\n  \"currency_sets\": [\n    {\n      \"from_crn_code\": \"<string>\",\n      \"rate\": \"<number>\",\n      \"start_date\": \"<string>\",\n      \"to_crn_code\": \"<string>\"\n    },\n    {\n      \"from_crn_code\": \"<string>\",\n      \"rate\": \"<number>\",\n      \"start_date\": \"<string>\",\n      \"to_crn_code\": \"<string>\"\n    }\n  ]\n}","options":{"raw":{"headerFamily":"json","language":"json"}}},"url":{"raw":"{{baseUrl}}/exchangerate/v4/rates","host":["{{baseUrl}}"],"path":["exchangerate","v4","rates"]}},"status":"Bad Request","code":400,"_postman_previewlanguage":"json","header":[{"key":"Content-Type","value":"application/json"}],"cookie":[],"responseTime":null,"body":"{\n  \"errorMessage\": \"<string>\",\n  \"httpStatus\": \"<string>\",\n  \"path\": \"<string>\",\n  \"timestamp\": \"<dateTime>\",\n  \"errorId\": \"<string>\",\n  \"validationErrors\": [\n    {\n      \"message\": \"<string>\",\n      \"source\": \"<string>\"\n    },\n    {\n      \"message\": \"<string>\",\n      \"source\": \"<string>\"\n    }\n  ]\n}"},{"id":"1e250f8f-5c14-4f31-8a7e-4797e7541eb8","name":"Access Denied","originalRequest":{"method":"POST","header":[{"key":"Content-Type","value":"application/json"},{"key":"Accept","value":"application/json"},{"description":"Added as a part of security scheme: apikey","key":"Authorization","value":"<API Key>"}],"body":{"mode":"raw","raw":"{\n  \"currency_sets\": [\n    {\n      \"from_crn_code\": \"<string>\",\n      \"rate\": \"<number>\",\n      \"start_date\": \"<string>\",\n      \"to_crn_code\": \"<string>\"\n    },\n    {\n      \"from_crn_code\": \"<string>\",\n      \"rate\": \"<number>\",\n      \"start_date\": \"<string>\",\n      \"to_crn_code\": \"<string>\"\n    }\n  ]\n}","options":{"raw":{"headerFamily":"json","language":"json"}}},"url":{"raw":"{{baseUrl}}/exchangerate/v4/rates","host":["{{baseUrl}}"],"path":["exchangerate","v4","rates"]}},"status":"Unauthorized","code":401,"_postman_previewlanguage":"json","header":[{"key":"Content-Type","value":"application/json"}],"cookie":[],"responseTime":null,"body":"{\n  \"errorMessage\": \"<string>\",\n  \"httpStatus\": \"<string>\",\n  \"path\": \"<string>\",\n  \"timestamp\": \"<dateTime>\",\n  \"errorId\": \"<string>\",\n  \"validationErrors\": [\n    {\n      \"message\": \"<string>\",\n      \"source\": \"<string>\"\n    },\n    {\n      \"message\": \"<string>\",\n      \"source\": \"<string>\"\n    }\n  ]\n}"},{"id":"9cd3b5e7-a2e0-41d3-8150-bae34fa517ec","name":"Invalid JWT. Expected a valid company JWT","originalRequest":{"method":"POST","header":[{"key":"Content-Type","value":"application/json"},{"key":"Accept","value":"application/json"},{"description":"Added as a part of security scheme: apikey","key":"Authorization","value":"<API Key>"}],"body":{"mode":"raw","raw":"{\n  \"currency_sets\": [\n    {\n      \"from_crn_code\": \"<string>\",\n      \"rate\": \"<number>\",\n      \"start_date\": \"<string>\",\n      \"to_crn_code\": \"<string>\"\n    },\n    {\n      \"from_crn_code\": \"<string>\",\n      \"rate\": \"<number>\",\n      \"start_date\": \"<string>\",\n      \"to_crn_code\": \"<string>\"\n    }\n  ]\n}","options":{"raw":{"headerFamily":"json","language":"json"}}},"url":{"raw":"{{baseUrl}}/exchangerate/v4/rates","host":["{{baseUrl}}"],"path":["exchangerate","v4","rates"]}},"status":"Forbidden","code":403,"_postman_previewlanguage":"json","header":[{"key":"Content-Type","value":"application/json"}],"cookie":[],"responseTime":null,"body":"{\n  \"errorMessage\": \"<string>\",\n  \"httpStatus\": \"<string>\",\n  \"path\": \"<string>\",\n  \"timestamp\": \"<dateTime>\",\n  \"errorId\": \"<string>\",\n  \"validationErrors\": [\n    {\n      \"message\": \"<string>\",\n      \"source\": \"<string>\"\n    },\n    {\n      \"message\": \"<string>\",\n      \"source\": \"<string>\"\n    }\n  ]\n}"},{"id":"c3e8098c-5fec-401f-999c-e99cd469e850","name":"Unable to find exchange rate","originalRequest":{"method":"POST","header":[{"key":"Content-Type","value":"application/json"},{"key":"Accept","value":"application/json"},{"description":"Added as a part of security scheme: apikey","key":"Authorization","value":"<API Key>"}],"body":{"mode":"raw","raw":"{\n  \"currency_sets\": [\n    {\n      \"from_crn_code\": \"<string>\",\n      \"rate\": \"<number>\",\n      \"start_date\": \"<string>\",\n      \"to_crn_code\": \"<string>\"\n    },\n    {\n      \"from_crn_code\": \"<string>\",\n      \"rate\": \"<number>\",\n      \"start_date\": \"<string>\",\n      \"to_crn_code\": \"<string>\"\n    }\n  ]\n}","options":{"raw":{"headerFamily":"json","language":"json"}}},"url":{"raw":"{{baseUrl}}/exchangerate/v4/rates","host":["{{baseUrl}}"],"path":["exchangerate","v4","rates"]}},"status":"Not Found","code":404,"_postman_previewlanguage":"json","header":[{"key":"Content-Type","value":"application/json"}],"cookie":[],"responseTime":null,"body":"{\n  \"errorMessage\": \"<string>\",\n  \"httpStatus\": \"<string>\",\n  \"path\": \"<string>\",\n  \"timestamp\": \"<dateTime>\",\n  \"errorId\": \"<string>\",\n  \"validationErrors\": [\n    {\n      \"message\": \"<string>\",\n      \"source\": \"<string>\"\n    },\n    {\n      \"message\": \"<string>\",\n      \"source\": \"<string>\"\n    }\n  ]\n}"},{"id":"fe906b02-d43f-47e1-bec4-8e0829c5b017","name":"Internal server error, please contact the administrator.","originalRequest":{"method":"POST","header":[{"key":"Content-Type","value":"application/json"},{"key":"Accept","value":"application/json"},{"description":"Added as a part of security scheme: apikey","key":"Authorization","value":"<API Key>"}],"body":{"mode":"raw","raw":"{\n  \"currency_sets\": [\n    {\n      \"from_crn_code\": \"<string>\",\n      \"rate\": \"<number>\",\n      \"start_date\": \"<string>\",\n      \"to_crn_code\": \"<string>\"\n    },\n    {\n      \"from_crn_code\": \"<string>\",\n      \"rate\": \"<number>\",\n      \"start_date\": \"<string>\",\n      \"to_crn_code\": \"<string>\"\n    }\n  ]\n}","options":{"raw":{"headerFamily":"json","language":"json"}}},"url":{"raw":"{{baseUrl}}/exchangerate/v4/rates","host":["{{baseUrl}}"],"path":["exchangerate","v4","rates"]}},"status":"Internal Server Error","code":500,"_postman_previewlanguage":"json","header":[{"key":"Content-Type","value":"application/json"}],"cookie":[],"responseTime":null,"body":"{\n  \"errorMessage\": \"<string>\",\n  \"httpStatus\": \"<string>\",\n  \"path\": \"<string>\",\n  \"timestamp\": \"<dateTime>\",\n  \"errorId\": \"<string>\",\n  \"validationErrors\": [\n    {\n      \"message\": \"<string>\",\n      \"source\": \"<string>\"\n    },\n    {\n      \"message\": \"<string>\",\n      \"source\": \"<string>\"\n    }\n  ]\n}"},{"id":"254dde0f-5133-4780-a172-657aef26f43c","name":"The service is unavailable either due to being offline or refusing the connection","originalRequest":{"method":"POST","header":[{"key":"Content-Type","value":"application/json"},{"key":"Accept","value":"application/json"},{"description":"Added as a part of security scheme: apikey","key":"Authorization","value":"<API Key>"}],"body":{"mode":"raw","raw":"{\n  \"currency_sets\": [\n    {\n      \"from_crn_code\": \"<string>\",\n      \"rate\": \"<number>\",\n      \"start_date\": \"<string>\",\n      \"to_crn_code\": \"<string>\"\n    },\n    {\n      \"from_crn_code\": \"<string>\",\n      \"rate\": \"<number>\",\n      \"start_date\": \"<string>\",\n      \"to_crn_code\": \"<string>\"\n    }\n  ]\n}","options":{"raw":{"headerFamily":"json","language":"json"}}},"url":{"raw":"{{baseUrl}}/exchangerate/v4/rates","host":["{{baseUrl}}"],"path":["exchangerate","v4","rates"]}},"status":"Service Unavailable","code":503,"_postman_previewlanguage":"json","header":[{"key":"Content-Type","value":"application/json"}],"cookie":[],"responseTime":null,"body":"{\n  \"errorMessage\": \"<string>\",\n  \"httpStatus\": \"<string>\",\n  \"path\": \"<string>\",\n  \"timestamp\": \"<dateTime>\",\n  \"errorId\": \"<string>\",\n  \"validationErrors\": [\n    {\n      \"message\": \"<string>\",\n      \"source\": \"<string>\"\n    },\n    {\n      \"message\": \"<string>\",\n      \"source\": \"<string>\"\n    }\n  ]\n}"}]}],"id":"fbc003f1-4fbf-414d-889d-c92784275d50"}],"id":"d2e5e261-088c-42c1-81f2-936845563197"}],"id":"3bb551d9-5b3e-41e0-8a0b-cec377013281"}],"auth":{"type":"bearer","bearer":[{"key":"token","value":"{{accessToken}}","type":"string"}]},"event":[{"listen":"prerequest","script":{"id":"535a5dc2-b088-499d-a8b7-d42274ded46b","type":"text/javascript","exec":[""]}},{"listen":"test","script":{"id":"ea2a1dbb-5ca2-4b82-b9c2-38cf1d36dc2e","type":"text/javascript","exec":[""]}}],"variable":[{"id":"c20d29ab-593d-4274-b44e-a8ad570dbdc8","key":"baseUrl","value":"//us.api.concursolutions.com"}]}