{"info":{"_postman_id":"a2d2ba6a-abd7-4028-9b57-2b01b43bb62d","name":"List","description":"Provides an automated solution to clients who would like to manage lists. This API provides methods to view, add, update or delete lists.","schema":"https://schema.getpostman.com/json/collection/v2.1.0/collection.json"},"item":[{"name":"list","item":[{"name":"v4","item":[{"name":"categories","item":[{"name":"{categoryId}","item":[{"name":"lists","item":[{"name":"Get the lists for a given category ID","id":"6178a9c6-465a-47fb-976c-2d375f57f833","protocolProfileBehavior":{"disableBodyPruning":true},"request":{"method":"GET","header":[{"description":"Language code","key":"Accept-Language","value":"<string>"},{"key":"Accept","value":"application/json"}],"url":{"raw":"{{baseUrl}}/list/v4/categories/:categoryId/lists?page=1","host":["{{baseUrl}}"],"path":["list","v4","categories",":categoryId","lists"],"query":[{"key":"page","value":"1","description":"Page number starting from 1"}],"variable":[{"key":"categoryId","value":"c0155613-e1bf-494d-b388-26312386643c"}]},"description":"Returns the lists for the category"},"response":[{"id":"5f20b0d1-30b1-494f-8a10-655f7e875c81","name":"Successfully got all lists of list category","originalRequest":{"method":"GET","header":[{"description":"Language code","key":"Accept-Language","value":"<string>"},{"key":"Accept","value":"application/json"}],"url":{"raw":"{{baseUrl}}/list/v4/categories/:categoryId/lists?page=1","host":["{{baseUrl}}"],"path":["list","v4","categories",":categoryId","lists"],"query":[{"description":"Page number starting from 1","key":"page","value":"1"}],"variable":[{"key":"categoryId"}]}},"status":"OK","code":200,"_postman_previewlanguage":"json","header":[{"key":"Content-Type","value":"application/json"}],"cookie":[],"responseTime":null,"body":"{\n  \"content\": [\n    {\n      \"id\": \"<uuid>\",\n      \"value\": \"<string>\",\n      \"category\": {\n        \"id\": \"<uuid>\",\n        \"type\": \"<string>\"\n      },\n      \"levelCount\": \"<integer>\",\n      \"searchCriteria\": \"<string>\",\n      \"displayFormat\": \"<string>\",\n      \"isReadOnly\": \"<boolean>\",\n      \"isDeleted\": \"<boolean>\",\n      \"managedBy\": \"<string>\"\n    },\n    {\n      \"id\": \"<uuid>\",\n      \"value\": \"<string>\",\n      \"category\": {\n        \"id\": \"<uuid>\",\n        \"type\": \"<string>\"\n      },\n      \"levelCount\": \"<integer>\",\n      \"searchCriteria\": \"<string>\",\n      \"displayFormat\": \"<string>\",\n      \"isReadOnly\": \"<boolean>\",\n      \"isDeleted\": \"<boolean>\",\n      \"managedBy\": \"<string>\"\n    }\n  ],\n  \"links\": [\n    {\n      \"href\": \"<string>\",\n      \"rel\": \"<string>\"\n    },\n    {\n      \"href\": \"<string>\",\n      \"rel\": \"<string>\"\n    }\n  ],\n  \"page\": {\n    \"number\": \"<long>\",\n    \"size\": \"<long>\",\n    \"totalElements\": \"<long>\",\n    \"totalPages\": \"<long>\"\n  }\n}"},{"id":"ea3c51e7-150e-42b2-969f-6fb50d477d13","name":"Company does not exist","originalRequest":{"method":"GET","header":[{"description":"Language code","key":"Accept-Language","value":"<string>"},{"key":"Accept","value":"application/json"}],"url":{"raw":"{{baseUrl}}/list/v4/categories/:categoryId/lists?page=1","host":["{{baseUrl}}"],"path":["list","v4","categories",":categoryId","lists"],"query":[{"description":"Page number starting from 1","key":"page","value":"1"}],"variable":[{"key":"categoryId"}]}},"status":"Bad Request","code":400,"_postman_previewlanguage":"json","header":[{"key":"Content-Type","value":"application/json"}],"cookie":[],"responseTime":null,"body":"{\n  \"error\": {\n    \"id\": \"<string>\",\n    \"message\": \"<string>\"\n  },\n  \"httpStatus\": \"<string>\",\n  \"path\": \"<string>\",\n  \"timestamp\": \"<dateTime>\",\n  \"validationErrors\": [\n    {\n      \"message\": \"<string>\",\n      \"source\": \"<string>\"\n    },\n    {\n      \"message\": \"<string>\",\n      \"source\": \"<string>\"\n    }\n  ]\n}"},{"id":"c00bdee4-6e0b-409c-bc5c-4a435db8b880","name":"Access Denied","originalRequest":{"method":"GET","header":[{"description":"Language code","key":"Accept-Language","value":"<string>"},{"key":"Accept","value":"application/json"}],"url":{"raw":"{{baseUrl}}/list/v4/categories/:categoryId/lists?page=1","host":["{{baseUrl}}"],"path":["list","v4","categories",":categoryId","lists"],"query":[{"description":"Page number starting from 1","key":"page","value":"1"}],"variable":[{"key":"categoryId"}]}},"status":"Unauthorized","code":401,"_postman_previewlanguage":"json","header":[{"key":"Content-Type","value":"application/json"}],"cookie":[],"responseTime":null,"body":"{\n  \"error\": {\n    \"id\": \"<string>\",\n    \"message\": \"<string>\"\n  },\n  \"httpStatus\": \"<string>\",\n  \"path\": \"<string>\",\n  \"timestamp\": \"<dateTime>\",\n  \"validationErrors\": [\n    {\n      \"message\": \"<string>\",\n      \"source\": \"<string>\"\n    },\n    {\n      \"message\": \"<string>\",\n      \"source\": \"<string>\"\n    }\n  ]\n}"},{"id":"b7d21a39-4ee7-46a5-a1c9-e64b685b0f5e","name":"List category not found","originalRequest":{"method":"GET","header":[{"description":"Language code","key":"Accept-Language","value":"<string>"},{"key":"Accept","value":"application/json"}],"url":{"raw":"{{baseUrl}}/list/v4/categories/:categoryId/lists?page=1","host":["{{baseUrl}}"],"path":["list","v4","categories",":categoryId","lists"],"query":[{"description":"Page number starting from 1","key":"page","value":"1"}],"variable":[{"key":"categoryId"}]}},"status":"Not Found","code":404,"_postman_previewlanguage":"json","header":[{"key":"Content-Type","value":"application/json"}],"cookie":[],"responseTime":null,"body":"{\n  \"error\": {\n    \"id\": \"<string>\",\n    \"message\": \"<string>\"\n  },\n  \"httpStatus\": \"<string>\",\n  \"path\": \"<string>\",\n  \"timestamp\": \"<dateTime>\",\n  \"validationErrors\": [\n    {\n      \"message\": \"<string>\",\n      \"source\": \"<string>\"\n    },\n    {\n      \"message\": \"<string>\",\n      \"source\": \"<string>\"\n    }\n  ]\n}"},{"id":"5144fafe-8aba-4d7d-8c0e-835af2612cea","name":"Internal server error","originalRequest":{"method":"GET","header":[{"description":"Language code","key":"Accept-Language","value":"<string>"},{"key":"Accept","value":"application/json"}],"url":{"raw":"{{baseUrl}}/list/v4/categories/:categoryId/lists?page=1","host":["{{baseUrl}}"],"path":["list","v4","categories",":categoryId","lists"],"query":[{"description":"Page number starting from 1","key":"page","value":"1"}],"variable":[{"key":"categoryId"}]}},"status":"Internal Server Error","code":500,"_postman_previewlanguage":"json","header":[{"key":"Content-Type","value":"application/json"}],"cookie":[],"responseTime":null,"body":"{\n  \"error\": {\n    \"id\": \"<string>\",\n    \"message\": \"<string>\"\n  },\n  \"httpStatus\": \"<string>\",\n  \"path\": \"<string>\",\n  \"timestamp\": \"<dateTime>\",\n  \"validationErrors\": [\n    {\n      \"message\": \"<string>\",\n      \"source\": \"<string>\"\n    },\n    {\n      \"message\": \"<string>\",\n      \"source\": \"<string>\"\n    }\n  ]\n}"}]}],"id":"70c962c8-b310-42a1-959c-93ba2dda50c0"}],"id":"5090aa58-5ca6-4c50-8d36-955e1aa1f521"}],"id":"608ba6c6-f5c6-4777-a535-dda441525820"},{"name":"lists","item":[{"name":"{listId}","item":[{"name":"Get a list with provided list ID","id":"cb2ebffc-3163-4e81-91da-40191788e4c1","protocolProfileBehavior":{"disableBodyPruning":true},"request":{"method":"GET","header":[{"description":"Language code","key":"Accept-Language","value":"<string>"},{"key":"Accept","value":"application/json"}],"url":{"raw":"{{baseUrl}}/list/v4/lists/:listId","host":["{{baseUrl}}"],"path":["list","v4","lists",":listId"],"variable":[{"id":"3123ff60-2bb4-4c20-9834-5429defca359","key":"listId","value":"<uuid>"}]},"description":"Returns an existing list"},"response":[{"id":"03d9343d-31b3-4bc3-86dd-32d20a833222","name":"Successfully get list","originalRequest":{"method":"GET","header":[{"description":"Language code","key":"Accept-Language","value":"<string>"},{"key":"Accept","value":"application/json"}],"url":{"raw":"{{baseUrl}}/list/v4/lists/:listId","host":["{{baseUrl}}"],"path":["list","v4","lists",":listId"],"variable":[{"key":"listId"}]}},"status":"OK","code":200,"_postman_previewlanguage":"json","header":[{"key":"Content-Type","value":"application/json"}],"cookie":[],"responseTime":null,"body":"{\n  \"id\": \"<uuid>\",\n  \"value\": \"<string>\",\n  \"category\": {\n    \"id\": \"<uuid>\",\n    \"type\": \"<string>\"\n  },\n  \"levelCount\": \"<integer>\",\n  \"searchCriteria\": \"<string>\",\n  \"displayFormat\": \"<string>\",\n  \"isReadOnly\": \"<boolean>\",\n  \"isDeleted\": \"<boolean>\",\n  \"managedBy\": \"<string>\"\n}"},{"id":"815a35d8-2d0d-4255-abda-546b306fcfa0","name":"Company does not exist","originalRequest":{"method":"GET","header":[{"description":"Language code","key":"Accept-Language","value":"<string>"},{"key":"Accept","value":"application/json"}],"url":{"raw":"{{baseUrl}}/list/v4/lists/:listId","host":["{{baseUrl}}"],"path":["list","v4","lists",":listId"],"variable":[{"key":"listId"}]}},"status":"Bad Request","code":400,"_postman_previewlanguage":"json","header":[{"key":"Content-Type","value":"application/json"}],"cookie":[],"responseTime":null,"body":"{\n  \"error\": {\n    \"id\": \"<string>\",\n    \"message\": \"<string>\"\n  },\n  \"httpStatus\": \"<string>\",\n  \"path\": \"<string>\",\n  \"timestamp\": \"<dateTime>\",\n  \"validationErrors\": [\n    {\n      \"message\": \"<string>\",\n      \"source\": \"<string>\"\n    },\n    {\n      \"message\": \"<string>\",\n      \"source\": \"<string>\"\n    }\n  ]\n}"},{"id":"86e42102-579c-4837-8fc3-a0790e837985","name":"Access Denied","originalRequest":{"method":"GET","header":[{"description":"Language code","key":"Accept-Language","value":"<string>"},{"key":"Accept","value":"application/json"}],"url":{"raw":"{{baseUrl}}/list/v4/lists/:listId","host":["{{baseUrl}}"],"path":["list","v4","lists",":listId"],"variable":[{"key":"listId"}]}},"status":"Unauthorized","code":401,"_postman_previewlanguage":"json","header":[{"key":"Content-Type","value":"application/json"}],"cookie":[],"responseTime":null,"body":"{\n  \"error\": {\n    \"id\": \"<string>\",\n    \"message\": \"<string>\"\n  },\n  \"httpStatus\": \"<string>\",\n  \"path\": \"<string>\",\n  \"timestamp\": \"<dateTime>\",\n  \"validationErrors\": [\n    {\n      \"message\": \"<string>\",\n      \"source\": \"<string>\"\n    },\n    {\n      \"message\": \"<string>\",\n      \"source\": \"<string>\"\n    }\n  ]\n}"},{"id":"c64c75d0-a14e-46d4-b088-e71c81234de6","name":"List not found","originalRequest":{"method":"GET","header":[{"description":"Language code","key":"Accept-Language","value":"<string>"},{"key":"Accept","value":"application/json"}],"url":{"raw":"{{baseUrl}}/list/v4/lists/:listId","host":["{{baseUrl}}"],"path":["list","v4","lists",":listId"],"variable":[{"key":"listId"}]}},"status":"Not Found","code":404,"_postman_previewlanguage":"json","header":[{"key":"Content-Type","value":"application/json"}],"cookie":[],"responseTime":null,"body":"{\n  \"error\": {\n    \"id\": \"<string>\",\n    \"message\": \"<string>\"\n  },\n  \"httpStatus\": \"<string>\",\n  \"path\": \"<string>\",\n  \"timestamp\": \"<dateTime>\",\n  \"validationErrors\": [\n    {\n      \"message\": \"<string>\",\n      \"source\": \"<string>\"\n    },\n    {\n      \"message\": \"<string>\",\n      \"source\": \"<string>\"\n    }\n  ]\n}"},{"id":"09136dba-b111-4487-87f8-837c85c8e0f0","name":"Internal server error","originalRequest":{"method":"GET","header":[{"description":"Language code","key":"Accept-Language","value":"<string>"},{"key":"Accept","value":"application/json"}],"url":{"raw":"{{baseUrl}}/list/v4/lists/:listId","host":["{{baseUrl}}"],"path":["list","v4","lists",":listId"],"variable":[{"key":"listId"}]}},"status":"Internal Server Error","code":500,"_postman_previewlanguage":"json","header":[{"key":"Content-Type","value":"application/json"}],"cookie":[],"responseTime":null,"body":"{\n  \"error\": {\n    \"id\": \"<string>\",\n    \"message\": \"<string>\"\n  },\n  \"httpStatus\": \"<string>\",\n  \"path\": \"<string>\",\n  \"timestamp\": \"<dateTime>\",\n  \"validationErrors\": [\n    {\n      \"message\": \"<string>\",\n      \"source\": \"<string>\"\n    },\n    {\n      \"message\": \"<string>\",\n      \"source\": \"<string>\"\n    }\n  ]\n}"}]},{"name":"Update a list with provided request body","id":"b804d48f-4a34-495f-bbda-17c02a503fbc","protocolProfileBehavior":{"disableBodyPruning":true},"request":{"method":"PUT","header":[{"description":"Language code","key":"Accept-Language","value":"<string>"},{"key":"Content-Type","value":"application/json"},{"key":"Accept","value":"application/json"}],"body":{"mode":"raw","raw":"{\n  \"value\": \"<string>\",\n  \"searchCriteria\": \"TEXT\",\n  \"displayFormat\": \"(CODE) TEXT\",\n  \"isManaged\": \"<boolean>\"\n}","options":{"raw":{"headerFamily":"json","language":"json"}}},"url":{"raw":"{{baseUrl}}/list/v4/lists/:listId","host":["{{baseUrl}}"],"path":["list","v4","lists",":listId"],"variable":[{"id":"2dab66ad-4362-4aac-a381-ec75e023b49d","key":"listId","value":"<uuid>"}]},"description":"Returns the updated list"},"response":[{"id":"cc885037-35cf-4cd7-9204-79ff1122e72b","name":"Successfully updated the list","originalRequest":{"method":"PUT","header":[{"description":"Language code","key":"Accept-Language","value":"<string>"},{"key":"Content-Type","value":"application/json"},{"key":"Accept","value":"application/json"}],"body":{"mode":"raw","raw":"{\n  \"value\": \"<string>\",\n  \"searchCriteria\": \"TEXT\",\n  \"displayFormat\": \"(CODE) TEXT\",\n  \"isManaged\": \"<boolean>\"\n}","options":{"raw":{"headerFamily":"json","language":"json"}}},"url":{"raw":"{{baseUrl}}/list/v4/lists/:listId","host":["{{baseUrl}}"],"path":["list","v4","lists",":listId"],"variable":[{"key":"listId"}]}},"status":"OK","code":200,"_postman_previewlanguage":"json","header":[{"key":"Content-Type","value":"application/json"}],"cookie":[],"responseTime":null,"body":"{\n  \"id\": \"<uuid>\",\n  \"value\": \"<string>\",\n  \"category\": {\n    \"id\": \"<uuid>\",\n    \"type\": \"<string>\"\n  },\n  \"levelCount\": \"<integer>\",\n  \"searchCriteria\": \"<string>\",\n  \"displayFormat\": \"<string>\",\n  \"isReadOnly\": \"<boolean>\",\n  \"isDeleted\": \"<boolean>\",\n  \"managedBy\": \"<string>\"\n}"},{"id":"2c4772f2-cfc3-490c-9b8c-7e7a8a55b889","name":"Company does not exist","originalRequest":{"method":"PUT","header":[{"description":"Language code","key":"Accept-Language","value":"<string>"},{"key":"Content-Type","value":"application/json"},{"key":"Accept","value":"application/json"}],"body":{"mode":"raw","raw":"{\n  \"value\": \"<string>\",\n  \"searchCriteria\": \"TEXT\",\n  \"displayFormat\": \"(CODE) TEXT\",\n  \"isManaged\": \"<boolean>\"\n}","options":{"raw":{"headerFamily":"json","language":"json"}}},"url":{"raw":"{{baseUrl}}/list/v4/lists/:listId","host":["{{baseUrl}}"],"path":["list","v4","lists",":listId"],"variable":[{"key":"listId"}]}},"status":"Bad Request","code":400,"_postman_previewlanguage":"json","header":[{"key":"Content-Type","value":"application/json"}],"cookie":[],"responseTime":null,"body":"{\n  \"error\": {\n    \"id\": \"<string>\",\n    \"message\": \"<string>\"\n  },\n  \"httpStatus\": \"<string>\",\n  \"path\": \"<string>\",\n  \"timestamp\": \"<dateTime>\",\n  \"validationErrors\": [\n    {\n      \"message\": \"<string>\",\n      \"source\": \"<string>\"\n    },\n    {\n      \"message\": \"<string>\",\n      \"source\": \"<string>\"\n    }\n  ]\n}"},{"id":"d5336270-b83c-4a66-9005-95b4b75c4cec","name":"Access Denied","originalRequest":{"method":"PUT","header":[{"description":"Language code","key":"Accept-Language","value":"<string>"},{"key":"Content-Type","value":"application/json"},{"key":"Accept","value":"application/json"}],"body":{"mode":"raw","raw":"{\n  \"value\": \"<string>\",\n  \"searchCriteria\": \"TEXT\",\n  \"displayFormat\": \"(CODE) TEXT\",\n  \"isManaged\": \"<boolean>\"\n}","options":{"raw":{"headerFamily":"json","language":"json"}}},"url":{"raw":"{{baseUrl}}/list/v4/lists/:listId","host":["{{baseUrl}}"],"path":["list","v4","lists",":listId"],"variable":[{"key":"listId"}]}},"status":"Unauthorized","code":401,"_postman_previewlanguage":"json","header":[{"key":"Content-Type","value":"application/json"}],"cookie":[],"responseTime":null,"body":"{\n  \"error\": {\n    \"id\": \"<string>\",\n    \"message\": \"<string>\"\n  },\n  \"httpStatus\": \"<string>\",\n  \"path\": \"<string>\",\n  \"timestamp\": \"<dateTime>\",\n  \"validationErrors\": [\n    {\n      \"message\": \"<string>\",\n      \"source\": \"<string>\"\n    },\n    {\n      \"message\": \"<string>\",\n      \"source\": \"<string>\"\n    }\n  ]\n}"},{"id":"56e4bf26-fe69-4953-9afd-b90b85d215c8","name":"Forbidden","originalRequest":{"method":"PUT","header":[{"description":"Language code","key":"Accept-Language","value":"<string>"},{"key":"Content-Type","value":"application/json"},{"key":"Accept","value":"application/json"}],"body":{"mode":"raw","raw":"{\n  \"value\": \"<string>\",\n  \"searchCriteria\": \"TEXT\",\n  \"displayFormat\": \"(CODE) TEXT\",\n  \"isManaged\": \"<boolean>\"\n}","options":{"raw":{"headerFamily":"json","language":"json"}}},"url":{"raw":"{{baseUrl}}/list/v4/lists/:listId","host":["{{baseUrl}}"],"path":["list","v4","lists",":listId"],"variable":[{"key":"listId"}]}},"status":"Forbidden","code":403,"_postman_previewlanguage":"json","header":[{"key":"Content-Type","value":"application/json"}],"cookie":[],"responseTime":null,"body":"{\n  \"error\": {\n    \"id\": \"<string>\",\n    \"message\": \"<string>\"\n  },\n  \"httpStatus\": \"<string>\",\n  \"path\": \"<string>\",\n  \"timestamp\": \"<dateTime>\",\n  \"validationErrors\": [\n    {\n      \"message\": \"<string>\",\n      \"source\": \"<string>\"\n    },\n    {\n      \"message\": \"<string>\",\n      \"source\": \"<string>\"\n    }\n  ]\n}"},{"id":"60cc591d-3d90-48d5-b338-5da6c13556f0","name":"List not found","originalRequest":{"method":"PUT","header":[{"description":"Language code","key":"Accept-Language","value":"<string>"},{"key":"Content-Type","value":"application/json"},{"key":"Accept","value":"application/json"}],"body":{"mode":"raw","raw":"{\n  \"value\": \"<string>\",\n  \"searchCriteria\": \"TEXT\",\n  \"displayFormat\": \"(CODE) TEXT\",\n  \"isManaged\": \"<boolean>\"\n}","options":{"raw":{"headerFamily":"json","language":"json"}}},"url":{"raw":"{{baseUrl}}/list/v4/lists/:listId","host":["{{baseUrl}}"],"path":["list","v4","lists",":listId"],"variable":[{"key":"listId"}]}},"status":"Not Found","code":404,"_postman_previewlanguage":"json","header":[{"key":"Content-Type","value":"application/json"}],"cookie":[],"responseTime":null,"body":"{\n  \"error\": {\n    \"id\": \"<string>\",\n    \"message\": \"<string>\"\n  },\n  \"httpStatus\": \"<string>\",\n  \"path\": \"<string>\",\n  \"timestamp\": \"<dateTime>\",\n  \"validationErrors\": [\n    {\n      \"message\": \"<string>\",\n      \"source\": \"<string>\"\n    },\n    {\n      \"message\": \"<string>\",\n      \"source\": \"<string>\"\n    }\n  ]\n}"},{"id":"8a0f5131-b82d-47cc-aeab-1a1f7b0c2b11","name":"The specified media type is not supported","originalRequest":{"method":"PUT","header":[{"description":"Language code","key":"Accept-Language","value":"<string>"},{"key":"Content-Type","value":"application/json"},{"key":"Accept","value":"application/json"}],"body":{"mode":"raw","raw":"{\n  \"value\": \"<string>\",\n  \"searchCriteria\": \"TEXT\",\n  \"displayFormat\": \"(CODE) TEXT\",\n  \"isManaged\": \"<boolean>\"\n}","options":{"raw":{"headerFamily":"json","language":"json"}}},"url":{"raw":"{{baseUrl}}/list/v4/lists/:listId","host":["{{baseUrl}}"],"path":["list","v4","lists",":listId"],"variable":[{"key":"listId"}]}},"status":"Unsupported Media Type","code":415,"_postman_previewlanguage":"json","header":[{"key":"Content-Type","value":"application/json"}],"cookie":[],"responseTime":null,"body":"{\n  \"error\": {\n    \"id\": \"<string>\",\n    \"message\": \"<string>\"\n  },\n  \"httpStatus\": \"<string>\",\n  \"path\": \"<string>\",\n  \"timestamp\": \"<dateTime>\",\n  \"validationErrors\": [\n    {\n      \"message\": \"<string>\",\n      \"source\": \"<string>\"\n    },\n    {\n      \"message\": \"<string>\",\n      \"source\": \"<string>\"\n    }\n  ]\n}"},{"id":"c61489d3-b714-47d0-b86e-331beca099ec","name":"Internal server error","originalRequest":{"method":"PUT","header":[{"description":"Language code","key":"Accept-Language","value":"<string>"},{"key":"Content-Type","value":"application/json"},{"key":"Accept","value":"application/json"}],"body":{"mode":"raw","raw":"{\n  \"value\": \"<string>\",\n  \"searchCriteria\": \"TEXT\",\n  \"displayFormat\": \"(CODE) TEXT\",\n  \"isManaged\": \"<boolean>\"\n}","options":{"raw":{"headerFamily":"json","language":"json"}}},"url":{"raw":"{{baseUrl}}/list/v4/lists/:listId","host":["{{baseUrl}}"],"path":["list","v4","lists",":listId"],"variable":[{"key":"listId"}]}},"status":"Internal Server Error","code":500,"_postman_previewlanguage":"json","header":[{"key":"Content-Type","value":"application/json"}],"cookie":[],"responseTime":null,"body":"{\n  \"error\": {\n    \"id\": \"<string>\",\n    \"message\": \"<string>\"\n  },\n  \"httpStatus\": \"<string>\",\n  \"path\": \"<string>\",\n  \"timestamp\": \"<dateTime>\",\n  \"validationErrors\": [\n    {\n      \"message\": \"<string>\",\n      \"source\": \"<string>\"\n    },\n    {\n      \"message\": \"<string>\",\n      \"source\": \"<string>\"\n    }\n  ]\n}"}]},{"name":"Delete a list","id":"3799ed23-71de-4e62-9c2e-19c921fbcecb","protocolProfileBehavior":{"disableBodyPruning":true},"request":{"method":"DELETE","header":[{"key":"Accept","value":"application/json"}],"url":{"raw":"{{baseUrl}}/list/v4/lists/:listId","host":["{{baseUrl}}"],"path":["list","v4","lists",":listId"],"variable":[{"id":"f9089ffd-45a4-43cf-a500-df7b4ff2af09","key":"listId","value":"<uuid>"}]},"description":"Returns a status code result"},"response":[{"id":"225549ef-219b-4790-ad61-a8b10bb1c757","name":"List resource no longer in system.","originalRequest":{"method":"DELETE","header":[],"url":{"raw":"{{baseUrl}}/list/v4/lists/:listId","host":["{{baseUrl}}"],"path":["list","v4","lists",":listId"],"variable":[{"key":"listId"}]}},"status":"No Content","code":204,"_postman_previewlanguage":"text","header":[],"cookie":[],"responseTime":null,"body":""},{"id":"befa887b-b5ad-438e-b34b-7af6342037f4","name":"List could not be deleted","originalRequest":{"method":"DELETE","header":[{"key":"Accept","value":"application/json"}],"url":{"raw":"{{baseUrl}}/list/v4/lists/:listId","host":["{{baseUrl}}"],"path":["list","v4","lists",":listId"],"variable":[{"key":"listId"}]}},"status":"Bad Request","code":400,"_postman_previewlanguage":"json","header":[{"key":"Content-Type","value":"application/json"}],"cookie":[],"responseTime":null,"body":"{\n  \"error\": {\n    \"id\": \"<string>\",\n    \"message\": \"<string>\"\n  },\n  \"httpStatus\": \"<string>\",\n  \"path\": \"<string>\",\n  \"timestamp\": \"<dateTime>\",\n  \"validationErrors\": [\n    {\n      \"message\": \"<string>\",\n      \"source\": \"<string>\"\n    },\n    {\n      \"message\": \"<string>\",\n      \"source\": \"<string>\"\n    }\n  ]\n}"},{"id":"d4973eac-432e-4614-b817-31a28ab0a17c","name":"Access Denied","originalRequest":{"method":"DELETE","header":[{"key":"Accept","value":"application/json"}],"url":{"raw":"{{baseUrl}}/list/v4/lists/:listId","host":["{{baseUrl}}"],"path":["list","v4","lists",":listId"],"variable":[{"key":"listId"}]}},"status":"Unauthorized","code":401,"_postman_previewlanguage":"json","header":[{"key":"Content-Type","value":"application/json"}],"cookie":[],"responseTime":null,"body":"{\n  \"error\": {\n    \"id\": \"<string>\",\n    \"message\": \"<string>\"\n  },\n  \"httpStatus\": \"<string>\",\n  \"path\": \"<string>\",\n  \"timestamp\": \"<dateTime>\",\n  \"validationErrors\": [\n    {\n      \"message\": \"<string>\",\n      \"source\": \"<string>\"\n    },\n    {\n      \"message\": \"<string>\",\n      \"source\": \"<string>\"\n    }\n  ]\n}"},{"id":"f667618c-6f02-4791-9a55-c5c944b3bcfe","name":"Forbidden","originalRequest":{"method":"DELETE","header":[{"key":"Accept","value":"application/json"}],"url":{"raw":"{{baseUrl}}/list/v4/lists/:listId","host":["{{baseUrl}}"],"path":["list","v4","lists",":listId"],"variable":[{"key":"listId"}]}},"status":"Forbidden","code":403,"_postman_previewlanguage":"json","header":[{"key":"Content-Type","value":"application/json"}],"cookie":[],"responseTime":null,"body":"{\n  \"error\": {\n    \"id\": \"<string>\",\n    \"message\": \"<string>\"\n  },\n  \"httpStatus\": \"<string>\",\n  \"path\": \"<string>\",\n  \"timestamp\": \"<dateTime>\",\n  \"validationErrors\": [\n    {\n      \"message\": \"<string>\",\n      \"source\": \"<string>\"\n    },\n    {\n      \"message\": \"<string>\",\n      \"source\": \"<string>\"\n    }\n  ]\n}"},{"id":"92bbedce-a7c7-4ecc-b47c-a6f620da995b","name":"Internal server error","originalRequest":{"method":"DELETE","header":[{"key":"Accept","value":"application/json"}],"url":{"raw":"{{baseUrl}}/list/v4/lists/:listId","host":["{{baseUrl}}"],"path":["list","v4","lists",":listId"],"variable":[{"key":"listId"}]}},"status":"Internal Server Error","code":500,"_postman_previewlanguage":"json","header":[{"key":"Content-Type","value":"application/json"}],"cookie":[],"responseTime":null,"body":"{\n  \"error\": {\n    \"id\": \"<string>\",\n    \"message\": \"<string>\"\n  },\n  \"httpStatus\": \"<string>\",\n  \"path\": \"<string>\",\n  \"timestamp\": \"<dateTime>\",\n  \"validationErrors\": [\n    {\n      \"message\": \"<string>\",\n      \"source\": \"<string>\"\n    },\n    {\n      \"message\": \"<string>\",\n      \"source\": \"<string>\"\n    }\n  ]\n}"}]}],"id":"30839cb2-109a-4586-a4f5-1176d0ce7468"},{"name":"Get all lists for the given company","id":"d16877cc-85d5-4cd0-8cb2-10232545a784","protocolProfileBehavior":{"disableBodyPruning":true},"request":{"method":"GET","header":[{"description":"Language code","key":"Accept-Language","value":"<string>"},{"key":"Accept","value":"application/json"}],"url":{"raw":"{{baseUrl}}/list/v4/lists","host":["{{baseUrl}}"],"path":["list","v4","lists"],"query":[{"key":"category.type","value":"<string>","description":"Filter capabilities for Category Type. Supports the equals and not equals operators.","disabled":true},{"key":"isDeleted","value":"<boolean>","description":"Filter capabilities to show deleted lists. Supports the equals operator.","disabled":true},{"key":"levelCount","value":"<string>","description":"Filter capabilities for Level Count. Supports the equals, less than, less than or equal to, greater than, greater than or equal to operators.","disabled":true},{"key":"sortBy","value":"name","description":"Field to sort by, {name, levelcount, listcategory}","disabled":true},{"key":"sortDirection","value":"desc","description":"Sort direction, {asc, desc}","disabled":true},{"key":"page","value":"1","description":"Page number starting from 1","disabled":true},{"key":"value","value":"<string>","description":"Filter capabilities for Value. Supports the following operators: equals, starts with, ends with, not equals, and contains pattern. Filtering is case-sensitive.","disabled":true}]},"description":"Returns all lists"},"response":[{"id":"c83eb64f-7c2a-4844-a99d-a79b690e0fa3","name":"Successfully get all lists","originalRequest":{"method":"GET","header":[{"description":"Language code","key":"Accept-Language","value":"<string>"},{"key":"Accept","value":"application/json"}],"url":{"raw":"{{baseUrl}}/list/v4/lists?category.type=<string>&isDeleted=<boolean>&levelCount=<string>&sortBy=name&sortDirection=desc&page=1&value=<string>","host":["{{baseUrl}}"],"path":["list","v4","lists"],"query":[{"description":"Filter capabilities for Category Type. Supports the equals and not equals operators.","key":"category.type","value":"<string>"},{"description":"Filter capabilities to show deleted lists. Supports the equals operator.","key":"isDeleted","value":"<boolean>"},{"description":"Filter capabilities for Level Count. Supports the equals, less than, less than or equal to, greater than, greater than or equal to operators.","key":"levelCount","value":"<string>"},{"description":"Field to sort by, {name, levelcount, listcategory}","key":"sortBy","value":"name"},{"description":"Sort direction, {asc, desc}","key":"sortDirection","value":"desc"},{"description":"Page number starting from 1","key":"page","value":"1"},{"description":"Filter capabilities for Value. Supports the following operators: equals, starts with, ends with, not equals, and contains pattern. Filtering is case-sensitive.","key":"value","value":"<string>"}]}},"status":"OK","code":200,"_postman_previewlanguage":"json","header":[{"key":"Content-Type","value":"application/json"}],"cookie":[],"responseTime":null,"body":"{\n  \"content\": [\n    {\n      \"id\": \"<uuid>\",\n      \"value\": \"<string>\",\n      \"category\": {\n        \"id\": \"<uuid>\",\n        \"type\": \"<string>\"\n      },\n      \"levelCount\": \"<integer>\",\n      \"searchCriteria\": \"<string>\",\n      \"displayFormat\": \"<string>\",\n      \"isReadOnly\": \"<boolean>\",\n      \"isDeleted\": \"<boolean>\",\n      \"managedBy\": \"<string>\"\n    },\n    {\n      \"id\": \"<uuid>\",\n      \"value\": \"<string>\",\n      \"category\": {\n        \"id\": \"<uuid>\",\n        \"type\": \"<string>\"\n      },\n      \"levelCount\": \"<integer>\",\n      \"searchCriteria\": \"<string>\",\n      \"displayFormat\": \"<string>\",\n      \"isReadOnly\": \"<boolean>\",\n      \"isDeleted\": \"<boolean>\",\n      \"managedBy\": \"<string>\"\n    }\n  ],\n  \"links\": [\n    {\n      \"href\": \"<string>\",\n      \"rel\": \"<string>\"\n    },\n    {\n      \"href\": \"<string>\",\n      \"rel\": \"<string>\"\n    }\n  ],\n  \"page\": {\n    \"number\": \"<long>\",\n    \"size\": \"<long>\",\n    \"totalElements\": \"<long>\",\n    \"totalPages\": \"<long>\"\n  }\n}"},{"id":"0057b566-5ca4-492e-88d3-5a6c7796b844","name":"Company does not exist","originalRequest":{"method":"GET","header":[{"description":"Language code","key":"Accept-Language","value":"<string>"},{"key":"Accept","value":"application/json"}],"url":{"raw":"{{baseUrl}}/list/v4/lists?category.type=<string>&isDeleted=<boolean>&levelCount=<string>&sortBy=name&sortDirection=desc&page=1&value=<string>","host":["{{baseUrl}}"],"path":["list","v4","lists"],"query":[{"description":"Filter capabilities for Category Type. Supports the equals and not equals operators.","key":"category.type","value":"<string>"},{"description":"Filter capabilities to show deleted lists. Supports the equals operator.","key":"isDeleted","value":"<boolean>"},{"description":"Filter capabilities for Level Count. Supports the equals, less than, less than or equal to, greater than, greater than or equal to operators.","key":"levelCount","value":"<string>"},{"description":"Field to sort by, {name, levelcount, listcategory}","key":"sortBy","value":"name"},{"description":"Sort direction, {asc, desc}","key":"sortDirection","value":"desc"},{"description":"Page number starting from 1","key":"page","value":"1"},{"description":"Filter capabilities for Value. Supports the following operators: equals, starts with, ends with, not equals, and contains pattern. Filtering is case-sensitive.","key":"value","value":"<string>"}]}},"status":"Bad Request","code":400,"_postman_previewlanguage":"json","header":[{"key":"Content-Type","value":"application/json"}],"cookie":[],"responseTime":null,"body":"{\n  \"error\": {\n    \"id\": \"<string>\",\n    \"message\": \"<string>\"\n  },\n  \"httpStatus\": \"<string>\",\n  \"path\": \"<string>\",\n  \"timestamp\": \"<dateTime>\",\n  \"validationErrors\": [\n    {\n      \"message\": \"<string>\",\n      \"source\": \"<string>\"\n    },\n    {\n      \"message\": \"<string>\",\n      \"source\": \"<string>\"\n    }\n  ]\n}"},{"id":"56170028-2502-4fcf-9ea2-162268ef28f1","name":"Access Denied","originalRequest":{"method":"GET","header":[{"description":"Language code","key":"Accept-Language","value":"<string>"},{"key":"Accept","value":"application/json"}],"url":{"raw":"{{baseUrl}}/list/v4/lists?category.type=<string>&isDeleted=<boolean>&levelCount=<string>&sortBy=name&sortDirection=desc&page=1&value=<string>","host":["{{baseUrl}}"],"path":["list","v4","lists"],"query":[{"description":"Filter capabilities for Category Type. Supports the equals and not equals operators.","key":"category.type","value":"<string>"},{"description":"Filter capabilities to show deleted lists. Supports the equals operator.","key":"isDeleted","value":"<boolean>"},{"description":"Filter capabilities for Level Count. Supports the equals, less than, less than or equal to, greater than, greater than or equal to operators.","key":"levelCount","value":"<string>"},{"description":"Field to sort by, {name, levelcount, listcategory}","key":"sortBy","value":"name"},{"description":"Sort direction, {asc, desc}","key":"sortDirection","value":"desc"},{"description":"Page number starting from 1","key":"page","value":"1"},{"description":"Filter capabilities for Value. Supports the following operators: equals, starts with, ends with, not equals, and contains pattern. Filtering is case-sensitive.","key":"value","value":"<string>"}]}},"status":"Unauthorized","code":401,"_postman_previewlanguage":"json","header":[{"key":"Content-Type","value":"application/json"}],"cookie":[],"responseTime":null,"body":"{\n  \"error\": {\n    \"id\": \"<string>\",\n    \"message\": \"<string>\"\n  },\n  \"httpStatus\": \"<string>\",\n  \"path\": \"<string>\",\n  \"timestamp\": \"<dateTime>\",\n  \"validationErrors\": [\n    {\n      \"message\": \"<string>\",\n      \"source\": \"<string>\"\n    },\n    {\n      \"message\": \"<string>\",\n      \"source\": \"<string>\"\n    }\n  ]\n}"},{"id":"e51cb9c8-8ac4-40a6-83fa-669b14c67a1c","name":"Internal server error","originalRequest":{"method":"GET","header":[{"description":"Language code","key":"Accept-Language","value":"<string>"},{"key":"Accept","value":"application/json"}],"url":{"raw":"{{baseUrl}}/list/v4/lists?category.type=<string>&isDeleted=<boolean>&levelCount=<string>&sortBy=name&sortDirection=desc&page=1&value=<string>","host":["{{baseUrl}}"],"path":["list","v4","lists"],"query":[{"description":"Filter capabilities for Category Type. Supports the equals and not equals operators.","key":"category.type","value":"<string>"},{"description":"Filter capabilities to show deleted lists. Supports the equals operator.","key":"isDeleted","value":"<boolean>"},{"description":"Filter capabilities for Level Count. Supports the equals, less than, less than or equal to, greater than, greater than or equal to operators.","key":"levelCount","value":"<string>"},{"description":"Field to sort by, {name, levelcount, listcategory}","key":"sortBy","value":"name"},{"description":"Sort direction, {asc, desc}","key":"sortDirection","value":"desc"},{"description":"Page number starting from 1","key":"page","value":"1"},{"description":"Filter capabilities for Value. Supports the following operators: equals, starts with, ends with, not equals, and contains pattern. Filtering is case-sensitive.","key":"value","value":"<string>"}]}},"status":"Internal Server Error","code":500,"_postman_previewlanguage":"json","header":[{"key":"Content-Type","value":"application/json"}],"cookie":[],"responseTime":null,"body":"{\n  \"error\": {\n    \"id\": \"<string>\",\n    \"message\": \"<string>\"\n  },\n  \"httpStatus\": \"<string>\",\n  \"path\": \"<string>\",\n  \"timestamp\": \"<dateTime>\",\n  \"validationErrors\": [\n    {\n      \"message\": \"<string>\",\n      \"source\": \"<string>\"\n    },\n    {\n      \"message\": \"<string>\",\n      \"source\": \"<string>\"\n    }\n  ]\n}"}]},{"name":"Create a list with provided request body","id":"ec0926e9-84b2-42c1-9f01-d312b92832c2","protocolProfileBehavior":{"disableBodyPruning":true},"request":{"method":"POST","header":[{"description":"Language code","key":"Accept-Language","value":"<string>"},{"key":"Content-Type","value":"application/json"},{"key":"Accept","value":"application/json"}],"body":{"mode":"raw","raw":"{\n  \"value\": \"<string>\",\n  \"searchCriteria\": \"CODE\",\n  \"categoryId\": \"<uuid>\",\n  \"displayFormat\": \"TEXT (CODE)\",\n  \"isManaged\": \"<boolean>\"\n}","options":{"raw":{"headerFamily":"json","language":"json"}}},"url":{"raw":"{{baseUrl}}/list/v4/lists","host":["{{baseUrl}}"],"path":["list","v4","lists"]},"description":"Returns a new list"},"response":[{"id":"26ac70c6-d23d-48b5-b51a-6bcecf7d2791","name":"Successfully created a list","originalRequest":{"method":"POST","header":[{"description":"Language code","key":"Accept-Language","value":"<string>"},{"key":"Content-Type","value":"application/json"},{"key":"Accept","value":"application/json"}],"body":{"mode":"raw","raw":"{\n  \"value\": \"<string>\",\n  \"searchCriteria\": \"CODE\",\n  \"categoryId\": \"<uuid>\",\n  \"displayFormat\": \"TEXT (CODE)\",\n  \"isManaged\": \"<boolean>\"\n}","options":{"raw":{"headerFamily":"json","language":"json"}}},"url":{"raw":"{{baseUrl}}/list/v4/lists","host":["{{baseUrl}}"],"path":["list","v4","lists"]}},"status":"Created","code":201,"_postman_previewlanguage":"json","header":[{"key":"Content-Type","value":"application/json"}],"cookie":[],"responseTime":null,"body":"{\n  \"id\": \"<uuid>\",\n  \"value\": \"<string>\",\n  \"category\": {\n    \"id\": \"<uuid>\",\n    \"type\": \"<string>\"\n  },\n  \"levelCount\": \"<integer>\",\n  \"searchCriteria\": \"<string>\",\n  \"displayFormat\": \"<string>\",\n  \"isReadOnly\": \"<boolean>\",\n  \"isDeleted\": \"<boolean>\",\n  \"managedBy\": \"<string>\"\n}"},{"id":"2e2b0059-b2a3-4193-b790-48c002790e76","name":"Company does not exist","originalRequest":{"method":"POST","header":[{"description":"Language code","key":"Accept-Language","value":"<string>"},{"key":"Content-Type","value":"application/json"},{"key":"Accept","value":"application/json"}],"body":{"mode":"raw","raw":"{\n  \"value\": \"<string>\",\n  \"searchCriteria\": \"CODE\",\n  \"categoryId\": \"<uuid>\",\n  \"displayFormat\": \"TEXT (CODE)\",\n  \"isManaged\": \"<boolean>\"\n}","options":{"raw":{"headerFamily":"json","language":"json"}}},"url":{"raw":"{{baseUrl}}/list/v4/lists","host":["{{baseUrl}}"],"path":["list","v4","lists"]}},"status":"Bad Request","code":400,"_postman_previewlanguage":"json","header":[{"key":"Content-Type","value":"application/json"}],"cookie":[],"responseTime":null,"body":"{\n  \"error\": {\n    \"id\": \"<string>\",\n    \"message\": \"<string>\"\n  },\n  \"httpStatus\": \"<string>\",\n  \"path\": \"<string>\",\n  \"timestamp\": \"<dateTime>\",\n  \"validationErrors\": [\n    {\n      \"message\": \"<string>\",\n      \"source\": \"<string>\"\n    },\n    {\n      \"message\": \"<string>\",\n      \"source\": \"<string>\"\n    }\n  ]\n}"},{"id":"c5313a9d-325a-4a30-b0b8-942764c85ae8","name":"Access Denied","originalRequest":{"method":"POST","header":[{"description":"Language code","key":"Accept-Language","value":"<string>"},{"key":"Content-Type","value":"application/json"},{"key":"Accept","value":"application/json"}],"body":{"mode":"raw","raw":"{\n  \"value\": \"<string>\",\n  \"searchCriteria\": \"CODE\",\n  \"categoryId\": \"<uuid>\",\n  \"displayFormat\": \"TEXT (CODE)\",\n  \"isManaged\": \"<boolean>\"\n}","options":{"raw":{"headerFamily":"json","language":"json"}}},"url":{"raw":"{{baseUrl}}/list/v4/lists","host":["{{baseUrl}}"],"path":["list","v4","lists"]}},"status":"Unauthorized","code":401,"_postman_previewlanguage":"json","header":[{"key":"Content-Type","value":"application/json"}],"cookie":[],"responseTime":null,"body":"{\n  \"error\": {\n    \"id\": \"<string>\",\n    \"message\": \"<string>\"\n  },\n  \"httpStatus\": \"<string>\",\n  \"path\": \"<string>\",\n  \"timestamp\": \"<dateTime>\",\n  \"validationErrors\": [\n    {\n      \"message\": \"<string>\",\n      \"source\": \"<string>\"\n    },\n    {\n      \"message\": \"<string>\",\n      \"source\": \"<string>\"\n    }\n  ]\n}"},{"id":"d8d56bfb-7430-457d-9f64-d9129fa2e25b","name":"Forbidden","originalRequest":{"method":"POST","header":[{"description":"Language code","key":"Accept-Language","value":"<string>"},{"key":"Content-Type","value":"application/json"},{"key":"Accept","value":"application/json"}],"body":{"mode":"raw","raw":"{\n  \"value\": \"<string>\",\n  \"searchCriteria\": \"CODE\",\n  \"categoryId\": \"<uuid>\",\n  \"displayFormat\": \"TEXT (CODE)\",\n  \"isManaged\": \"<boolean>\"\n}","options":{"raw":{"headerFamily":"json","language":"json"}}},"url":{"raw":"{{baseUrl}}/list/v4/lists","host":["{{baseUrl}}"],"path":["list","v4","lists"]}},"status":"Forbidden","code":403,"_postman_previewlanguage":"json","header":[{"key":"Content-Type","value":"application/json"}],"cookie":[],"responseTime":null,"body":"{\n  \"error\": {\n    \"id\": \"<string>\",\n    \"message\": \"<string>\"\n  },\n  \"httpStatus\": \"<string>\",\n  \"path\": \"<string>\",\n  \"timestamp\": \"<dateTime>\",\n  \"validationErrors\": [\n    {\n      \"message\": \"<string>\",\n      \"source\": \"<string>\"\n    },\n    {\n      \"message\": \"<string>\",\n      \"source\": \"<string>\"\n    }\n  ]\n}"},{"id":"f1333e5d-49a6-47e8-abc8-60759a5dcdd3","name":"The specified media type is not supported","originalRequest":{"method":"POST","header":[{"description":"Language code","key":"Accept-Language","value":"<string>"},{"key":"Content-Type","value":"application/json"},{"key":"Accept","value":"application/json"}],"body":{"mode":"raw","raw":"{\n  \"value\": \"<string>\",\n  \"searchCriteria\": \"CODE\",\n  \"categoryId\": \"<uuid>\",\n  \"displayFormat\": \"TEXT (CODE)\",\n  \"isManaged\": \"<boolean>\"\n}","options":{"raw":{"headerFamily":"json","language":"json"}}},"url":{"raw":"{{baseUrl}}/list/v4/lists","host":["{{baseUrl}}"],"path":["list","v4","lists"]}},"status":"Unsupported Media Type","code":415,"_postman_previewlanguage":"json","header":[{"key":"Content-Type","value":"application/json"}],"cookie":[],"responseTime":null,"body":"{\n  \"error\": {\n    \"id\": \"<string>\",\n    \"message\": \"<string>\"\n  },\n  \"httpStatus\": \"<string>\",\n  \"path\": \"<string>\",\n  \"timestamp\": \"<dateTime>\",\n  \"validationErrors\": [\n    {\n      \"message\": \"<string>\",\n      \"source\": \"<string>\"\n    },\n    {\n      \"message\": \"<string>\",\n      \"source\": \"<string>\"\n    }\n  ]\n}"},{"id":"fd3ca6d4-d3cb-443f-b9ec-861b8933d931","name":"List could not be created","originalRequest":{"method":"POST","header":[{"description":"Language code","key":"Accept-Language","value":"<string>"},{"key":"Content-Type","value":"application/json"},{"key":"Accept","value":"application/json"}],"body":{"mode":"raw","raw":"{\n  \"value\": \"<string>\",\n  \"searchCriteria\": \"CODE\",\n  \"categoryId\": \"<uuid>\",\n  \"displayFormat\": \"TEXT (CODE)\",\n  \"isManaged\": \"<boolean>\"\n}","options":{"raw":{"headerFamily":"json","language":"json"}}},"url":{"raw":"{{baseUrl}}/list/v4/lists","host":["{{baseUrl}}"],"path":["list","v4","lists"]}},"status":"Internal Server Error","code":500,"_postman_previewlanguage":"json","header":[{"key":"Content-Type","value":"application/json"}],"cookie":[],"responseTime":null,"body":"{\n  \"error\": {\n    \"id\": \"<string>\",\n    \"message\": \"<string>\"\n  },\n  \"httpStatus\": \"<string>\",\n  \"path\": \"<string>\",\n  \"timestamp\": \"<dateTime>\",\n  \"validationErrors\": [\n    {\n      \"message\": \"<string>\",\n      \"source\": \"<string>\"\n    },\n    {\n      \"message\": \"<string>\",\n      \"source\": \"<string>\"\n    }\n  ]\n}"}]}],"id":"e591abae-7574-4bd2-9ef9-11e3f8ef940b"}],"id":"95aaa0d0-5067-474f-a220-685303e0beb1"}],"id":"556ce85a-43b0-4786-9b1c-fae422681fbd"}],"auth":{"type":"bearer","bearer":[{"key":"token","value":"{{accessToken}}","type":"string"}]},"event":[{"listen":"prerequest","script":{"id":"7b9d5400-697f-4192-9bda-92963c0b7f37","type":"text/javascript","exec":[""]}},{"listen":"test","script":{"id":"977b3975-9582-4747-b27a-dd934f064309","type":"text/javascript","exec":[""]}}],"variable":[{"id":"d9e1ac1e-73d4-43f0-8004-d80daa74b133","key":"baseUrl","value":"https://us2.api.concursolutions.com"}]}