{"info":{"_postman_id":"b18bf6f2-a83a-4515-ab65-31d4d1332aa8","name":"Shelly API","schema":"https://schema.getpostman.com/json/collection/v2.1.0/collection.json"},"item":[{"name":"Test Device","item":[{"name":"{{shelly_test}}/settings","id":"7f549c63-33db-48d9-a076-27d2138e1dc2","protocolProfileBehavior":{"disableBodyPruning":true},"request":{"method":"GET","header":[],"url":{"raw":"{{shelly_test}}/settings","host":["{{shelly_test}}"],"path":["settings"]}},"response":[]},{"name":"{{shelly_test}}/settings/actions","id":"88eed367-e79f-4777-ba9c-f95aedfe0290","protocolProfileBehavior":{"disableBodyPruning":true},"request":{"method":"GET","header":[],"url":{"raw":"{{shelly_test}}/settings/actions","host":["{{shelly_test}}"],"path":["settings","actions"]}},"response":[]},{"name":"{{shelly_test}}/settings/relay/0","id":"cd7442f5-dee0-4fcf-98f2-7066ff164d9f","protocolProfileBehavior":{"disableBodyPruning":true},"request":{"method":"GET","header":[],"url":{"raw":"{{shelly_test}}/settings/relay/0","host":["{{shelly_test}}"],"path":["settings","relay","0"]}},"response":[]},{"name":"{{shelly_test}}/relay/0?turn=on","id":"cd444c9f-1db2-4297-ae38-4fac6c108e14","protocolProfileBehavior":{"disableBodyPruning":true},"request":{"method":"GET","header":[],"body":{"mode":"urlencoded","urlencoded":[{"key":"ison","value":"true","type":"text"}]},"url":{"raw":"{{shelly_test}}/relay/0?turn=on","host":["{{shelly_test}}"],"path":["relay","0"],"query":[{"key":"turn","value":"on"}]}},"response":[]},{"name":"{{shelly_test}}/relay/0?turn=off","id":"4295f62d-0788-46ec-8527-f41152953faf","protocolProfileBehavior":{"disableBodyPruning":true},"request":{"method":"GET","header":[],"url":{"raw":"{{shelly_test}}/relay/0?turn=off","host":["{{shelly_test}}"],"path":["relay","0"],"query":[{"key":"turn","value":"off"}]}},"response":[]},{"name":"{{shelly_test}}/shelly","id":"80460b67-3120-4422-9e42-b4f2513d4383","protocolProfileBehavior":{"disableBodyPruning":true},"request":{"method":"GET","header":[],"url":{"raw":"{{shelly_test}}/shelly","host":["{{shelly_test}}"],"path":["shelly"]}},"response":[]}],"id":"9b5c67fe-926c-4ef1-91d8-6800f1f99769"},{"name":"Shelly Garage","item":[{"name":"settings","id":"f186b39f-34c0-46a7-b9d8-ee15ff688909","protocolProfileBehavior":{"disableBodyPruning":true},"request":{"method":"GET","header":[],"url":{"raw":"{{shelly_garage}}/settings","host":["{{shelly_garage}}"],"path":["settings"]}},"response":[]},{"name":"relay settings","id":"6fe712c2-6c54-40d0-8a0f-ce7263babc64","protocolProfileBehavior":{"disableBodyPruning":true},"request":{"method":"GET","header":[],"url":{"raw":"{{shelly_garage}}/settings/relay/0","host":["{{shelly_garage}}"],"path":["settings","relay","0"]}},"response":[]},{"name":"relay on","id":"16ce8958-8119-4f8e-a11b-e7ddf396e436","protocolProfileBehavior":{"disableBodyPruning":true},"request":{"method":"GET","header":[],"body":{"mode":"urlencoded","urlencoded":[{"key":"ison","value":"true","type":"text"}]},"url":{"raw":"{{shelly_garage}}/relay/0?turn=on","host":["{{shelly_garage}}"],"path":["relay","0"],"query":[{"key":"turn","value":"on"}]}},"response":[]},{"name":"relay","id":"0d0e2ac7-2362-4dd5-9d4b-6c819d56bf76","protocolProfileBehavior":{"disableBodyPruning":true},"request":{"method":"GET","header":[],"body":{"mode":"urlencoded","urlencoded":[{"key":"ison","value":"true","type":"text"}]},"url":{"raw":"{{shelly_garage}}/relay/0","host":["{{shelly_garage}}"],"path":["relay","0"]}},"response":[]},{"name":"relay off","id":"2839cd52-b5bb-4ccf-9f80-608f9263c4d3","protocolProfileBehavior":{"disableBodyPruning":true},"request":{"method":"GET","header":[],"url":{"raw":"{{shelly_garage}}/relay/0?turn=off","host":["{{shelly_garage}}"],"path":["relay","0"],"query":[{"key":"turn","value":"off"}]}},"response":[]},{"name":"shelly info","id":"1717dbef-0671-43bb-9de1-c2554c1de21f","protocolProfileBehavior":{"disableBodyPruning":true},"request":{"method":"GET","header":[],"url":{"raw":"{{shelly_garage}}/shelly","host":["{{shelly_garage}}"],"path":["shelly"]}},"response":[]},{"name":"{{shelly_garage}}/settings/relay/0","id":"417eece2-4577-435d-a08b-ae17f9ab44ab","protocolProfileBehavior":{"disableBodyPruning":true},"request":{"method":"GET","header":[],"url":{"raw":"{{shelly_garage}}/status","host":["{{shelly_garage}}"],"path":["status"]}},"response":[]},{"name":"{{shelly_garage}}/status","id":"174b48dd-fc87-4298-bd0b-249a36d04f7a","protocolProfileBehavior":{"disableBodyPruning":true},"request":{"method":"GET","header":[],"url":{"raw":"{{shelly_garage}}/status","host":["{{shelly_garage}}"],"path":["status"]}},"response":[]}],"id":"e5faf023-5042-4b3f-85c4-0295206b0dff"}],"event":[{"listen":"prerequest","script":{"id":"88a794b1-727d-4cb8-9b2f-0ae8a3af850c","type":"text/javascript","exec":[""]}},{"listen":"test","script":{"id":"7f95567f-fd70-44cd-8769-9a0ac60cbb85","type":"text/javascript","exec":[""]}}],"variable":[{"id":"27200963-6aaa-4537-bbca-23bf7fc2b8a4","key":"shelly_test","value":"http://192.168.0.32","type":"string"},{"id":"e87102c2-e25b-4473-beca-25ece5b24a52","key":"shelly_garage","value":"http://192.168.0.30","type":"string"}]}