{"info":{"_postman_id":"b684873d-efab-4698-a399-b00e2572d17c","name":"Expense Report Form","description":"Returns the configured expense forms in SAP Concur. Clients can have multiple forms configured for each form type.","schema":"https://schema.getpostman.com/json/collection/v2.1.0/collection.json"},"item":[{"name":"Forms","item":[{"name":"{FormCode}","item":[{"name":"Retrieves the list of configured forms for the specified form type.  Note: The FormCode is returned in the FormCode element in the Get Form Types response.","id":"f25ab892-6209-4f5d-8f55-96682e8239b0","protocolProfileBehavior":{"disableBodyPruning":true},"request":{"method":"GET","header":[{"key":"Accept","value":"application/xml"}],"url":{"raw":"{{baseUrl}}/Forms/:FormCode","host":["{{baseUrl}}"],"path":["Forms",":FormCode"],"variable":[{"id":"5e3d628c-a68a-4d82-8a13-965884b6dc40","key":"FormCode","value":"<string>"}]}},"response":[{"id":"fb6ff5ac-a3c0-4cb7-aaae-30757692fb34","name":"OK","originalRequest":{"method":"GET","header":[{"key":"Accept","value":"application/xml"}],"url":{"raw":"{{baseUrl}}/Forms/:FormCode","host":["{{baseUrl}}"],"path":["Forms",":FormCode"],"variable":[{"key":"FormCode"}]}},"status":"OK","code":200,"_postman_previewlanguage":"xml","header":[{"key":"Content-Type","value":"application/xml"}],"cookie":[],"responseTime":null,"body":"<?xml version=\"1.0\" encoding=\"UTF-8\"?>\n<element>\n  <FormData>\n    <Name>(string)</Name>\n    <FormId>(string)</FormId>\n  </FormData>\n  <FormData>\n    <Name>(string)</Name>\n    <FormId>(string)</FormId>\n  </FormData>\n</element>"},{"id":"bafb89bc-3367-4de2-9065-e8e7282ad11c","name":"Invalid request","originalRequest":{"method":"GET","header":[],"url":{"raw":"{{baseUrl}}/Forms/:FormCode","host":["{{baseUrl}}"],"path":["Forms",":FormCode"],"variable":[{"key":"FormCode"}]}},"status":"Bad Request","code":400,"_postman_previewlanguage":"text","header":[],"cookie":[],"responseTime":null,"body":""},{"id":"ceaaeedb-0f62-4f9a-b761-1d7f5bf6cc57","name":"Unauthorized","originalRequest":{"method":"GET","header":[],"url":{"raw":"{{baseUrl}}/Forms/:FormCode","host":["{{baseUrl}}"],"path":["Forms",":FormCode"],"variable":[{"key":"FormCode"}]}},"status":"Unauthorized","code":401,"_postman_previewlanguage":"text","header":[],"cookie":[],"responseTime":null,"body":""},{"id":"86022839-15bf-4a40-be47-fc2f06e3d583","name":"Forbidden","originalRequest":{"method":"GET","header":[],"url":{"raw":"{{baseUrl}}/Forms/:FormCode","host":["{{baseUrl}}"],"path":["Forms",":FormCode"],"variable":[{"key":"FormCode"}]}},"status":"Forbidden","code":403,"_postman_previewlanguage":"text","header":[],"cookie":[],"responseTime":null,"body":""},{"id":"05caf7bf-e97c-4cce-a7d9-500a25a7e565","name":"Not Found","originalRequest":{"method":"GET","header":[],"url":{"raw":"{{baseUrl}}/Forms/:FormCode","host":["{{baseUrl}}"],"path":["Forms",":FormCode"],"variable":[{"key":"FormCode"}]}},"status":"Not Found","code":404,"_postman_previewlanguage":"text","header":[],"cookie":[],"responseTime":null,"body":""},{"id":"dad4b16f-50a7-45b9-94b1-1643ef41d4a4","name":"Internal error","originalRequest":{"method":"GET","header":[],"url":{"raw":"{{baseUrl}}/Forms/:FormCode","host":["{{baseUrl}}"],"path":["Forms",":FormCode"],"variable":[{"key":"FormCode"}]}},"status":"Internal Server Error","code":500,"_postman_previewlanguage":"text","header":[],"cookie":[],"responseTime":null,"body":""}]}],"id":"345c6faa-f750-4e91-ab41-2287bec06da2"},{"name":"Retrieves the list of configured form types.","id":"58131670-1339-46cf-84f2-3cf934a2df45","protocolProfileBehavior":{"disableBodyPruning":true},"request":{"method":"GET","header":[{"key":"Accept","value":"application/xml"}],"url":{"raw":"{{baseUrl}}/Forms/","host":["{{baseUrl}}"],"path":["Forms",""]}},"response":[{"id":"f90beacd-87bb-461f-80b9-3f45966ea209","name":"OK","originalRequest":{"method":"GET","header":[{"key":"Accept","value":"application/xml"}],"url":{"raw":"{{baseUrl}}/Forms/","host":["{{baseUrl}}"],"path":["Forms",""]}},"status":"OK","code":200,"_postman_previewlanguage":"xml","header":[{"key":"Content-Type","value":"application/xml"}],"cookie":[],"responseTime":null,"body":"<?xml version=\"1.0\" encoding=\"UTF-8\"?>\n<element>\n  <FormType>\n    <Name>(string)</Name>\n    <FormCode>(string)</FormCode>\n  </FormType>\n  <FormType>\n    <Name>(string)</Name>\n    <FormCode>(string)</FormCode>\n  </FormType>\n</element>"},{"id":"55dd43b0-da28-4edc-89b3-0609f476df6f","name":"Invalid request","originalRequest":{"method":"GET","header":[],"url":{"raw":"{{baseUrl}}/Forms/","host":["{{baseUrl}}"],"path":["Forms",""]}},"status":"Bad Request","code":400,"_postman_previewlanguage":"text","header":[],"cookie":[],"responseTime":null,"body":""},{"id":"e2e686aa-cd80-4900-9446-78c182a1cd28","name":"Unauthorized","originalRequest":{"method":"GET","header":[],"url":{"raw":"{{baseUrl}}/Forms/","host":["{{baseUrl}}"],"path":["Forms",""]}},"status":"Unauthorized","code":401,"_postman_previewlanguage":"text","header":[],"cookie":[],"responseTime":null,"body":""},{"id":"9c28659c-958f-4812-8096-3edaa9843e9c","name":"Forbidden","originalRequest":{"method":"GET","header":[],"url":{"raw":"{{baseUrl}}/Forms/","host":["{{baseUrl}}"],"path":["Forms",""]}},"status":"Forbidden","code":403,"_postman_previewlanguage":"text","header":[],"cookie":[],"responseTime":null,"body":""},{"id":"ee536895-6677-4ea3-b63b-4f5e1e65eab2","name":"Not Found","originalRequest":{"method":"GET","header":[],"url":{"raw":"{{baseUrl}}/Forms/","host":["{{baseUrl}}"],"path":["Forms",""]}},"status":"Not Found","code":404,"_postman_previewlanguage":"text","header":[],"cookie":[],"responseTime":null,"body":""},{"id":"9af3910e-c1b1-4af4-b4d7-edfc68f6dbb5","name":"Internal error","originalRequest":{"method":"GET","header":[],"url":{"raw":"{{baseUrl}}/Forms/","host":["{{baseUrl}}"],"path":["Forms",""]}},"status":"Internal Server Error","code":500,"_postman_previewlanguage":"text","header":[],"cookie":[],"responseTime":null,"body":""}]}],"id":"62b7a407-02fd-46bf-8652-01c45cb01fbe"}],"auth":{"type":"bearer","bearer":[{"key":"token","value":"{{accessToken}}","type":"string"}]},"event":[{"listen":"prerequest","script":{"id":"57a39361-72fc-4ea8-97d2-37c1864bb8b0","type":"text/javascript","exec":[""]}},{"listen":"test","script":{"id":"6b7ecb73-7e3d-4d39-adaf-e1549a68b8db","type":"text/javascript","exec":[""]}}],"variable":[{"id":"67ee426b-c1f4-4037-8be5-cebcde9743ae","key":"baseUrl","value":"//www.concursolutions.com/api/expense/expensereport/v1.1/report"}]}