{"info":{"_postman_id":"b7dc897e-3399-4df1-9a37-b7a9ac666205","name":"New Collection","schema":"https://schema.getpostman.com/json/collection/v2.1.0/collection.json"},"item":[{"name":"https://soconnellgf.atlassian.net/jira/software/projects/TEST/boards/1","event":[{"listen":"prerequest","script":{"id":"d31583dd-ff86-488e-87dd-af3fc0286d1f","exec":["/*\r","var userName = pm.collectionVariables.get(\"Username\");\r","var apiKey = pm.collectionVariables.get(\"API Key\");\r","\r","var string = userName+\":\"+apiKey;\r","string = '\"'+string+'\"'\r","var encodString = btoa(string);\r","console.log(encodString);\r","\r","\r","pm.collectionVariables.set(\"loginString\",encodString);\r","*/"],"type":"text/javascript"}}],"id":"b0595f6f-7436-42b8-a0d9-7f13f402e657","protocolProfileBehavior":{"disableBodyPruning":true,"strictSSL":false},"request":{"auth":{"type":"basic","basic":[{"key":"password","value":"rpz1fbwJhnX4280Pl00q461B","type":"string"},{"key":"username","value":"{{Username}}","type":"string"}]},"method":"GET","header":[{"key":"Authorization","value":"Basic {{loginString}}","type":"text","disabled":true}],"url":{"raw":"https://soconnellgf.atlassian.net/rest/agile/1.0/board","protocol":"https","host":["soconnellgf","atlassian","net"],"path":["rest","agile","1.0","board"]}},"response":[]}],"event":[{"listen":"prerequest","script":{"id":"a72a45ba-21a0-4eb0-8f7b-9d316af7758d","type":"text/javascript","exec":[""]}},{"listen":"test","script":{"id":"ae8486a0-6ccb-4b74-90b5-69e929c3aaa5","type":"text/javascript","exec":[""]}}],"variable":[{"id":"42108bc2-b574-47e1-88be-0331b38f9bbf","key":"Organization ID","value":"774da13b-7ad7-1c5j-7647-3a3d9jbabc24","type":"string"},{"id":"01322a7c-32f7-4b2a-83b8-7af56dc3b767","key":"Username","value":"samuel.oconnell@glidefast.com","type":"string"},{"id":"546bc2c2-ce2e-4ba7-ae7d-991ad4a3d2c7","key":"Password","value":"Tzawq9DEyrMJPyd","type":"string"},{"id":"ea291d77-cbf2-4aff-8423-2e412ca815f2","key":"testString","value":"samuel.oconnell@glidefast.com:Tzawq9DEyrMJPyd"},{"id":"653656e6-0a20-41b2-9b6d-9c51ea0a069e","key":"loginString","value":""},{"id":"7e5836b5-1cda-498a-894f-4255815eaaf5","key":"Api token","value":"rpz1fbwJhnX4280Pl00q461B","type":"string"}]}