{"info":{"_postman_id":"bbc9b3ae-65c2-4fd0-ac2d-74d237d15de8","name":"API Documentation #reference","description":"This template contains a boilerplate for documentation that you can quickly customize and reuse.\n\n### How to use this template:\n\n- Replace the content given brackets (()) with your API's details.\n- Tips are formatted in `codespan` - feel free to read and remove them.\n    \n\n---\n\n`Start with a brief overview of what your API offers.`\n\nThe ((product name)) provides many API products, tools, and resources that enable you to ((add product value here)).\n\n`You can also list the APIs you offer, link to the relevant pages, or do both in this section.`\n\n## **Getting started guide**\n\n`List the steps or points required to start using your APIs. Make sure to cover everything required to reach success with your API as quickly as possible.`\n\nTo start using the ((add APIs here)), you need to -\n\n`The points given below are from The Postman API's documentation. You can reference it to write your own getting started guide.`\n\n- You must use a valid API Key to send requests to the API endpoints. You can get your API key from Postman's [integrations dashboard](https://go.postman.co/settings/me/api-keys).\n- The API has [rate and usage limits](https://postman.postman.co/workspace/Collection-Templates~6311738d-2e70-441f-ae12-78caf078c5b7/collection/22517504-e9c28f47-1253-44af-a2f3-20dce4da1f18?ctx=documentation#rate-and-usage-limits).\n- The API only responds to HTTPS-secured communications. Any requests sent via HTTP return an HTTP 301 redirect to the corresponding HTTPS resources.\n- The API returns request responses in JSON format. When an API request returns an error, it is sent in the JSON response as an error key.\n    \n\n## Authentication\n\n`Add details on the authorization keys/tokens required, steps that cover how to get them, and the relevant error codes.`\n\nThe ((product name)) API uses ((add your API's authorization type)) for authentication.\n\n`The details given below are from the Postman API's documentation. You can reference it to write your own authentication section.`\n\nPostman uses API keys for authentication. You can generate a Postman API key in the [API keys](https://postman.postman.co/settings/me/api-keys) section of your Postman account settings.\n\nYou must include an API key in each request to the Postman API with the X-Api-Key request header.\n\n### Authentication error response\n\nIf an API key is missing, malformed, or invalid, you will receive an HTTP 401 Unauthorized response code.\n\n## Rate and usage limits\n\n`Use this section to cover your APIs' terms of use. Include API limits, constraints, and relevant error codes, so consumers understand the permitted API usage and practices.`\n\n`The example given below is from The Postman API's documentation. Use it as a reference to write your APIs' terms of use.`\n\nAPI access rate limits apply at a per-API key basis in unit time. The limit is 300 requests per minute. Also, depending on your plan, you may have usage limits. If you exceed either limit, your request will return an HTTP 429 Too Many Requests status code.\n\nEach API response returns the following set of headers to help you identify your use status:\n\n| Header | Description |\n| --- | --- |\n| `X-RateLimit-Limit` | The maximum number of requests that the consumer is permitted to make per minute. |\n| `X-RateLimit-Remaining` | The number of requests remaining in the current rate limit window. |\n| `X-RateLimit-Reset` | The time at which the current rate limit window resets in UTC epoch seconds. |\n\n### 503 response\n\nAn HTTP `503` response from our servers indicates there is an unexpected spike in API access traffic. The server is usually operational within the next five minutes. If the outage persists or you receive any other form of an HTTP `5XX` error, [contact support](https://support.postman.com/hc/en-us/requests/new/).\n\n### **Need some help?**\n\n`Add links that customers can refer to whenever they need help.`\n\nIn case you have questions, go through our tutorials ((link to your video or help documentation here)). Or visit our FAQ page ((link to the relevant page)).\n\nOr you can check out our community forum, there’s a good chance our community has an answer for you. Visit our developer forum ((link to developer forum)) to review topics, ask questions, and learn from others.\n\n`You can also document or add links to libraries, code examples, and other resources needed to make a request.`","schema":"https://schema.getpostman.com/json/collection/v2.1.0/collection.json"},"item":[{"name":"User","item":[{"name":"Get authenticated user","event":[{"listen":"test","script":{"exec":[""],"type":"text/javascript"}}],"id":"702cca86-ccc1-47d6-91c2-61efb394ee7e","request":{"method":"GET","header":[],"url":{"raw":"https://api.getpostman.com/me","protocol":"https","host":["api","getpostman","com"],"path":["me"]},"description":"Gets information about the authenticated user."},"response":[{"id":"b298d695-c0be-45f3-a790-0fc157387749","name":"Successful Response","originalRequest":{"method":"GET","header":[],"url":{"raw":"https://api.getpostman.com/me","protocol":"https","host":["api","getpostman","com"],"path":["me"]}},"status":"OK","code":200,"_postman_previewlanguage":"json","header":[{"key":"Content-Type","value":"application/json","name":"Content-Type","description":{"content":"","type":"text/plain"}}],"cookie":[],"responseTime":null,"body":"{\n    \"user\": {\n        \"id\": 12345678,\n        \"username\": \"taylor-lee\",\n        \"email\": \"taylor.lee@example.com\",\n        \"fullName\": \"Taylor Lee\",\n        \"avatar\": \"https://example.com/user/r5u9qpvmujfjf6lbqmga.jpg\",\n        \"isPublic\": true\n    },\n    \"operations\": [\n        {\n            \"name\": \"mock_usage\",\n            \"limit\": 1000000,\n            \"usage\": 110276,\n            \"overage\": 0\n        },\n        {\n            \"name\": \"monitor_request_runs\",\n            \"limit\": 10000000,\n            \"usage\": 1141750,\n            \"overage\": 0\n        },\n        {\n            \"name\": \"api_usage\",\n            \"limit\": 1000000,\n            \"usage\": 16240,\n            \"overage\": 0\n        },\n        {\n            \"name\": \"custom_domains\",\n            \"limit\": 25,\n            \"usage\": 25,\n            \"overage\": 0\n        },\n        {\n            \"name\": \"serverless_requests\",\n            \"limit\": 10000,\n            \"usage\": 0,\n            \"overage\": 0\n        },\n        {\n            \"name\": \"integrations\",\n            \"limit\": 5000,\n            \"usage\": 1018,\n            \"overage\": 0\n        },\n        {\n            \"name\": \"cloud_agent_requests\",\n            \"limit\": 1000000,\n            \"usage\": 1615,\n            \"overage\": 0\n        }\n    ]\n}"},{"id":"717ec68b-03af-4711-a4b4-30ac0a00d2d6","name":"Rate Limit Exceeded","originalRequest":{"method":"GET","header":[],"url":{"raw":"https://api.getpostman.com/me","protocol":"https","host":["api","getpostman","com"],"path":["me"]}},"status":"Too Many Requests","code":429,"_postman_previewlanguage":"json","header":[{"key":"Content-Type","value":"application/json","description":{"content":"","type":"text/plain"}}],"cookie":[],"responseTime":null,"body":"{\n    \"error\": \"rateLimited\",\n    \"message\": \"Rate limit exceeded. Please retry after 1669048687\"\n}"}]}],"id":"16cc4f45-89fa-446e-b6d3-9ee0eed64c7c","description":"The `/me` endpoints let you manage information about the authenticated user."},{"name":"Collections","item":[{"name":"Create a collection","event":[{"listen":"test","script":{"exec":[""],"type":"text/javascript"}}],"id":"a4f3cde6-165d-4f82-bea0-0e0254a61d62","request":{"method":"POST","header":[{"key":"Content-Type","value":"application/json"}],"body":{"mode":"raw","raw":"{\n    \"collection\": {\n        \"info\": {\n            \"name\": \"{{collectionName}}\",\n            \"schema\": \"{{collectionSchemaUrl}}\"\n        },\n        \"item\": [\n            {\n                \"request\": {}\n            }\n        ]\n    }\n}"},"url":{"raw":"https://api.getpostman.com/collections","protocol":"https","host":["api","getpostman","com"],"path":["collections"],"query":[{"key":"workspace","value":"{{workspaceId}}","description":"Optional. A workspace ID in which to create the collection.\n\nIf you do not include this query parameter, the system creates the collection in your \"My Workspace\" workspace.","disabled":true}]},"description":"Creates a collection using the [Postman Collection v2 schema format](https://schema.postman.com/json/collection/v2.1.0/docs/index.html). Include a `collection` object in the request body that contains the following required properties:\n\n*   `info` — An **object** that contains the following properties:\n    *   `name` — A **string** value that contains the collection's name.\n    *   `schema` — A **string** that contains a URL to the collection's schema. For example, the `https://schema.getpostman.com/collection/v1` URL.\n*   `item` — An **object** that contains the HTTP request and response information.\n    *   `request` — An **object** that contains the collection's request information. For a complete list of values, refer to the `definitions.request` entry in the [collection.json schema file](https://schema.postman.com/json/collection/v2.1.0/collection.json). If you pass an empty object for this value, the system defaults to an untitled GET request.\n\n**Note:**\n\n*   For a complete list of available property values for this endpoint, use the following references available in the [collection.json schema file](https://schema.postman.com/json/collection/v2.1.0/collection.json):\n    *   `info` object — Use the `definitions.info` entry.\n    *   `item` object — Use the `definitions.items` entry.\n*   For all other possible values, refer to the [collection.json schema file](https://schema.postman.com/json/collection/v2.1.0/collection.json)."},"response":[{"id":"bbf41374-4566-4d01-bead-63cb1664ed1d","name":"Successful Response","originalRequest":{"method":"POST","header":[{"key":"Content-Type","value":"application/json"}],"body":{"mode":"raw","raw":"{\n    \"collection\": {\n        \"info\": {\n            \"name\": \"Test Collection\",\n            \"description\": \"This collection makes a request to the Postman Echo service to get a list of request headers sent by an HTTP client.\",\n            \"schema\": \"https://schema.getpostman.com/json/collection/v2.1.0/collection.json\"\n        },\n        \"item\": [\n            {\n                \"name\": \"Test GET Response\",\n                \"event\": [\n                    {\n                        \"listen\": \"test\",\n                        \"script\": {\n                            \"id\": \"7d2334fc-a84a-4c3d-b26c-7529afa4c0ae\",\n                            \"exec\": [\n                                \"pm.test(\\\"Status code is 200\\\", function () {\",\n                                \"    pm.response.to.have.status(200);\",\n                                \"});\"\n                                ],\n                            \"type\": \"text/javascript\"\n                            }\n                        }\n                    ],\n                \"request\": {\n                    \"url\": \"https://echo.getpostman.com/headers\",\n                    \"method\": \"GET\",\n                    \"header\": [\n                        {\n                            \"key\": \"Content-Type\",\n                            \"value\": \"application/json\"\n                        }\n                    ]\n                }\n            }\n        ]\n    }\n}","options":{"raw":{"language":"json"}}},"url":{"raw":"https://api.getpostman.com/collections","protocol":"https","host":["api","getpostman","com"],"path":["collections"],"query":[{"key":"workspace","value":"1f0df51a-8658-4ee8-a2a1-d2567dfa09a9","description":"Optional. A workspace ID in which to create the collection.\n\nIf you do not include this query parameter, the system creates the collection in your \"My Workspace\" workspace.","disabled":true}]}},"status":"OK","code":200,"_postman_previewlanguage":"json","header":[{"key":"Content-Type","value":"application/json","name":"Content-Type","description":{"content":"","type":"text/plain"}}],"cookie":[],"responseTime":null,"body":"{\n    \"collection\": {\n        \"id\": \"12ece9e1-2abf-4edc-8e34-de66e74114d2\",\n        \"name\": \"Test Collection\",\n        \"uid\": \"12345678-12ece9e1-2abf-4edc-8e34-de66e74114d2\"\n    }\n}"},{"id":"9a667564-c056-4cc2-84ee-fde8dfdef297","name":"Bad Request","originalRequest":{"method":"POST","header":[{"key":"Content-Type","value":"application/json"}],"body":{"mode":"raw","raw":"{\n    \"collection\": {\n        \"info\": {\n            \"name\": \"Test Collection\",\n            \"description\": \"This collection makes a request to the Postman Echo service to get a list of request headers sent by an HTTP client.\",\n            \"schema\": \"https://schema.getpostman.com/json/collection/v2.1.0/collection.json\"\n        },\n        \"item\": [\n            {\n                \"name\": \"Test GET Response\",\n                \"event\": [\n                    {\n                        \"listen\": \"test\",\n                        \"script\": {\n                            \"id\": \"7d2334fc-a84a-4c3d-b26c-7529afa4c0ae\",\n                            \"exec\": [\n                                \"pm.test(\\\"Status code is 200\\\", function () {\",\n                                \"    pm.response.to.have.status(200);\",\n                                \"});\"\n                                ],\n                            \"type\": \"text/javascript\"\n                            }\n                        }\n                    ],\n                \"request\": {\n                    \"url\": \"https://echo.getpostman.com/headers\",\n                    \"method\": \"GET\",\n                    \"header\": [\n                        {\n                            \"key\": \"Content-Type\",\n                            \"value\": \"application/json\"\n                        }\n                    ]\n                }\n            }\n        ]\n    }\n}","options":{"raw":{"language":"json"}}},"url":{"raw":"https://api.getpostman.com/collections","protocol":"https","host":["api","getpostman","com"],"path":["collections"],"query":[{"key":"workspace","value":"1f0df51a-8658-4ee8-a2a1-d2567dfa09a9","description":"Optional. A workspace ID in which to create the collection.\n\nIf you do not include this query parameter, the system creates the collection in your \"My Workspace\" workspace.","disabled":true}]}},"status":"Bad Request","code":400,"_postman_previewlanguage":"json","header":[{"key":"Content-Type","value":"application/json","name":"Content-Type","description":{"content":"","type":"text/plain"}}],"cookie":[],"responseTime":null,"body":"{\n    \"error\": {\n        \"name\": \"instanceFoundError\",\n        \"message\": \"The specified item already exists.\",\n        \"details\": {\n            \"item\": \"collection\",\n            \"id\": \"12ece9e1-2abf-4edc-8e34-de66e74114d2\"\n        }\n    }\n}"},{"id":"ae02b1bc-7dac-4579-b766-e8c1fdefd929","name":"Malformed Request","originalRequest":{"method":"POST","header":[{"key":"Content-Type","name":"Content-Type","value":"application/json","type":"text"}],"body":{"mode":"raw","raw":"{\n    \"collection\": {\n        \"item\": [\n            {\n                \"name\": \"Test GET Response\",\n                \"event\": [\n                    {\n                        \"listen\": \"test\",\n                        \"script\": {\n                            \"id\": \"7d2334fc-a84a-4c3d-b26c-7529afa4c0ae\",\n                            \"exec\": [\n                                \"pm.test(\\\"Status code is 200\\\", function () {\",\n                                \"    pm.response.to.have.status(200);\",\n                                \"});\"\n                                ],\n                            \"type\": \"text/javascript\"\n                            }\n                        }\n                    ],\n                \"request\": {\n                    \"url\": \"https://echo.getpostman.com/headers\",\n                    \"method\": \"GET\",\n                    \"header\": [\n                        {\n                            \"key\": \"Content-Type\",\n                            \"value\": \"application/json\"\n                        }\n                    ]\n                }\n            }\n        ]\n    }\n}","options":{"raw":{"language":"json"}}},"url":{"raw":"https://api.getpostman.com/collections","protocol":"https","host":["api","getpostman","com"],"path":["collections"],"query":[{"key":"workspace","value":"1f0df51a-8658-4ee8-a2a1-d2567dfa09a9","description":"Optional. A workspace ID in which to create the collection.\n\nIf you do not include this query parameter, the system creates the collection in your \"My Workspace\" workspace.","disabled":true}]}},"status":"Bad Request","code":400,"_postman_previewlanguage":"json","header":[{"key":"Content-Type","value":"application/json; charset=utf-8"}],"cookie":[],"responseTime":null,"body":"{\n    \"error\": {\n        \"name\": \"malformedRequestError\",\n        \"message\": \"Found 1 errors with the supplied collection.\",\n        \"details\": [\n            \": must have required property 'info'\"\n        ]\n    }\n}"},{"id":"8c30d00d-3f74-4171-a10b-db2f8f4326e8","name":"Rate Limit Exceeded","originalRequest":{"method":"POST","header":[{"key":"Content-Type","value":"application/json"}],"body":{"mode":"raw","raw":"{\n    \"collection\": {\n        \"item\": [\n            {\n                \"name\": \"Test GET Response\",\n                \"event\": [\n                    {\n                        \"listen\": \"test\",\n                        \"script\": {\n                            \"id\": \"7d2334fc-a84a-4c3d-b26c-7529afa4c0ae\",\n                            \"exec\": [\n                                \"pm.test(\\\"Status code is 200\\\", function () {\",\n                                \"    pm.response.to.have.status(200);\",\n                                \"});\"\n                                ],\n                            \"type\": \"text/javascript\"\n                            }\n                        }\n                    ],\n                \"request\": {\n                    \"url\": \"https://echo.getpostman.com/headers\",\n                    \"method\": \"GET\",\n                    \"header\": [\n                        {\n                            \"key\": \"Content-Type\",\n                            \"value\": \"application/json\"\n                        }\n                    ]\n                }\n            }\n        ]\n    }\n}","options":{"raw":{"language":"json"}}},"url":{"raw":"https://api.getpostman.com/collections","protocol":"https","host":["api","getpostman","com"],"path":["collections"],"query":[{"key":"workspace","value":"1f0df51a-8658-4ee8-a2a1-d2567dfa09a9","description":"Optional. A workspace ID in which to create the collection.\n\nIf you do not include this query parameter, the system creates the collection in your \"My Workspace\" workspace.","disabled":true}]}},"status":"Too Many Requests","code":429,"_postman_previewlanguage":"json","header":[{"key":"Content-Type","value":"application/json","description":""}],"cookie":[],"responseTime":null,"body":"{\n    \"error\": \"rateLimited\",\n    \"message\": \"Rate limit exceeded. Please retry after 1669048687\"\n}"}]},{"name":"Get a collection","event":[{"listen":"test","script":{"exec":[""],"type":"text/javascript"}}],"id":"7497144e-5114-44e3-8b30-37d7a88b2e33","request":{"method":"GET","header":[],"url":{"raw":"https://api.getpostman.com/collections/{{collectionId}}","protocol":"https","host":["api","getpostman","com"],"path":["collections","{{collectionId}}"],"query":[{"key":"access_key","value":"{{accessKey}}","description":"Optional. A collection's read-only access key. Using this query parameter does not require an API key to call the endpoint.","disabled":true}]},"description":"Gets information about a collection. For a complete list of this endpoint's possible values, use the [collection.json schema file](https://schema.postman.com/json/collection/v2.1.0/collection.json)."},"response":[{"id":"712a2797-22a7-43c6-bf18-5378df909f5d","name":"Successful Response","originalRequest":{"method":"GET","header":[],"url":{"raw":"https://api.getpostman.com/collections/12ece9e1-2abf-4edc-8e34-de66e74114d2","protocol":"https","host":["api","getpostman","com"],"path":["collections","12ece9e1-2abf-4edc-8e34-de66e74114d2"]}},"status":"OK","code":200,"_postman_previewlanguage":"json","header":[{"key":"Content-Type","value":"application/json","name":"Content-Type","description":{"content":"","type":"text/plain"}}],"cookie":[],"responseTime":null,"body":"{\n    \"collection\": {\n        \"info\": {\n            \"name\": \"Test Collection\",\n            \"description\": \"This is a test collection that makes a tiny request to Postman Echo service to get the list of request headers sent by a HTTP client.\",\n            \"_postman_id\": \"12ece9e1-2abf-4edc-8e34-de66e74114d2\",\n            \"schema\": \"https://schema.getpostman.com/json/collection/v2.0.0/collection.json\",\n            \"updatedAt\": \"2022-06-16T20:21:13.000Z\",\n            \"fork\": {\n                \"label\": \"Test Fork\",\n                \"createdAt\": \"2022-06-16T19:51:44.069Z\",\n                \"from\": \"12345678-12ece9e1-2abf-4edc-8e34-de66e74114d2\"\n            }\n        },\n        \"item\": [\n            {\n                \"name\": \"Test GET Response\",\n                \"id\": \"82ee981b-e19f-962a-401e-ea34ebfb4848\",\n                \"event\": [\n                    {\n                        \"listen\": \"test\",\n                        \"script\": {\n                            \"id\": \"7d2334fc-a84a-4c3d-b26c-7529afa4c0ae\",\n                            \"exec\": [\n                                \"pm.test(\\\"Status code is 200\\\", function () {\",\n                                \"    pm.response.to.have.status(200);\",\n                                \"});\"\n                            ],\n                            \"type\": \"text/javascript\"\n                        }\n                    }\n                ],\n                \"request\": {\n                    \"url\": \"https://echo.getpostman.com/headers\",\n                    \"method\": \"GET\",\n                    \"header\": [\n                        {\n                            \"key\": \"Content-Type\",\n                            \"value\": \"application/json\"\n                        }\n                    ]\n                },\n                \"response\": []\n            }\n        ]\n    }\n}"},{"id":"dca93007-4176-464f-991e-70003dd7c3a5","name":"Get Collection with Access Token","originalRequest":{"method":"GET","header":[],"url":{"raw":"https://api.getpostman.com/collections/12ece9e1-2abf-4edc-8e34-de66e74114d2?access_key={{accessKey}}","protocol":"https","host":["api","getpostman","com"],"path":["collections","12ece9e1-2abf-4edc-8e34-de66e74114d2"],"query":[{"key":"access_key","value":"{{accessKey}}"}]}},"status":"OK","code":200,"_postman_previewlanguage":"json","header":[{"key":"Content-Type","value":"application/json","description":{"content":"","type":"text/plain"}}],"cookie":[],"responseTime":null,"body":"{\n    \"collection\": {\n        \"info\": {\n            \"name\": \"Test Collection\",\n            \"description\": \"This is a test collection that makes a tiny request to Postman Echo service to get the list of request headers sent by a HTTP client.\",\n            \"_postman_id\": \"12ece9e1-2abf-4edc-8e34-de66e74114d2\",\n            \"schema\": \"https://schema.getpostman.com/json/collection/v2.0.0/collection.json\",\n            \"updatedAt\": \"2022-06-16T20:21:13.000Z\",\n            \"fork\": {\n                \"label\": \"Test Fork\",\n                \"createdAt\": \"2022-06-16T19:51:44.069Z\",\n                \"from\": \"12345678-12ece9e1-2abf-4edc-8e34-de66e74114d2\"\n            }\n        },\n        \"item\": [\n            {\n                \"name\": \"Test GET Response\",\n                \"id\": \"82ee981b-e19f-962a-401e-ea34ebfb4848\",\n                \"event\": [\n                    {\n                        \"listen\": \"test\",\n                        \"script\": {\n                            \"id\": \"7d2334fc-a84a-4c3d-b26c-7529afa4c0ae\",\n                            \"exec\": [\n                                \"pm.test(\\\"Status code is 200\\\", function () {\",\n                                \"    pm.response.to.have.status(200);\",\n                                \"});\"\n                            ],\n                            \"type\": \"text/javascript\"\n                        }\n                    }\n                ],\n                \"request\": {\n                    \"url\": \"https://echo.getpostman.com/headers\",\n                    \"method\": \"GET\",\n                    \"header\": [\n                        {\n                            \"key\": \"Content-Type\",\n                            \"value\": \"application/json\"\n                        }\n                    ]\n                },\n                \"response\": []\n            }\n        ]\n    }\n}"},{"id":"124f2b68-de57-4edf-9f9d-3ea22f3691ba","name":"Not Found","originalRequest":{"method":"GET","header":[],"url":{"raw":"https://api.getpostman.com/collections/12ece9e1-2abf-4edc-8e34-de66e74114d2","protocol":"https","host":["api","getpostman","com"],"path":["collections","12ece9e1-2abf-4edc-8e34-de66e74114d2"]}},"status":"Not Found","code":404,"_postman_previewlanguage":"json","header":[],"cookie":[],"responseTime":null,"body":"{\n    \"error\": {\n        \"name\": \"instanceNotFoundError\",\n        \"message\": \"We could not find the collection you are looking for\"\n    }\n}"},{"id":"51ab6019-5950-47ad-b016-ad9a9bfcf742","name":"Rate Limit Exceeded","originalRequest":{"method":"GET","header":[],"url":{"raw":"https://api.getpostman.com/collections/12ece9e1-2abf-4edc-8e34-de66e74114d2","protocol":"https","host":["api","getpostman","com"],"path":["collections","12ece9e1-2abf-4edc-8e34-de66e74114d2"]}},"status":"Too Many Requests","code":429,"_postman_previewlanguage":"json","header":[],"cookie":[],"responseTime":null,"body":"{\n    \"error\": \"rateLimited\",\n    \"message\": \"Rate limit exceeded. Please retry after 1669048687\"\n}"}]},{"name":"Delete a collection","event":[{"listen":"test","script":{"exec":[""],"type":"text/javascript"}}],"id":"fe6e0712-4c31-4b97-9137-98cda77d2ae9","request":{"method":"DELETE","header":[],"url":{"raw":"https://api.getpostman.com/collections/{{collectionId}}","protocol":"https","host":["api","getpostman","com"],"path":["collections","{{collectionId}}"]},"description":"Deletes a collection."},"response":[{"id":"089e475f-0607-4af0-9c09-93b74b6795cc","name":"Successful Response","originalRequest":{"method":"DELETE","header":[],"url":{"raw":"https://api.getpostman.com/collections/12ece9e1-2abf-4edc-8e34-de66e74114d2","protocol":"https","host":["api","getpostman","com"],"path":["collections","12ece9e1-2abf-4edc-8e34-de66e74114d2"]}},"status":"OK","code":200,"_postman_previewlanguage":"json","header":[{"key":"Content-Type","value":"application/json","description":{"content":"","type":"text/plain"}}],"cookie":[],"responseTime":null,"body":"{\n    \"collection\": {\n        \"id\": \"12ece9e1-2abf-4edc-8e34-de66e74114d2\",\n        \"uid\": \"12345678-12ece9e1-2abf-4edc-8e34-de66e74114d2\"\n    }\n}"},{"id":"b1e830db-a20b-426b-9c54-bb8e19cbba1e","name":"Not Found","originalRequest":{"method":"DELETE","header":[],"url":{"raw":"https://api.getpostman.com/collections/12ece9e1-2abf-4edc-8e34-de66e74114d2","protocol":"https","host":["api","getpostman","com"],"path":["collections","12ece9e1-2abf-4edc-8e34-de66e74114d2"]}},"status":"Not Found","code":404,"_postman_previewlanguage":"json","header":[{"key":"Content-Type","value":"application/json","name":"Content-Type","description":{"content":"","type":"text/plain"}}],"cookie":[],"responseTime":null,"body":"{\n    \"error\": {\n        \"name\": \"instanceNotFoundError\",\n        \"message\": \"The specified item does not exist.\",\n        \"details\": {\n            \"item\": \"collection\",\n            \"id\": \"12ece9e1-2abf-4edc-8e34-de66e74114d2\"\n        }\n    }\n}"},{"id":"ea48d763-f301-4a77-8b62-be3779a50c14","name":"Rate Limit Exceeded","originalRequest":{"method":"DELETE","header":[],"url":{"raw":"https://api.getpostman.com/collections/12ece9e1-2abf-4edc-8e34-de66e74114d2","protocol":"https","host":["api","getpostman","com"],"path":["collections","12ece9e1-2abf-4edc-8e34-de66e74114d2"]}},"status":"Too Many Requests","code":429,"_postman_previewlanguage":"json","header":[{"key":"Content-Type","value":"application/json","description":{"content":"","type":"text/plain"}}],"cookie":[],"responseTime":null,"body":"{\n    \"error\": \"rateLimited\",\n    \"message\": \"Rate limit exceeded. Please retry after 1669048687\"\n}"}]},{"name":"Update a collection","event":[{"listen":"test","script":{"exec":[""],"type":"text/javascript"}}],"id":"ca438a01-cee0-43c9-870c-9eb77bb13709","request":{"method":"PUT","header":[{"key":"Content-Type","value":"application/json"}],"body":{"mode":"raw","raw":"{\n    \"collection\": {\n        \"info\": {\n            \"name\": \"{{collectionName}}\",\n            \"schema\": \"{{collectionSchemaUrl}}\"\n        },\n        \"item\": [\n            {\n                \"request\": {}\n            }\n        ]\n    }\n}"},"url":{"raw":"https://api.getpostman.com/collections/{{collectionId}}","protocol":"https","host":["api","getpostman","com"],"path":["collections","{{collectionId}}"]},"description":"Updates a collection using the [Postman Collection v2 schema format](https://schema.postman.com/json/collection/v2.1.0/docs/index.html). Include a `collection` object in the request body that contains the following required properties:\n\n- `info` — An **object** that contains the following properties:\n    - `name` — A **string** value that contains the collection's name.\n    - `schema` — A **string** that contains a URL to the collection's schema. For example, the `https://schema.getpostman.com/collection/v1` URL.\n- `item` — An **object** that contains the HTTP request and response information.\n    - `request` — An **object** that contains the collection's request information. For a complete list of values, refer to the `definitions.request` entry in the [collection.json schema file](https://schema.postman.com/json/collection/v2.1.0/collection.json). If you pass an empty object for this value, the system defaults to an untitled GET request.\n\n**Note:**\n\n- For a complete list of available property values for this endpoint, use the following references available in the [collection.json schema file](https://schema.postman.com/json/collection/v2.1.0/collection.json):\n    - `info` object — Use the `definitions.info` entry.\n    - `item` object — Use the `definitions.items` entry.\n- For all other possible values, refer to the [collection.json schema file](https://schema.postman.com/json/collection/v2.1.0/collection.json).\n    \n\n### Important\n\nUse caution when using this endpoint. The system will replace the existing collection with the values passed in the request body."},"response":[{"id":"d360751c-fbc2-4989-a2c8-2d8b64267657","name":"Successful Response","originalRequest":{"method":"PUT","header":[{"key":"Content-Type","value":"application/json"}],"body":{"mode":"raw","raw":"{\n    \"collection\": {\n        \"info\": {\n            \"name\": \"Test Collection\",\n            \"description\": \"This collection makes a request to the Postman Echo service to get a list of request headers sent by an HTTP client.\",\n            \"schema\": \"https://schema.getpostman.com/json/collection/v2.1.0/collection.json\"\n        },\n        \"item\": [\n            {\n                \"name\": \"Test POST Response\",\n                \"event\": [\n                    {\n                        \"listen\": \"test\",\n                        \"script\": {\n                            \"id\": \"7d2334fc-a84a-4c3d-b26c-7529afa4c0ae\",\n                            \"exec\": [\n                                \"pm.test(\\\"Status code is 200\\\", function () {\",\n                                \"    pm.response.to.have.status(200);\",\n                                \"});\"\n                                ],\n                            \"type\": \"text/javascript\"\n                            }\n                        }\n                    ],\n                \"request\": {\n                    \"url\": \"https://echo.getpostman.com/headers\",\n                    \"method\": \"POST\",\n                    \"header\": [\n                        {\n                            \"key\": \"Content-Type\",\n                            \"value\": \"application/json\"\n                        }\n                    ]\n                }\n            }\n        ]\n    }\n}","options":{"raw":{"language":"json"}}},"url":{"raw":"https://api.getpostman.com/collections/12ece9e1-2abf-4edc-8e34-de66e74114d2","protocol":"https","host":["api","getpostman","com"],"path":["collections","12ece9e1-2abf-4edc-8e34-de66e74114d2"]}},"status":"OK","code":200,"_postman_previewlanguage":"json","header":[{"key":"Content-Type","value":"application/json","name":"Content-Type","description":{"content":"","type":"text/plain"}}],"cookie":[],"responseTime":null,"body":"{\n    \"collection\": {\n        \"id\": \"12ece9e1-2abf-4edc-8e34-de66e74114d2\",\n        \"name\": \"Test Collection\",\n        \"uid\": \"12345678-12ece9e1-2abf-4edc-8e34-de66e74114d2\"\n    }\n}"},{"id":"5af3befd-eb60-4301-a9e8-b203f940532f","name":"Forbidden","originalRequest":{"method":"PUT","header":[{"key":"Content-Type","value":"application/json"}],"body":{"mode":"raw","raw":"{\n    \"collection\": {\n        \"info\": {\n            \"name\": \"Test Collection\",\n            \"description\": \"This collection makes a request to the Postman Echo service to get a list of request headers sent by an HTTP client.\",\n            \"schema\": \"https://schema.getpostman.com/json/collection/v2.1.0/collection.json\"\n        },\n        \"item\": [\n            {\n                \"name\": \"Test POST Response\",\n                \"event\": [\n                    {\n                        \"listen\": \"test\",\n                        \"script\": {\n                            \"id\": \"7d2334fc-a84a-4c3d-b26c-7529afa4c0ae\",\n                            \"exec\": [\n                                \"pm.test(\\\"Status code is 200\\\", function () {\",\n                                \"    pm.response.to.have.status(200);\",\n                                \"});\"\n                                ],\n                            \"type\": \"text/javascript\"\n                            }\n                        }\n                    ],\n                \"request\": {\n                    \"url\": \"https://echo.getpostman.com/headers\",\n                    \"method\": \"POST\",\n                    \"header\": [\n                        {\n                            \"key\": \"Content-Type\",\n                            \"value\": \"application/json\"\n                        }\n                    ]\n                }\n            }\n        ]\n    }\n}","options":{"raw":{"language":"json"}}},"url":{"raw":"https://api.getpostman.com/collections/12ece9e1-2abf-4edc-8e34-de66e74114d2","protocol":"https","host":["api","getpostman","com"],"path":["collections","12ece9e1-2abf-4edc-8e34-de66e74114d2"]}},"status":"Forbidden","code":403,"_postman_previewlanguage":"json","header":[{"key":"Content-Type","value":"application/json","description":{"content":"","type":"text/plain"}}],"cookie":[],"responseTime":null,"body":"{\n    \"error\": {\n        \"name\": \"forbiddenError\",\n        \"message\": \"You do not have enough permissions to perform this action.\"\n    }\n}"},{"id":"8ab6128e-9fb0-430b-bbbf-4c33a2fa2f3b","name":"Not Found","originalRequest":{"method":"PUT","header":[{"key":"Content-Type","value":"application/json"}],"body":{"mode":"raw","raw":"{\n    \"collection\": {\n        \"info\": {\n            \"name\": \"Test Collection\",\n            \"description\": \"This collection makes a request to the Postman Echo service to get a list of request headers sent by an HTTP client.\",\n            \"schema\": \"https://schema.getpostman.com/json/collection/v2.1.0/collection.json\"\n        },\n        \"item\": [\n            {\n                \"name\": \"Test POST Response\",\n                \"event\": [\n                    {\n                        \"listen\": \"test\",\n                        \"script\": {\n                            \"id\": \"7d2334fc-a84a-4c3d-b26c-7529afa4c0ae\",\n                            \"exec\": [\n                                \"pm.test(\\\"Status code is 200\\\", function () {\",\n                                \"    pm.response.to.have.status(200);\",\n                                \"});\"\n                                ],\n                            \"type\": \"text/javascript\"\n                            }\n                        }\n                    ],\n                \"request\": {\n                    \"url\": \"https://echo.getpostman.com/headers\",\n                    \"method\": \"POST\",\n                    \"header\": [\n                        {\n                            \"key\": \"Content-Type\",\n                            \"value\": \"application/json\"\n                        }\n                    ]\n                }\n            }\n        ]\n    }\n}","options":{"raw":{"language":"json"}}},"url":{"raw":"https://api.getpostman.com/collections/12ece9e1-2abf-4edc-8e34-de66e74114d2","protocol":"https","host":["api","getpostman","com"],"path":["collections","12ece9e1-2abf-4edc-8e34-de66e74114d2"]}},"status":"Not Found","code":404,"_postman_previewlanguage":"json","header":[{"key":"Content-Type","value":"application/json","name":"Content-Type","description":{"content":"","type":"text/plain"}}],"cookie":[],"responseTime":null,"body":"{\n    \"error\": {\n        \"name\": \"instanceNotFoundError\",\n        \"message\": \"The specified item does not exist.\",\n        \"details\": {\n            \"item\": \"collection\",\n            \"id\": \"12ece9e1-2abf-4edc-8e34-de66e74114d2\"\n        }\n    }\n}"},{"id":"488826cb-e745-48cc-ae88-23227a766617","name":"Malformed Request","originalRequest":{"method":"PUT","header":[{"key":"Content-Type","value":"application/json"}],"body":{"mode":"raw","raw":"{\n    \"collection\": {\n        \"info\": {\n            \"name\": \"Test Collection\"\n        }\n    }\n}","options":{"raw":{"language":"json"}}},"url":{"raw":"https://api.getpostman.com/collections/12ece9e1-2abf-4edc-8e34-de66e74114d2","protocol":"https","host":["api","getpostman","com"],"path":["collections","12ece9e1-2abf-4edc-8e34-de66e74114d2"]}},"status":"Bad Request","code":400,"_postman_previewlanguage":"json","header":[{"key":"Content-Type","value":"application/json","name":"Content-Type","description":{"content":"","type":"text/plain"}}],"cookie":[],"responseTime":null,"body":"{\n    \"error\": {\n        \"name\": \"malformedRequestError\",\n        \"message\": \"Found 2 errors with the supplied collection.\",\n        \"details\": [\n            \": must have required property 'item'\",\n            \"info: must have required property 'schema'\"\n        ]\n    }\n}"},{"id":"26af2dda-fb38-44d8-9767-5be6f4298c6d","name":"Collection ID Mismatch","originalRequest":{"method":"PUT","header":[{"key":"Content-Type","value":"application/json"}],"body":{"mode":"raw","raw":"{\n    \"collection\": {\n        \"info\": {\n            \"name\": \"Test Collection\",\n            \"description\": \"This collection makes a request to the Postman Echo service to get a list of request headers sent by an HTTP client.\",\n            \"schema\": \"https://schema.getpostman.com/json/collection/v2.1.0/collection.json\"\n        },\n        \"item\": [\n            {\n                \"name\": \"Test POST Response\",\n                \"event\": [\n                    {\n                        \"listen\": \"test\",\n                        \"script\": {\n                            \"id\": \"7d2334fc-a84a-4c3d-b26c-7529afa4c0ae\",\n                            \"exec\": [\n                                \"pm.test(\\\"Status code is 200\\\", function () {\",\n                                \"    pm.response.to.have.status(200);\",\n                                \"});\"\n                                ],\n                            \"type\": \"text/javascript\"\n                            }\n                        }\n                    ],\n                \"request\": {\n                    \"url\": \"https://echo.getpostman.com/headers\",\n                    \"method\": \"POST\",\n                    \"header\": [\n                        {\n                            \"key\": \"Content-Type\",\n                            \"value\": \"application/json\"\n                        }\n                    ]\n                }\n            }\n        ]\n    }\n}","options":{"raw":{"language":"json"}}},"url":{"raw":"https://api.getpostman.com/collections/12ece9e1-2abf-4edc-8e34-de66e74114d2","protocol":"https","host":["api","getpostman","com"],"path":["collections","12ece9e1-2abf-4edc-8e34-de66e74114d2"]}},"status":"Bad Request","code":400,"_postman_previewlanguage":"json","header":[{"key":"Content-Type","value":"application/json","name":"Content-Type","description":{"content":"","type":"text/plain"}}],"cookie":[],"responseTime":null,"body":"{\n    \"error\": {\n        \"name\": \"collectionMismatchError\",\n        \"message\": \"The collection ID in the path does not match the collection ID in the request body.\"\n    }\n}"},{"id":"d2fbb64c-4d30-419f-bfce-b6ddc05ee601","name":"Rate Limit Exceeded","originalRequest":{"method":"PUT","header":[{"key":"Content-Type","value":"application/json"}],"body":{"mode":"raw","raw":"{\n    \"collection\": {\n        \"info\": {\n            \"name\": \"Test Collection\",\n            \"description\": \"This collection makes a request to the Postman Echo service to get a list of request headers sent by an HTTP client.\",\n            \"schema\": \"https://schema.getpostman.com/json/collection/v2.1.0/collection.json\"\n        },\n        \"item\": [\n            {\n                \"name\": \"Test POST Response\",\n                \"event\": [\n                    {\n                        \"listen\": \"test\",\n                        \"script\": {\n                            \"id\": \"7d2334fc-a84a-4c3d-b26c-7529afa4c0ae\",\n                            \"exec\": [\n                                \"pm.test(\\\"Status code is 200\\\", function () {\",\n                                \"    pm.response.to.have.status(200);\",\n                                \"});\"\n                                ],\n                            \"type\": \"text/javascript\"\n                            }\n                        }\n                    ],\n                \"request\": {\n                    \"url\": \"https://echo.getpostman.com/headers\",\n                    \"method\": \"POST\",\n                    \"header\": [\n                        {\n                            \"key\": \"Content-Type\",\n                            \"value\": \"application/json\"\n                        }\n                    ]\n                }\n            }\n        ]\n    }\n}","options":{"raw":{"language":"json"}}},"url":{"raw":"https://api.getpostman.com/collections/12ece9e1-2abf-4edc-8e34-de66e74114d2","protocol":"https","host":["api","getpostman","com"],"path":["collections","12ece9e1-2abf-4edc-8e34-de66e74114d2"]}},"status":"Too Many Requests","code":429,"_postman_previewlanguage":"json","header":[{"key":"Content-Type","value":"application/json","description":{"content":"","type":"text/plain"}}],"cookie":[],"responseTime":null,"body":"{\n    \"error\": \"rateLimited\",\n    \"message\": \"Rate limit exceeded. Please retry after 1669048687\"\n}"}]},{"name":"Get all collections","event":[{"listen":"test","script":{"exec":[""],"type":"text/javascript"}}],"id":"61e16eed-d386-4e2a-9fc1-8996ced3a828","request":{"method":"GET","header":[],"url":{"raw":"https://api.getpostman.com/collections","protocol":"https","host":["api","getpostman","com"],"path":["collections"],"query":[{"key":"workspace","value":"{{workspaceId}}","description":"Optional. A workspace ID.","disabled":true}]},"description":"Gets all of your [collections](https://www.getpostman.com/docs/collections). The response includes all of your subscribed collections."},"response":[{"id":"f36fa05d-f8a4-4fe6-9571-d100e62be020","name":"Successful Response","originalRequest":{"method":"GET","header":[],"url":{"raw":"https://api.getpostman.com/collections","protocol":"https","host":["api","getpostman","com"],"path":["collections"],"query":[{"key":"workspace","value":"1f0df51a-8658-4ee8-a2a1-d2567dfa09a9","description":"Optional. A workspace ID.","disabled":true}]}},"status":"OK","code":200,"_postman_previewlanguage":"json","header":[{"key":"Content-Type","value":"application/json","description":{"content":"","type":"text/plain"}}],"cookie":[],"responseTime":null,"body":"{\n    \"collections\": [\n        {\n            \"id\": \"dac5eac9-148d-a32e-b76b-3edee9da28f7\",\n            \"name\": \"Cloud API\",\n            \"owner\": \"12345678\",\n            \"createdAt\": \"2022-04-12T10:29:46.000Z\",\n            \"updatedAt\": \"2022-04-12T10:29:56.000Z\",\n            \"uid\": \"12345678-dac5eac9-148d-a32e-b76b-3edee9da28f7\",\n            \"isPublic\": true\n        },\n        {\n            \"id\": \"12ece9e1-2abf-4edc-8e34-de66e74114d2\",\n            \"name\": \"Test Collection\",\n            \"owner\": \"12345678\",\n            \"createdAt\": \"2022-01-13T10:21:46.000Z\",\n            \"updatedAt\": \"2022-02-12T11:29:56.000Z\",\n            \"uid\": \"12345678-12ece9e1-2abf-4edc-8e34-de66e74114d2\",\n            \"isPublic\": false,\n            \"fork\": {\n                \"label\": \"Test Fork\",\n                \"createdAt\": \"2022-06-16T19:51:44.069Z\",\n                \"from\": \"12345678-12ece9e1-2abf-4edc-8e34-de66e74114d2\"\n            }\n        },\n        {\n            \"id\": \"f695cab7-6878-eb55-7943-ad88e1ccfd65\",\n            \"name\": \"Postman Echo\",\n            \"owner\": \"12345678\",\n            \"createdAt\": \"2021-04-11T09:18:26.000Z\",\n            \"updatedAt\": \"2022-05-01T15:29:32.000Z\",\n            \"uid\": \"12345678-f695cab7-6878-eb55-7943-ad88e1ccfd65\",\n            \"isPublic\": true\n        }\n    ]\n}"},{"id":"9d6ff1d6-e31f-4b5e-ae47-5c7455d9476a","name":"Filter by Workspace","originalRequest":{"method":"GET","header":[],"url":{"raw":"https://api.getpostman.com/collections?workspace=1f0df51a-8658-4ee8-a2a1-d2567dfa09a9","protocol":"https","host":["api","getpostman","com"],"path":["collections"],"query":[{"key":"workspace","value":"1f0df51a-8658-4ee8-a2a1-d2567dfa09a9","description":"Optional. A workspace ID."}]}},"status":"OK","code":200,"_postman_previewlanguage":"json","header":[{"key":"Content-Type","value":"application/json","description":{"content":"","type":"text/plain"}}],"cookie":[],"responseTime":null,"body":"{\n    \"collections\": [\n        {\n            \"id\": \"dac5eac9-148d-a32e-b76b-3edee9da28f7\",\n            \"name\": \"Cloud API\",\n            \"owner\": \"12345678\",\n            \"createdAt\": \"2022-04-12T10:29:46.000Z\",\n            \"updatedAt\": \"2022-04-12T10:29:56.000Z\",\n            \"uid\": \"12345678-dac5eac9-148d-a32e-b76b-3edee9da28f7\",\n            \"isPublic\": true\n        }\n    ]\n}"},{"id":"396cb4ff-9956-4f63-9876-ce7cdce602ad","name":"Rate Limit Exceeded","originalRequest":{"method":"GET","header":[],"url":{"raw":"https://api.getpostman.com/collections","protocol":"https","host":["api","getpostman","com"],"path":["collections"],"query":[{"key":"workspace","value":"1f0df51a-8658-4ee8-a2a1-d2567dfa09a9","description":"Optional. A workspace ID.","disabled":true}]}},"status":"Too Many Requests","code":429,"_postman_previewlanguage":"json","header":[{"key":"Content-Type","value":"application/json","description":{"content":"","type":"text/plain"}}],"cookie":[],"responseTime":null,"body":"{\n    \"error\": \"rateLimited\",\n    \"message\": \"Rate limit exceeded. Please retry after 1669048687\"\n}"}]}],"id":"e9f1d74b-cc2e-4c7b-b0ef-01112fe41ba2","description":"The `/collections` endpoints let you manage your [collections](https://learning.postman.com/docs/sending-requests/intro-to-collections/)."}],"auth":{"type":"apikey","apikey":[{"key":"key","value":"X-API-Key","type":"string"},{"key":"value","value":"{{token}}","type":"string"}]},"event":[{"listen":"prerequest","script":{"type":"text/javascript","exec":[""]}},{"listen":"test","script":{"type":"text/javascript","exec":[""]}}],"variable":[{"id":"c1de6ff3-b7c8-4ae5-b864-2489f1bbc6c3","key":"baseUrl","value":"https://farming-simulator.pstmn.io"}]}