{"info":{"_postman_id":"be5af6bc-b323-4da8-9b39-3447e9b526ee","name":"Locations","description":"The valid city location codes in SAP Concur. The location codes vary by client, and cannot be used across multiple clients. This API provides methods to get a list of valid locations for the supplied user, or get details of a location by ID.","schema":"https://schema.getpostman.com/json/collection/v2.1.0/collection.json"},"item":[{"name":"common","item":[{"name":"locations","item":[{"name":"{id}","item":[{"name":"Retrieves a location by ID.","id":"82343fad-8ca2-41b7-b20e-4d41d1e81d1c","protocolProfileBehavior":{"disableBodyPruning":true},"request":{"method":"GET","header":[{"key":"Accept","value":"application/json"}],"url":{"raw":"{{baseUrl}}/common/locations/:id","host":["{{baseUrl}}"],"path":["common","locations",":id"],"variable":[{"id":"d4620381-04e5-4c25-b9f2-fd9063e5ac2c","key":"id","value":"<string>"}]},"description":"Gets details of the specified location."},"response":[{"id":"b3bbd842-f6c7-483d-9093-f043bdb95ad1","name":"Success","originalRequest":{"method":"GET","header":[{"key":"Accept","value":"application/json"},{"description":"Added as a part of security scheme: oauth2","key":"Authorization","value":"<token>"}],"url":{"raw":"{{baseUrl}}/common/locations/:id","host":["{{baseUrl}}"],"path":["common","locations",":id"],"variable":[{"key":"id"}]}},"status":"OK","code":200,"_postman_previewlanguage":"json","header":[{"key":"Content-Type","value":"application/json"}],"cookie":[],"responseTime":null,"body":"{\n  \"AdministrativeRegion\": \"<string>\",\n  \"Country\": \"<string>\",\n  \"CountrySubdivision\": \"<string>\",\n  \"IATACode\": \"<string>\",\n  \"ID\": \"<string>\",\n  \"IsAirport\": \"<boolean>\",\n  \"IsBookingTool\": \"<boolean>\",\n  \"Latitude\": \"<double>\",\n  \"Longitude\": \"<double>\",\n  \"Name\": \"<string>\",\n  \"URI\": \"<string>\"\n}"}]}],"id":"0569e0d9-1720-445b-8594-4ef07e18a594"},{"name":"Retrieves all locations.","id":"81d2ce94-8bc0-4539-ac6f-4c99018ccbb8","protocolProfileBehavior":{"disableBodyPruning":true},"request":{"method":"GET","header":[{"key":"Accept","value":"application/json"}],"url":{"raw":"{{baseUrl}}/common/locations?offset=<string>&limit=<integer>&name=<string>&city=<string>&countrySubdivision=<string>&country=<string>&administrativeRegion=<string>","host":["{{baseUrl}}"],"path":["common","locations"],"query":[{"description":"The starting point of the next set of results, after the limit specified in the limit field has been reached.","key":"offset","value":"<string>"},{"description":"The number of records to return. Default value: 25.","key":"limit","value":"<integer>"},{"description":"A common name associated with the location. This name can be a location description such as a neighborhood (SoHo), a landmark (Statue of Liberty), or a city name (New York).","key":"name","value":"<string>"},{"description":"The city name of the location.","key":"city","value":"<string>"},{"description":"The ISO 3166-2:2007 country subdivision code for the location. Example: US-WA.","key":"countrySubdivision","value":"<string>"},{"description":"The 2-letter ISO 3166-1 country code for the location. Example: United States is US.","key":"country","value":"<string>"},{"description":"The administrative region of the location. An administrative region is a government unit, such as a county, that contains one or more cities.","key":"administrativeRegion","value":"<string>"}]},"description":"Gets details of locations that are used by SAP Concur and that are valid at the user's company."},"response":[{"id":"fdf9f7bd-1d65-4143-998a-8827a7568b42","name":"Success","originalRequest":{"method":"GET","header":[{"key":"Accept","value":"application/json"},{"description":"Added as a part of security scheme: oauth2","key":"Authorization","value":"<token>"}],"url":{"raw":"{{baseUrl}}/common/locations?offset=<string>&limit=<integer>&name=<string>&city=<string>&countrySubdivision=<string>&country=<string>&administrativeRegion=<string>","host":["{{baseUrl}}"],"path":["common","locations"],"query":[{"description":"The starting point of the next set of results, after the limit specified in the limit field has been reached.","key":"offset","value":"<string>"},{"description":"The number of records to return. Default value: 25.","key":"limit","value":"<integer>"},{"description":"A common name associated with the location. This name can be a location description such as a neighborhood (SoHo), a landmark (Statue of Liberty), or a city name (New York).","key":"name","value":"<string>"},{"description":"The city name of the location.","key":"city","value":"<string>"},{"description":"The ISO 3166-2:2007 country subdivision code for the location. Example: US-WA.","key":"countrySubdivision","value":"<string>"},{"description":"The 2-letter ISO 3166-1 country code for the location. Example: United States is US.","key":"country","value":"<string>"},{"description":"The administrative region of the location. An administrative region is a government unit, such as a county, that contains one or more cities.","key":"administrativeRegion","value":"<string>"}]}},"status":"OK","code":200,"_postman_previewlanguage":"json","header":[{"key":"Content-Type","value":"application/json"}],"cookie":[],"responseTime":null,"body":"{\n  \"Items\": {\n    \"AdministrativeRegion\": \"<string>\",\n    \"Country\": \"<string>\",\n    \"CountrySubdivision\": \"<string>\",\n    \"IATACode\": \"<string>\",\n    \"ID\": \"<string>\",\n    \"IsAirport\": \"<boolean>\",\n    \"IsBookingTool\": \"<boolean>\",\n    \"Latitude\": \"<double>\",\n    \"Longitude\": \"<double>\",\n    \"Name\": \"<string>\",\n    \"URI\": \"<string>\"\n  },\n  \"NextPage\": \"<string>\"\n}"}]}],"id":"e8cfd024-4ace-40bc-b003-a7ddb533420c"}],"id":"26f676cf-28ad-45ab-bea2-6b15809c77d9"}],"auth":{"type":"oauth2","oauth2":[{"key":"accessTokenUrl","value":"https://us.api.concursolutions.com/oauth2/v0","type":"string"},{"key":"grant_type","value":"client_credentials","type":"string"}]},"variable":[{"id":"f38497d4-66c9-403b-88cd-db1dc649a760","key":"baseUrl","value":"https://www.concursolutions.com/api/v3.0"}]}