{"info":{"_postman_id":"c364529f-c270-4a8c-955d-00ac1e6057c3","name":"Sales Tax Validation Request","description":"An invoice is a bill of sale for goods or services. This API provides invoice information so that clients can calculate appropriate sales tax for invoice items. It also allows clients to update the invoice with the calculated sales tax.","schema":"https://schema.getpostman.com/json/collection/v2.1.0/collection.json"},"item":[{"name":"invoice","item":[{"name":"salestaxvalidationrequest","item":[{"name":"Get invoices","id":"8c17cd61-8ee2-481d-8f0f-8e6b58d8a5be","protocolProfileBehavior":{"disableBodyPruning":true},"request":{"method":"GET","header":[{"key":"Accept","value":"application/json"}],"url":{"raw":"{{baseUrl}}/invoice/salestaxvalidationrequest?offset=<string>&limit=<integer>&modifiedafter=<string>","host":["{{baseUrl}}"],"path":["invoice","salestaxvalidationrequest"],"query":[{"description":"The starting point of the next set of results, after the limit specified in the limit field has been reached.","key":"offset","value":"<string>"},{"description":"The number of invoices to retrieve. Maximum value: 1000","key":"limit","value":"<integer>"},{"description":"A parameter that can be used to limit the results to invoices modified after the specified date.","key":"modifiedafter","value":"<string>"}]},"description":"Gets invoices for the purpose of calculating sales tax."},"response":[{"id":"b043e193-8540-4b32-9356-f28aea56f636","name":"Success","originalRequest":{"method":"GET","header":[{"key":"Accept","value":"application/json"},{"description":"Added as a part of security scheme: oauth2","key":"Authorization","value":"<token>"}],"url":{"raw":"{{baseUrl}}/invoice/salestaxvalidationrequest?offset=<string>&limit=<integer>&modifiedafter=<string>","host":["{{baseUrl}}"],"path":["invoice","salestaxvalidationrequest"],"query":[{"description":"The starting point of the next set of results, after the limit specified in the limit field has been reached.","key":"offset","value":"<string>"},{"description":"The number of invoices to retrieve. Maximum value: 1000","key":"limit","value":"<integer>"},{"description":"A parameter that can be used to limit the results to invoices modified after the specified date.","key":"modifiedafter","value":"<string>"}]}},"status":"OK","code":200,"_postman_previewlanguage":"json","header":[{"key":"Content-Type","value":"application/json"}],"cookie":[],"responseTime":null,"body":"{\n  \"Items\": {\n    \"BillToAddress\": {\n      \"Address1\": \"<string>\",\n      \"Address2\": \"<string>\",\n      \"Address3\": \"<string>\",\n      \"City\": \"<string>\",\n      \"CountryCode\": \"<string>\",\n      \"ExternalID\": \"<string>\",\n      \"Name\": \"<string>\",\n      \"PostalCode\": \"<string>\",\n      \"State\": \"<string>\",\n      \"StateProvince\": \"<string>\"\n    },\n    \"CalculatedTaxAmount\": \"<string>\",\n    \"CalculatedTaxRate\": \"<string>\",\n    \"CountryCode\": \"<string>\",\n    \"CurrencyCode\": \"<string>\",\n    \"ID\": \"<string>\",\n    \"InvoiceAmount\": \"<string>\",\n    \"InvoiceDate\": \"<string>\",\n    \"LineItem\": {\n      \"CalculatedTaxAmount\": \"<string>\",\n      \"CalculatedTaxRate\": \"<string>\",\n      \"CommodityCode\": \"<string>\",\n      \"CountryCode\": \"<string>\",\n      \"CurrencyCode\": \"<string>\",\n      \"LineItemKey\": \"<string>\",\n      \"Quantity\": \"<string>\",\n      \"Total\": \"<string>\",\n      \"UnitPrice\": \"<string>\",\n      \"Vendor\": {\n        \"Address1\": \"<string>\",\n        \"Address2\": \"<string>\",\n        \"Address3\": \"<string>\",\n        \"City\": \"<string>\",\n        \"CountryCode\": \"<string>\",\n        \"PostalCode\": \"<string>\",\n        \"State\": \"<string>\",\n        \"VendorAddressName\": \"<string>\",\n        \"VendorName\": \"<string>\"\n      }\n    },\n    \"PurchaseOrderNumber\": \"<string>\",\n    \"RequestID\": \"<string>\",\n    \"ShippingAmount\": \"<string>\",\n    \"ShipToAddress\": {\n      \"Address1\": \"<string>\",\n      \"Address2\": \"<string>\",\n      \"Address3\": \"<string>\",\n      \"City\": \"<string>\",\n      \"CountryCode\": \"<string>\",\n      \"ExternalID\": \"<string>\",\n      \"Name\": \"<string>\",\n      \"PostalCode\": \"<string>\",\n      \"State\": \"<string>\",\n      \"StateProvince\": \"<string>\"\n    },\n    \"Status\": \"<string>\",\n    \"StatusCode\": \"<string>\",\n    \"Tax\": \"<string>\",\n    \"TaxReferenceID\": \"<string>\",\n    \"Title\": \"<string>\",\n    \"Total\": \"<string>\",\n    \"URI\": \"<string>\",\n    \"VendorInvoiceNumber\": \"<string>\"\n  },\n  \"NextPage\": \"<string>\",\n  \"TotalCount\": \"<integer>\"\n}"}]},{"name":"Update invoices with the calculated tax information","id":"baefb3cb-6628-456a-b94d-6e249fdd0ecf","protocolProfileBehavior":{"disableBodyPruning":true},"request":{"method":"PUT","header":[{"key":"Content-Type","value":"application/json"},{"key":"Accept","value":"application/json"}],"body":{"mode":"raw","raw":"{\n  \"CalculatedTaxAmount\": \"<string>\",\n  \"CalculatedTaxRate\": \"<string>\",\n  \"Comments\": \"<string>\",\n  \"ID\": \"<string>\",\n  \"LineItem\": {\n    \"CalculatedTaxAmount\": \"<string>\",\n    \"CalculatedTaxRate\": \"<string>\",\n    \"LineItemKey\": \"<string>\"\n  },\n  \"Status\": \"<string>\",\n  \"StatusCode\": \"<string>\",\n  \"TaxReferenceID\": \"<string>\",\n  \"URI\": \"<string>\"\n}","options":{"raw":{"headerFamily":"json","language":"json"}}},"url":{"raw":"{{baseUrl}}/invoice/salestaxvalidationrequest","host":["{{baseUrl}}"],"path":["invoice","salestaxvalidationrequest"]},"description":"Updates the specified invoices with the calculated tax amount and tax rate."},"response":[{"id":"f9d06d27-2565-4629-8d76-4cb694b60ee8","name":"Success","originalRequest":{"method":"PUT","header":[{"key":"Content-Type","value":"application/json"},{"key":"Accept","value":"application/json"},{"description":"Added as a part of security scheme: oauth2","key":"Authorization","value":"<token>"}],"body":{"mode":"raw","raw":"{\n  \"CalculatedTaxAmount\": \"<string>\",\n  \"CalculatedTaxRate\": \"<string>\",\n  \"Comments\": \"<string>\",\n  \"ID\": \"<string>\",\n  \"LineItem\": {\n    \"CalculatedTaxAmount\": \"<string>\",\n    \"CalculatedTaxRate\": \"<string>\",\n    \"LineItemKey\": \"<string>\"\n  },\n  \"Status\": \"<string>\",\n  \"StatusCode\": \"<string>\",\n  \"TaxReferenceID\": \"<string>\",\n  \"URI\": \"<string>\"\n}","options":{"raw":{"headerFamily":"json","language":"json"}}},"url":{"raw":"{{baseUrl}}/invoice/salestaxvalidationrequest","host":["{{baseUrl}}"],"path":["invoice","salestaxvalidationrequest"]}},"status":"OK","code":200,"_postman_previewlanguage":"json","header":[{"key":"Content-Type","value":"application/json"}],"cookie":[],"responseTime":null,"body":"{\n  \"Code\": \"<integer>\",\n  \"Comments\": \"<string>\",\n  \"Message\": \"<string>\",\n  \"RecordNumber\": \"<integer>\",\n  \"Status\": \"<string>\",\n  \"TaxReferenceID\": \"<string>\",\n  \"Type\": \"<string>\"\n}"},{"id":"86b36cd6-cbd3-4726-8ae2-47f14e3fe2ca","name":"Bad Request","originalRequest":{"method":"PUT","header":[{"key":"Content-Type","value":"application/json"},{"key":"Accept","value":"application/json"},{"description":"Added as a part of security scheme: oauth2","key":"Authorization","value":"<token>"}],"body":{"mode":"raw","raw":"{\n  \"CalculatedTaxAmount\": \"<string>\",\n  \"CalculatedTaxRate\": \"<string>\",\n  \"Comments\": \"<string>\",\n  \"ID\": \"<string>\",\n  \"LineItem\": {\n    \"CalculatedTaxAmount\": \"<string>\",\n    \"CalculatedTaxRate\": \"<string>\",\n    \"LineItemKey\": \"<string>\"\n  },\n  \"Status\": \"<string>\",\n  \"StatusCode\": \"<string>\",\n  \"TaxReferenceID\": \"<string>\",\n  \"URI\": \"<string>\"\n}","options":{"raw":{"headerFamily":"json","language":"json"}}},"url":{"raw":"{{baseUrl}}/invoice/salestaxvalidationrequest","host":["{{baseUrl}}"],"path":["invoice","salestaxvalidationrequest"]}},"status":"Bad Request","code":400,"_postman_previewlanguage":"json","header":[{"key":"Content-Type","value":"application/json"}],"cookie":[],"responseTime":null,"body":"{}"}]}],"id":"c21193e6-e37c-4096-ac1d-fb129d504e83"}],"id":"14d5dbd5-eb3e-480a-9ffa-9e9d71530052"}],"auth":{"type":"oauth2","oauth2":[{"key":"accessTokenUrl","value":"https://us.api.concursolutions.com/oauth2/v0","type":"string"},{"key":"grant_type","value":"client_credentials","type":"string"}]},"variable":[{"id":"dc4726b4-427f-4661-ab78-cb6eb863cedb","key":"baseUrl","value":"https://www.concursolutions.com/api/v3.0"}]}