{"info":{"_postman_id":"c666aa82-612c-4784-a43d-df397ea108a2","name":"Attendees","description":"Get the configured attendees for a user. You can also update attendees by providing some or all of the attendee fields, or create new attendees.","schema":"https://schema.getpostman.com/json/collection/v2.1.0/collection.json"},"item":[{"name":"expense","item":[{"name":"attendees","item":[{"name":"{id}","item":[{"name":"Get attendee","id":"ae9b8240-b9c7-40a7-afd8-c1da57d9851c","protocolProfileBehavior":{"disableBodyPruning":true},"request":{"method":"GET","header":[{"key":"Accept","value":"application/json"}],"url":{"raw":"{{baseUrl}}/expense/attendees/:id?user=<string>","host":["{{baseUrl}}"],"path":["expense","attendees",":id"],"query":[{"description":"The login ID of the user that has added the attendee to an expense. The user who is performing this API request must have the Web Services Admin (Professional) or Can Administer (Standard) user role to use this parameter.","key":"user","value":"<string>"}],"variable":[{"id":"eca8f859-3c93-4705-95ee-77fadbe349f2","key":"id","value":"<string>"}]},"description":"Gets a single attendee by ID."},"response":[{"id":"b76b7448-9ae5-4fc3-b761-6466844825fd","name":"Success","originalRequest":{"method":"GET","header":[{"key":"Accept","value":"application/json"},{"description":"Added as a part of security scheme: oauth2","key":"Authorization","value":"<token>"}],"url":{"raw":"{{baseUrl}}/expense/attendees/:id?user=<string>","host":["{{baseUrl}}"],"path":["expense","attendees",":id"],"query":[{"description":"The login ID of the user that has added the attendee to an expense. The user who is performing this API request must have the Web Services Admin (Professional) or Can Administer (Standard) user role to use this parameter.","key":"user","value":"<string>"}],"variable":[{"key":"id"}]}},"status":"OK","code":200,"_postman_previewlanguage":"json","header":[{"key":"Content-Type","value":"application/json"}],"cookie":[],"responseTime":null,"body":"{\n  \"AttendeeTypeCode\": \"<string>\",\n  \"AttendeeTypeID\": \"<string>\",\n  \"Company\": \"<string>\",\n  \"CurrencyCode\": \"<string>\",\n  \"Custom1\": {\n    \"Code\": \"<string>\",\n    \"ListItemID\": \"<string>\",\n    \"Type\": \"<string>\",\n    \"Value\": \"<string>\"\n  },\n  \"Custom10\": {\n    \"Code\": \"<string>\",\n    \"ListItemID\": \"<string>\",\n    \"Type\": \"<string>\",\n    \"Value\": \"<string>\"\n  },\n  \"Custom11\": {\n    \"Code\": \"<string>\",\n    \"ListItemID\": \"<string>\",\n    \"Type\": \"<string>\",\n    \"Value\": \"<string>\"\n  },\n  \"Custom12\": {\n    \"Code\": \"<string>\",\n    \"ListItemID\": \"<string>\",\n    \"Type\": \"<string>\",\n    \"Value\": \"<string>\"\n  },\n  \"Custom13\": {\n    \"Code\": \"<string>\",\n    \"ListItemID\": \"<string>\",\n    \"Type\": \"<string>\",\n    \"Value\": \"<string>\"\n  },\n  \"Custom14\": {\n    \"Code\": \"<string>\",\n    \"ListItemID\": \"<string>\",\n    \"Type\": \"<string>\",\n    \"Value\": \"<string>\"\n  },\n  \"Custom15\": {\n    \"Code\": \"<string>\",\n    \"ListItemID\": \"<string>\",\n    \"Type\": \"<string>\",\n    \"Value\": \"<string>\"\n  },\n  \"Custom16\": {\n    \"Code\": \"<string>\",\n    \"ListItemID\": \"<string>\",\n    \"Type\": \"<string>\",\n    \"Value\": \"<string>\"\n  },\n  \"Custom17\": {\n    \"Code\": \"<string>\",\n    \"ListItemID\": \"<string>\",\n    \"Type\": \"<string>\",\n    \"Value\": \"<string>\"\n  },\n  \"Custom18\": {\n    \"Code\": \"<string>\",\n    \"ListItemID\": \"<string>\",\n    \"Type\": \"<string>\",\n    \"Value\": \"<string>\"\n  },\n  \"Custom19\": {\n    \"Code\": \"<string>\",\n    \"ListItemID\": \"<string>\",\n    \"Type\": \"<string>\",\n    \"Value\": \"<string>\"\n  },\n  \"Custom2\": {\n    \"Code\": \"<string>\",\n    \"ListItemID\": \"<string>\",\n    \"Type\": \"<string>\",\n    \"Value\": \"<string>\"\n  },\n  \"Custom20\": {\n    \"Code\": \"<string>\",\n    \"ListItemID\": \"<string>\",\n    \"Type\": \"<string>\",\n    \"Value\": \"<string>\"\n  },\n  \"Custom21\": {\n    \"Code\": \"<string>\",\n    \"ListItemID\": \"<string>\",\n    \"Type\": \"<string>\",\n    \"Value\": \"<string>\"\n  },\n  \"Custom22\": {\n    \"Code\": \"<string>\",\n    \"ListItemID\": \"<string>\",\n    \"Type\": \"<string>\",\n    \"Value\": \"<string>\"\n  },\n  \"Custom23\": {\n    \"Code\": \"<string>\",\n    \"ListItemID\": \"<string>\",\n    \"Type\": \"<string>\",\n    \"Value\": \"<string>\"\n  },\n  \"Custom24\": {\n    \"Code\": \"<string>\",\n    \"ListItemID\": \"<string>\",\n    \"Type\": \"<string>\",\n    \"Value\": \"<string>\"\n  },\n  \"Custom25\": {\n    \"Code\": \"<string>\",\n    \"ListItemID\": \"<string>\",\n    \"Type\": \"<string>\",\n    \"Value\": \"<string>\"\n  },\n  \"Custom3\": {\n    \"Code\": \"<string>\",\n    \"ListItemID\": \"<string>\",\n    \"Type\": \"<string>\",\n    \"Value\": \"<string>\"\n  },\n  \"Custom4\": {\n    \"Code\": \"<string>\",\n    \"ListItemID\": \"<string>\",\n    \"Type\": \"<string>\",\n    \"Value\": \"<string>\"\n  },\n  \"Custom5\": {\n    \"Code\": \"<string>\",\n    \"ListItemID\": \"<string>\",\n    \"Type\": \"<string>\",\n    \"Value\": \"<string>\"\n  },\n  \"Custom6\": {\n    \"Code\": \"<string>\",\n    \"ListItemID\": \"<string>\",\n    \"Type\": \"<string>\",\n    \"Value\": \"<string>\"\n  },\n  \"Custom7\": {\n    \"Code\": \"<string>\",\n    \"ListItemID\": \"<string>\",\n    \"Type\": \"<string>\",\n    \"Value\": \"<string>\"\n  },\n  \"Custom8\": {\n    \"Code\": \"<string>\",\n    \"ListItemID\": \"<string>\",\n    \"Type\": \"<string>\",\n    \"Value\": \"<string>\"\n  },\n  \"Custom9\": {\n    \"Code\": \"<string>\",\n    \"ListItemID\": \"<string>\",\n    \"Type\": \"<string>\",\n    \"Value\": \"<string>\"\n  },\n  \"ExternalID\": \"<string>\",\n  \"FirstName\": \"<string>\",\n  \"HasExceptionsPrevYear\": \"<boolean>\",\n  \"HasExceptionsYTD\": \"<boolean>\",\n  \"ID\": \"<string>\",\n  \"LastName\": \"<string>\",\n  \"MiddleInitial\": \"<string>\",\n  \"OwnerLoginID\": \"<string>\",\n  \"OwnerName\": \"<string>\",\n  \"Suffix\": \"<string>\",\n  \"Title\": \"<string>\",\n  \"TotalAmountPrevYear\": \"<double>\",\n  \"TotalAmountYTD\": \"<double>\",\n  \"URI\": \"<string>\",\n  \"VersionNumber\": \"<integer>\"\n}"}]},{"name":"Update attendee","id":"ae01f997-b149-4ce3-904d-00c0d2749c04","protocolProfileBehavior":{"disableBodyPruning":true},"request":{"method":"PUT","header":[{"key":"Content-Type","value":"application/json"},{"key":"Accept","value":"application/json"}],"body":{"mode":"raw","raw":"{\n  \"AttendeeTypeID\": \"<string>\",\n  \"Company\": \"<string>\",\n  \"CurrencyCode\": \"<string>\",\n  \"Custom1\": \"<string>\",\n  \"Custom10\": \"<string>\",\n  \"Custom11\": \"<string>\",\n  \"Custom12\": \"<string>\",\n  \"Custom13\": \"<string>\",\n  \"Custom14\": \"<string>\",\n  \"Custom15\": \"<string>\",\n  \"Custom16\": \"<string>\",\n  \"Custom17\": \"<string>\",\n  \"Custom18\": \"<string>\",\n  \"Custom19\": \"<string>\",\n  \"Custom2\": \"<string>\",\n  \"Custom20\": \"<string>\",\n  \"Custom21\": \"<string>\",\n  \"Custom22\": \"<string>\",\n  \"Custom23\": \"<string>\",\n  \"Custom24\": \"<string>\",\n  \"Custom25\": \"<string>\",\n  \"Custom3\": \"<string>\",\n  \"Custom4\": \"<string>\",\n  \"Custom5\": \"<string>\",\n  \"Custom6\": \"<string>\",\n  \"Custom7\": \"<string>\",\n  \"Custom8\": \"<string>\",\n  \"Custom9\": \"<string>\",\n  \"ExternalID\": \"<string>\",\n  \"FirstName\": \"<string>\",\n  \"LastName\": \"<string>\",\n  \"MiddleInitial\": \"<string>\",\n  \"Suffix\": \"<string>\",\n  \"Title\": \"<string>\",\n  \"TotalAmountYTD\": \"<double>\"\n}","options":{"raw":{"headerFamily":"json","language":"json"}}},"url":{"raw":"{{baseUrl}}/expense/attendees/:id?user=<string>","host":["{{baseUrl}}"],"path":["expense","attendees",":id"],"query":[{"description":"The login ID of the user that has added the attendee to an expense. The user who is performing this API request must have the Web Services Admin (Professional) or Can Administer (Standard) user role to use this parameter.","key":"user","value":"<string>"}],"variable":[{"id":"ffeee8e4-f5c7-46b1-8887-20a5f18bbf78","key":"id","value":"<string>"}]},"description":"Updates the specified attendee. Only the fields provided in the supplied object are updated. Missing fields are not altered."},"response":[{"id":"49873eb7-3b78-43c5-acb8-77b41c67fdd6","name":"Success","originalRequest":{"method":"PUT","header":[{"key":"Content-Type","value":"application/json"},{"key":"Accept","value":"application/json"},{"description":"Added as a part of security scheme: oauth2","key":"Authorization","value":"<token>"}],"body":{"mode":"raw","raw":"{\n  \"AttendeeTypeID\": \"<string>\",\n  \"Company\": \"<string>\",\n  \"CurrencyCode\": \"<string>\",\n  \"Custom1\": \"<string>\",\n  \"Custom10\": \"<string>\",\n  \"Custom11\": \"<string>\",\n  \"Custom12\": \"<string>\",\n  \"Custom13\": \"<string>\",\n  \"Custom14\": \"<string>\",\n  \"Custom15\": \"<string>\",\n  \"Custom16\": \"<string>\",\n  \"Custom17\": \"<string>\",\n  \"Custom18\": \"<string>\",\n  \"Custom19\": \"<string>\",\n  \"Custom2\": \"<string>\",\n  \"Custom20\": \"<string>\",\n  \"Custom21\": \"<string>\",\n  \"Custom22\": \"<string>\",\n  \"Custom23\": \"<string>\",\n  \"Custom24\": \"<string>\",\n  \"Custom25\": \"<string>\",\n  \"Custom3\": \"<string>\",\n  \"Custom4\": \"<string>\",\n  \"Custom5\": \"<string>\",\n  \"Custom6\": \"<string>\",\n  \"Custom7\": \"<string>\",\n  \"Custom8\": \"<string>\",\n  \"Custom9\": \"<string>\",\n  \"ExternalID\": \"<string>\",\n  \"FirstName\": \"<string>\",\n  \"LastName\": \"<string>\",\n  \"MiddleInitial\": \"<string>\",\n  \"Suffix\": \"<string>\",\n  \"Title\": \"<string>\",\n  \"TotalAmountYTD\": \"<double>\"\n}","options":{"raw":{"headerFamily":"json","language":"json"}}},"url":{"raw":"{{baseUrl}}/expense/attendees/:id?user=<string>","host":["{{baseUrl}}"],"path":["expense","attendees",":id"],"query":[{"description":"The login ID of the user that has added the attendee to an expense. The user who is performing this API request must have the Web Services Admin (Professional) or Can Administer (Standard) user role to use this parameter.","key":"user","value":"<string>"}],"variable":[{"key":"id"}]}},"status":"OK","code":200,"_postman_previewlanguage":"json","header":[{"key":"Content-Type","value":"application/json"}],"cookie":[],"responseTime":null,"body":"{}"},{"id":"cfcca8c5-84d9-44fc-b46e-083928ab478c","name":"Bad Request","originalRequest":{"method":"PUT","header":[{"key":"Content-Type","value":"application/json"},{"key":"Accept","value":"application/json"},{"description":"Added as a part of security scheme: oauth2","key":"Authorization","value":"<token>"}],"body":{"mode":"raw","raw":"{\n  \"AttendeeTypeID\": \"<string>\",\n  \"Company\": \"<string>\",\n  \"CurrencyCode\": \"<string>\",\n  \"Custom1\": \"<string>\",\n  \"Custom10\": \"<string>\",\n  \"Custom11\": \"<string>\",\n  \"Custom12\": \"<string>\",\n  \"Custom13\": \"<string>\",\n  \"Custom14\": \"<string>\",\n  \"Custom15\": \"<string>\",\n  \"Custom16\": \"<string>\",\n  \"Custom17\": \"<string>\",\n  \"Custom18\": \"<string>\",\n  \"Custom19\": \"<string>\",\n  \"Custom2\": \"<string>\",\n  \"Custom20\": \"<string>\",\n  \"Custom21\": \"<string>\",\n  \"Custom22\": \"<string>\",\n  \"Custom23\": \"<string>\",\n  \"Custom24\": \"<string>\",\n  \"Custom25\": \"<string>\",\n  \"Custom3\": \"<string>\",\n  \"Custom4\": \"<string>\",\n  \"Custom5\": \"<string>\",\n  \"Custom6\": \"<string>\",\n  \"Custom7\": \"<string>\",\n  \"Custom8\": \"<string>\",\n  \"Custom9\": \"<string>\",\n  \"ExternalID\": \"<string>\",\n  \"FirstName\": \"<string>\",\n  \"LastName\": \"<string>\",\n  \"MiddleInitial\": \"<string>\",\n  \"Suffix\": \"<string>\",\n  \"Title\": \"<string>\",\n  \"TotalAmountYTD\": \"<double>\"\n}","options":{"raw":{"headerFamily":"json","language":"json"}}},"url":{"raw":"{{baseUrl}}/expense/attendees/:id?user=<string>","host":["{{baseUrl}}"],"path":["expense","attendees",":id"],"query":[{"description":"The login ID of the user that has added the attendee to an expense. The user who is performing this API request must have the Web Services Admin (Professional) or Can Administer (Standard) user role to use this parameter.","key":"user","value":"<string>"}],"variable":[{"key":"id"}]}},"status":"Bad Request","code":400,"_postman_previewlanguage":"json","header":[{"key":"Content-Type","value":"application/json"}],"cookie":[],"responseTime":null,"body":"{}"}]},{"name":"Delete an attendee by ID","id":"3a1395c6-6361-46e7-9ffb-3899b46ce145","protocolProfileBehavior":{"disableBodyPruning":true},"request":{"method":"DELETE","header":[{"key":"Accept","value":"application/json"}],"url":{"raw":"{{baseUrl}}/expense/attendees/:id?user=<string>","host":["{{baseUrl}}"],"path":["expense","attendees",":id"],"query":[{"description":"The login ID of the user that has added the attendee to an expense. The user who is performing this API request must have the Web Services Admin (Professional) or Can Administer (Standard) user role to use this parameter.","key":"user","value":"<string>"}],"variable":[{"id":"574b0667-2e1f-4f4d-8495-28b3e2f56e14","key":"id","value":"<string>"}]},"description":"DEPRECATED: 05/19/2016 UNSUPPORTED: 11/19/2016 Deletes the specified attendee."},"response":[{"id":"295fc96b-0f00-454c-b1fc-2865925f49e7","name":"Success","originalRequest":{"method":"DELETE","header":[{"key":"Accept","value":"application/json"},{"description":"Added as a part of security scheme: oauth2","key":"Authorization","value":"<token>"}],"url":{"raw":"{{baseUrl}}/expense/attendees/:id?user=<string>","host":["{{baseUrl}}"],"path":["expense","attendees",":id"],"query":[{"description":"The login ID of the user that has added the attendee to an expense. The user who is performing this API request must have the Web Services Admin (Professional) or Can Administer (Standard) user role to use this parameter.","key":"user","value":"<string>"}],"variable":[{"key":"id"}]}},"status":"OK","code":200,"_postman_previewlanguage":"json","header":[{"key":"Content-Type","value":"application/json"}],"cookie":[],"responseTime":null,"body":"{}"},{"id":"09af70ee-b988-474a-b2df-82970edfbbef","name":"Bad Request","originalRequest":{"method":"DELETE","header":[{"key":"Accept","value":"application/json"},{"description":"Added as a part of security scheme: oauth2","key":"Authorization","value":"<token>"}],"url":{"raw":"{{baseUrl}}/expense/attendees/:id?user=<string>","host":["{{baseUrl}}"],"path":["expense","attendees",":id"],"query":[{"description":"The login ID of the user that has added the attendee to an expense. The user who is performing this API request must have the Web Services Admin (Professional) or Can Administer (Standard) user role to use this parameter.","key":"user","value":"<string>"}],"variable":[{"key":"id"}]}},"status":"Bad Request","code":400,"_postman_previewlanguage":"json","header":[{"key":"Content-Type","value":"application/json"}],"cookie":[],"responseTime":null,"body":"{}"}]}],"id":"5ed0b868-5928-4dad-94b9-0fabf662bafc"},{"name":"Get all attendees","id":"670e9847-e1fa-49ad-ac61-10ad1f7c20ed","protocolProfileBehavior":{"disableBodyPruning":true},"request":{"method":"GET","header":[{"key":"Accept","value":"application/json"}],"url":{"raw":"{{baseUrl}}/expense/attendees?externalID=<string>&attendeeTypeID=<string>&offset=<string>&limit=<integer>&user=<string>","host":["{{baseUrl}}"],"path":["expense","attendees"],"query":[{"description":"The external ID of an attendee. By entering a value for this parameter, you can limit the results to the attendees who match the specified external ID. Up to 10 comma-separated external IDs may be specified.","key":"externalID","value":"<string>"},{"description":"The ID of an attendee type. By entering a value for this parameter, you can limit the results to the attendees who match the specified type.","key":"attendeeTypeID","value":"<string>"},{"description":"The starting point of the next set of results, after the limit specified in the limit field has been reached.","key":"offset","value":"<string>"},{"description":"The number of records to return. Default value: 25","key":"limit","value":"<integer>"},{"description":"The login ID of the user that has added the attendee to an expense. The user who is performing this API request must have the Web Services Admin (Professional) or Can Administer (Standard) user role to use this parameter.","key":"user","value":"<string>"}]},"description":"Gets all attendees owned by the specified user, or the user associated with the access token."},"response":[{"id":"ff158121-4f8c-4ce6-ac5e-339833179150","name":"Success","originalRequest":{"method":"GET","header":[{"key":"Accept","value":"application/json"},{"description":"Added as a part of security scheme: oauth2","key":"Authorization","value":"<token>"}],"url":{"raw":"{{baseUrl}}/expense/attendees?externalID=<string>&attendeeTypeID=<string>&offset=<string>&limit=<integer>&user=<string>","host":["{{baseUrl}}"],"path":["expense","attendees"],"query":[{"description":"The external ID of an attendee. By entering a value for this parameter, you can limit the results to the attendees who match the specified external ID. Up to 10 comma-separated external IDs may be specified.","key":"externalID","value":"<string>"},{"description":"The ID of an attendee type. By entering a value for this parameter, you can limit the results to the attendees who match the specified type.","key":"attendeeTypeID","value":"<string>"},{"description":"The starting point of the next set of results, after the limit specified in the limit field has been reached.","key":"offset","value":"<string>"},{"description":"The number of records to return. Default value: 25","key":"limit","value":"<integer>"},{"description":"The login ID of the user that has added the attendee to an expense. The user who is performing this API request must have the Web Services Admin (Professional) or Can Administer (Standard) user role to use this parameter.","key":"user","value":"<string>"}]}},"status":"OK","code":200,"_postman_previewlanguage":"json","header":[{"key":"Content-Type","value":"application/json"}],"cookie":[],"responseTime":null,"body":"{\n  \"Items\": {\n    \"AttendeeTypeCode\": \"<string>\",\n    \"AttendeeTypeID\": \"<string>\",\n    \"Company\": \"<string>\",\n    \"CurrencyCode\": \"<string>\",\n    \"Custom1\": {\n      \"Code\": \"<string>\",\n      \"ListItemID\": \"<string>\",\n      \"Type\": \"<string>\",\n      \"Value\": \"<string>\"\n    },\n    \"Custom10\": {\n      \"Code\": \"<string>\",\n      \"ListItemID\": \"<string>\",\n      \"Type\": \"<string>\",\n      \"Value\": \"<string>\"\n    },\n    \"Custom11\": {\n      \"Code\": \"<string>\",\n      \"ListItemID\": \"<string>\",\n      \"Type\": \"<string>\",\n      \"Value\": \"<string>\"\n    },\n    \"Custom12\": {\n      \"Code\": \"<string>\",\n      \"ListItemID\": \"<string>\",\n      \"Type\": \"<string>\",\n      \"Value\": \"<string>\"\n    },\n    \"Custom13\": {\n      \"Code\": \"<string>\",\n      \"ListItemID\": \"<string>\",\n      \"Type\": \"<string>\",\n      \"Value\": \"<string>\"\n    },\n    \"Custom14\": {\n      \"Code\": \"<string>\",\n      \"ListItemID\": \"<string>\",\n      \"Type\": \"<string>\",\n      \"Value\": \"<string>\"\n    },\n    \"Custom15\": {\n      \"Code\": \"<string>\",\n      \"ListItemID\": \"<string>\",\n      \"Type\": \"<string>\",\n      \"Value\": \"<string>\"\n    },\n    \"Custom16\": {\n      \"Code\": \"<string>\",\n      \"ListItemID\": \"<string>\",\n      \"Type\": \"<string>\",\n      \"Value\": \"<string>\"\n    },\n    \"Custom17\": {\n      \"Code\": \"<string>\",\n      \"ListItemID\": \"<string>\",\n      \"Type\": \"<string>\",\n      \"Value\": \"<string>\"\n    },\n    \"Custom18\": {\n      \"Code\": \"<string>\",\n      \"ListItemID\": \"<string>\",\n      \"Type\": \"<string>\",\n      \"Value\": \"<string>\"\n    },\n    \"Custom19\": {\n      \"Code\": \"<string>\",\n      \"ListItemID\": \"<string>\",\n      \"Type\": \"<string>\",\n      \"Value\": \"<string>\"\n    },\n    \"Custom2\": {\n      \"Code\": \"<string>\",\n      \"ListItemID\": \"<string>\",\n      \"Type\": \"<string>\",\n      \"Value\": \"<string>\"\n    },\n    \"Custom20\": {\n      \"Code\": \"<string>\",\n      \"ListItemID\": \"<string>\",\n      \"Type\": \"<string>\",\n      \"Value\": \"<string>\"\n    },\n    \"Custom21\": {\n      \"Code\": \"<string>\",\n      \"ListItemID\": \"<string>\",\n      \"Type\": \"<string>\",\n      \"Value\": \"<string>\"\n    },\n    \"Custom22\": {\n      \"Code\": \"<string>\",\n      \"ListItemID\": \"<string>\",\n      \"Type\": \"<string>\",\n      \"Value\": \"<string>\"\n    },\n    \"Custom23\": {\n      \"Code\": \"<string>\",\n      \"ListItemID\": \"<string>\",\n      \"Type\": \"<string>\",\n      \"Value\": \"<string>\"\n    },\n    \"Custom24\": {\n      \"Code\": \"<string>\",\n      \"ListItemID\": \"<string>\",\n      \"Type\": \"<string>\",\n      \"Value\": \"<string>\"\n    },\n    \"Custom25\": {\n      \"Code\": \"<string>\",\n      \"ListItemID\": \"<string>\",\n      \"Type\": \"<string>\",\n      \"Value\": \"<string>\"\n    },\n    \"Custom3\": {\n      \"Code\": \"<string>\",\n      \"ListItemID\": \"<string>\",\n      \"Type\": \"<string>\",\n      \"Value\": \"<string>\"\n    },\n    \"Custom4\": {\n      \"Code\": \"<string>\",\n      \"ListItemID\": \"<string>\",\n      \"Type\": \"<string>\",\n      \"Value\": \"<string>\"\n    },\n    \"Custom5\": {\n      \"Code\": \"<string>\",\n      \"ListItemID\": \"<string>\",\n      \"Type\": \"<string>\",\n      \"Value\": \"<string>\"\n    },\n    \"Custom6\": {\n      \"Code\": \"<string>\",\n      \"ListItemID\": \"<string>\",\n      \"Type\": \"<string>\",\n      \"Value\": \"<string>\"\n    },\n    \"Custom7\": {\n      \"Code\": \"<string>\",\n      \"ListItemID\": \"<string>\",\n      \"Type\": \"<string>\",\n      \"Value\": \"<string>\"\n    },\n    \"Custom8\": {\n      \"Code\": \"<string>\",\n      \"ListItemID\": \"<string>\",\n      \"Type\": \"<string>\",\n      \"Value\": \"<string>\"\n    },\n    \"Custom9\": {\n      \"Code\": \"<string>\",\n      \"ListItemID\": \"<string>\",\n      \"Type\": \"<string>\",\n      \"Value\": \"<string>\"\n    },\n    \"ExternalID\": \"<string>\",\n    \"FirstName\": \"<string>\",\n    \"HasExceptionsPrevYear\": \"<boolean>\",\n    \"HasExceptionsYTD\": \"<boolean>\",\n    \"ID\": \"<string>\",\n    \"LastName\": \"<string>\",\n    \"MiddleInitial\": \"<string>\",\n    \"OwnerLoginID\": \"<string>\",\n    \"OwnerName\": \"<string>\",\n    \"Suffix\": \"<string>\",\n    \"Title\": \"<string>\",\n    \"TotalAmountPrevYear\": \"<double>\",\n    \"TotalAmountYTD\": \"<double>\",\n    \"URI\": \"<string>\",\n    \"VersionNumber\": \"<integer>\"\n  },\n  \"NextPage\": \"<string>\"\n}"}]},{"name":"Create attendee","id":"9b642926-1c12-4023-a791-1d1b5799446b","protocolProfileBehavior":{"disableBodyPruning":true},"request":{"method":"POST","header":[{"key":"Content-Type","value":"application/json"},{"key":"Accept","value":"application/json"}],"body":{"mode":"raw","raw":"{\n  \"AttendeeTypeID\": \"<string>\",\n  \"Company\": \"<string>\",\n  \"CurrencyCode\": \"<string>\",\n  \"Custom1\": \"<string>\",\n  \"Custom10\": \"<string>\",\n  \"Custom11\": \"<string>\",\n  \"Custom12\": \"<string>\",\n  \"Custom13\": \"<string>\",\n  \"Custom14\": \"<string>\",\n  \"Custom15\": \"<string>\",\n  \"Custom16\": \"<string>\",\n  \"Custom17\": \"<string>\",\n  \"Custom18\": \"<string>\",\n  \"Custom19\": \"<string>\",\n  \"Custom2\": \"<string>\",\n  \"Custom20\": \"<string>\",\n  \"Custom21\": \"<string>\",\n  \"Custom22\": \"<string>\",\n  \"Custom23\": \"<string>\",\n  \"Custom24\": \"<string>\",\n  \"Custom25\": \"<string>\",\n  \"Custom3\": \"<string>\",\n  \"Custom4\": \"<string>\",\n  \"Custom5\": \"<string>\",\n  \"Custom6\": \"<string>\",\n  \"Custom7\": \"<string>\",\n  \"Custom8\": \"<string>\",\n  \"Custom9\": \"<string>\",\n  \"ExternalID\": \"<string>\",\n  \"FirstName\": \"<string>\",\n  \"LastName\": \"<string>\",\n  \"MiddleInitial\": \"<string>\",\n  \"Suffix\": \"<string>\",\n  \"Title\": \"<string>\",\n  \"TotalAmountYTD\": \"<double>\"\n}","options":{"raw":{"headerFamily":"json","language":"json"}}},"url":{"raw":"{{baseUrl}}/expense/attendees?user=<string>","host":["{{baseUrl}}"],"path":["expense","attendees"],"query":[{"description":"The login ID of the user that has added the attendee to an expense. The user who is performing this API request must have the Web Services Admin (Professional) or Can Administer (Standard) user role to use this parameter.","key":"user","value":"<string>"}]},"description":"Creates a new attendee."},"response":[{"id":"2e86ae50-0933-4dc9-87f7-f8a9313768fe","name":"Success","originalRequest":{"method":"POST","header":[{"key":"Content-Type","value":"application/json"},{"key":"Accept","value":"application/json"},{"description":"Added as a part of security scheme: oauth2","key":"Authorization","value":"<token>"}],"body":{"mode":"raw","raw":"{\n  \"AttendeeTypeID\": \"<string>\",\n  \"Company\": \"<string>\",\n  \"CurrencyCode\": \"<string>\",\n  \"Custom1\": \"<string>\",\n  \"Custom10\": \"<string>\",\n  \"Custom11\": \"<string>\",\n  \"Custom12\": \"<string>\",\n  \"Custom13\": \"<string>\",\n  \"Custom14\": \"<string>\",\n  \"Custom15\": \"<string>\",\n  \"Custom16\": \"<string>\",\n  \"Custom17\": \"<string>\",\n  \"Custom18\": \"<string>\",\n  \"Custom19\": \"<string>\",\n  \"Custom2\": \"<string>\",\n  \"Custom20\": \"<string>\",\n  \"Custom21\": \"<string>\",\n  \"Custom22\": \"<string>\",\n  \"Custom23\": \"<string>\",\n  \"Custom24\": \"<string>\",\n  \"Custom25\": \"<string>\",\n  \"Custom3\": \"<string>\",\n  \"Custom4\": \"<string>\",\n  \"Custom5\": \"<string>\",\n  \"Custom6\": \"<string>\",\n  \"Custom7\": \"<string>\",\n  \"Custom8\": \"<string>\",\n  \"Custom9\": \"<string>\",\n  \"ExternalID\": \"<string>\",\n  \"FirstName\": \"<string>\",\n  \"LastName\": \"<string>\",\n  \"MiddleInitial\": \"<string>\",\n  \"Suffix\": \"<string>\",\n  \"Title\": \"<string>\",\n  \"TotalAmountYTD\": \"<double>\"\n}","options":{"raw":{"headerFamily":"json","language":"json"}}},"url":{"raw":"{{baseUrl}}/expense/attendees?user=<string>","host":["{{baseUrl}}"],"path":["expense","attendees"],"query":[{"description":"The login ID of the user that has added the attendee to an expense. The user who is performing this API request must have the Web Services Admin (Professional) or Can Administer (Standard) user role to use this parameter.","key":"user","value":"<string>"}]}},"status":"OK","code":200,"_postman_previewlanguage":"json","header":[{"key":"Content-Type","value":"application/json"}],"cookie":[],"responseTime":null,"body":"{\n  \"ID\": \"<string>\",\n  \"URI\": \"<string>\"\n}"},{"id":"3df45719-945f-4d9d-b9dc-af66d0618b33","name":"Bad Request","originalRequest":{"method":"POST","header":[{"key":"Content-Type","value":"application/json"},{"key":"Accept","value":"application/json"},{"description":"Added as a part of security scheme: oauth2","key":"Authorization","value":"<token>"}],"body":{"mode":"raw","raw":"{\n  \"AttendeeTypeID\": \"<string>\",\n  \"Company\": \"<string>\",\n  \"CurrencyCode\": \"<string>\",\n  \"Custom1\": \"<string>\",\n  \"Custom10\": \"<string>\",\n  \"Custom11\": \"<string>\",\n  \"Custom12\": \"<string>\",\n  \"Custom13\": \"<string>\",\n  \"Custom14\": \"<string>\",\n  \"Custom15\": \"<string>\",\n  \"Custom16\": \"<string>\",\n  \"Custom17\": \"<string>\",\n  \"Custom18\": \"<string>\",\n  \"Custom19\": \"<string>\",\n  \"Custom2\": \"<string>\",\n  \"Custom20\": \"<string>\",\n  \"Custom21\": \"<string>\",\n  \"Custom22\": \"<string>\",\n  \"Custom23\": \"<string>\",\n  \"Custom24\": \"<string>\",\n  \"Custom25\": \"<string>\",\n  \"Custom3\": \"<string>\",\n  \"Custom4\": \"<string>\",\n  \"Custom5\": \"<string>\",\n  \"Custom6\": \"<string>\",\n  \"Custom7\": \"<string>\",\n  \"Custom8\": \"<string>\",\n  \"Custom9\": \"<string>\",\n  \"ExternalID\": \"<string>\",\n  \"FirstName\": \"<string>\",\n  \"LastName\": \"<string>\",\n  \"MiddleInitial\": \"<string>\",\n  \"Suffix\": \"<string>\",\n  \"Title\": \"<string>\",\n  \"TotalAmountYTD\": \"<double>\"\n}","options":{"raw":{"headerFamily":"json","language":"json"}}},"url":{"raw":"{{baseUrl}}/expense/attendees?user=<string>","host":["{{baseUrl}}"],"path":["expense","attendees"],"query":[{"description":"The login ID of the user that has added the attendee to an expense. The user who is performing this API request must have the Web Services Admin (Professional) or Can Administer (Standard) user role to use this parameter.","key":"user","value":"<string>"}]}},"status":"Bad Request","code":400,"_postman_previewlanguage":"json","header":[{"key":"Content-Type","value":"application/json"}],"cookie":[],"responseTime":null,"body":"{}"}]}],"id":"04dc3a8c-1aa9-44fc-add2-48ad16d79744"}],"id":"d31acb11-6318-4423-874a-8824bc0e6a3a"}],"auth":{"type":"bearer","bearer":[{"key":"token","value":"{{accessToken}}","type":"string"}]},"event":[{"listen":"prerequest","script":{"id":"be9219e1-321e-41bb-bb6b-fe98b91ec238","type":"text/javascript","exec":[""]}},{"listen":"test","script":{"id":"fa0b2efd-6ebe-499e-99ac-b2e8a72b01cc","type":"text/javascript","exec":[""]}}],"variable":[{"id":"7232e96c-2fdb-4526-b5fd-db8a95817995","key":"baseUrl","value":"https://www.concursolutions.com/api/v3.0"}]}