{"info":{"_postman_id":"c6d6d652-f4c0-4f5b-8367-89e9f8697b81","name":"Swagger Petstore","description":"This is a sample server Petstore server.  You can find out more about Swagger at [http://swagger.io](http://swagger.io) or on [irc.freenode.net, #swagger](http://swagger.io/irc/).  For this sample, you can use the api key `special-key` to test the authorization filters.\n\nContact Support:\n Email: apiteam@swagger.io","schema":"https://schema.getpostman.com/json/collection/v2.1.0/collection.json"},"item":[{"name":"pet","item":[{"name":"{pet Id}","item":[{"name":"Find pet by ID","id":"61d50eea-ba31-41b5-ad6d-cbda0d9b8fe6","request":{"auth":{"type":"apikey","apikey":[{"key":"key","value":"api_key","type":"string"},{"key":"value","value":"<API Key>","type":"string"},{"key":"in","value":"header","type":"string"}]},"method":"GET","header":[{"key":"Accept","value":"application/json"}],"url":{"raw":"{{baseUrl}}/pet/:petId","host":["{{baseUrl}}"],"path":["pet",":petId"],"variable":[{"id":"ae19c5be-4d8e-4dcb-adac-ed583732f357","key":"petId","value":"-29375503","description":"(Required) ID of pet to return"}]},"description":"Returns a single pet"},"response":[{"id":"9a6eebb9-8178-4187-ac38-bdfbd4ddb727","name":"successful operation","originalRequest":{"method":"GET","header":[{"description":"Added as a part of security scheme: apikey","key":"api_key","value":"<API Key>"}],"url":{"raw":"{{baseUrl}}/pet/:petId","host":["{{baseUrl}}"],"path":["pet",":petId"],"variable":[{"key":"petId","value":"-29375503","description":"(Required) ID of pet to return"}]}},"status":"OK","code":200,"_postman_previewlanguage":"json","header":[{"key":"Content-Type","value":"application/json"}],"cookie":[],"responseTime":null,"body":"{\n  \"name\": \"doggie\",\n  \"photoUrls\": [\n    \"deserunt magna consectetur est ut\",\n    \"pariatur aute\"\n  ],\n  \"id\": 49288948,\n  \"category\": {\n    \"id\": -41287870,\n    \"name\": \"aliqua nulla\"\n  },\n  \"tags\": [\n    {\n      \"id\": -94220639,\n      \"name\": \"incididunt\"\n    },\n    {\n      \"id\": -79921867,\n      \"name\": \"sit velit\"\n    }\n  ],\n  \"status\": \"available\"\n}"},{"id":"40d95114-c4a0-4ba3-9efb-40d091aefa9c","name":"Invalid ID supplied","originalRequest":{"method":"GET","header":[{"description":"Added as a part of security scheme: apikey","key":"api_key","value":"<API Key>"}],"url":{"raw":"{{baseUrl}}/pet/:petId","host":["{{baseUrl}}"],"path":["pet",":petId"],"variable":[{"key":"petId","value":"-29375503","description":"(Required) ID of pet to return"}]}},"status":"Bad Request","code":400,"_postman_previewlanguage":"text","header":[{"key":"Content-Type","value":"text/plain"}],"cookie":[],"responseTime":null,"body":""},{"id":"a6c16dca-acd9-4da1-877f-3ea8517f82be","name":"Pet not found","originalRequest":{"method":"GET","header":[{"description":"Added as a part of security scheme: apikey","key":"api_key","value":"<API Key>"}],"url":{"raw":"{{baseUrl}}/pet/:petId","host":["{{baseUrl}}"],"path":["pet",":petId"],"variable":[{"key":"petId","value":"-29375503","description":"(Required) ID of pet to return"}]}},"status":"Not Found","code":404,"_postman_previewlanguage":"text","header":[{"key":"Content-Type","value":"text/plain"}],"cookie":[],"responseTime":null,"body":""}]},{"name":"Updates a pet in the store with form data","id":"373fb2c3-8dd2-4a12-96b6-d449e744a874","protocolProfileBehavior":{"disableBodyPruning":true},"request":{"auth":{"type":"oauth2"},"method":"POST","header":[{"key":"Content-Type","value":"application/x-www-form-urlencoded"}],"body":{"mode":"urlencoded","urlencoded":[{"key":"name","value":"irure aute nulla do","description":"Updated name of the pet"},{"key":"status","value":"sed dolor aliqua","description":"Updated status of the pet"}]},"url":{"raw":"{{baseUrl}}/pet/:petId","host":["{{baseUrl}}"],"path":["pet",":petId"],"variable":[{"id":"61f2725c-2f2d-43c2-912f-d960e01d2398","key":"petId","value":"-29375503","description":"(Required) ID of pet that needs to be updated"}]}},"response":[{"id":"a723b75a-6644-4585-baf0-d55076ac9405","name":"Invalid input","originalRequest":{"method":"POST","header":[{"description":"Added as a part of security scheme: oauth2","key":"Authorization","value":"<token>"}],"body":{"mode":"urlencoded","urlencoded":[{"description":"Updated name of the pet","key":"name","value":"irure aute nulla do"},{"description":"Updated status of the pet","key":"status","value":"sed dolor aliqua"}]},"url":{"raw":"{{baseUrl}}/pet/:petId","host":["{{baseUrl}}"],"path":["pet",":petId"],"variable":[{"key":"petId","value":"-29375503","description":"(Required) ID of pet that needs to be updated"}]}},"status":"Method Not Allowed","code":405,"_postman_previewlanguage":"text","header":[{"key":"Content-Type","value":"text/plain"}],"cookie":[],"responseTime":null,"body":""}]},{"name":"Deletes a pet","id":"cada2fce-fcbb-4bbc-9562-e2ce03274743","request":{"auth":{"type":"oauth2"},"method":"DELETE","header":[{"key":"api_key","value":"dolore nulla"}],"url":{"raw":"{{baseUrl}}/pet/:petId","host":["{{baseUrl}}"],"path":["pet",":petId"],"variable":[{"id":"bc4500e4-b138-4358-a0eb-758a1958d2dc","key":"petId","value":"-29375503","description":"(Required) Pet id to delete"}]}},"response":[{"id":"b173cf35-f8aa-4ec1-b601-89dac6761343","name":"Invalid ID supplied","originalRequest":{"method":"DELETE","header":[{"description":"Added as a part of security scheme: oauth2","key":"Authorization","value":"<token>"},{"key":"api_key","value":"dolore nulla"}],"url":{"raw":"{{baseUrl}}/pet/:petId","host":["{{baseUrl}}"],"path":["pet",":petId"],"variable":[{"key":"petId","value":"-29375503","description":"(Required) Pet id to delete"}]}},"status":"Bad Request","code":400,"_postman_previewlanguage":"text","header":[{"key":"Content-Type","value":"text/plain"}],"cookie":[],"responseTime":null,"body":""},{"id":"4231acba-b0b0-4898-9e24-2ad587531667","name":"Pet not found","originalRequest":{"method":"DELETE","header":[{"description":"Added as a part of security scheme: oauth2","key":"Authorization","value":"<token>"},{"key":"api_key","value":"dolore nulla"}],"url":{"raw":"{{baseUrl}}/pet/:petId","host":["{{baseUrl}}"],"path":["pet",":petId"],"variable":[{"key":"petId","value":"-29375503","description":"(Required) Pet id to delete"}]}},"status":"Not Found","code":404,"_postman_previewlanguage":"text","header":[{"key":"Content-Type","value":"text/plain"}],"cookie":[],"responseTime":null,"body":""}]},{"name":"uploads an image","id":"e2ac43f9-f1bc-40f6-80d8-0c55af514b07","protocolProfileBehavior":{"disableBodyPruning":true},"request":{"auth":{"type":"oauth2"},"method":"POST","header":[{"key":"Content-Type","value":"multipart/form-data"},{"key":"Accept","value":"application/json"}],"body":{"mode":"formdata","formdata":[{"key":"additionalMetadata","value":"eu nostrud occaecat","type":"text","description":"Additional data to pass to server"},{"key":"file","type":"file","description":"file to upload","value":null}]},"url":{"raw":"{{baseUrl}}/pet/:petId/uploadImage","host":["{{baseUrl}}"],"path":["pet",":petId","uploadImage"],"variable":[{"id":"3299b0ad-7a7b-4bec-b946-519bedf41cb5","key":"petId","value":"-29375503","description":"(Required) ID of pet to update"}]}},"response":[{"id":"da5ba3c2-1051-4157-b7ca-e4540eb5181b","name":"successful operation","originalRequest":{"method":"POST","header":[{"description":"Added as a part of security scheme: oauth2","key":"Authorization","value":"<token>"}],"body":{"mode":"formdata","formdata":[{"description":"Additional data to pass to server","key":"additionalMetadata","value":"eu nostrud occaecat","type":"text"},{"description":"file to upload","key":"file","type":"file"}]},"url":{"raw":"{{baseUrl}}/pet/:petId/uploadImage","host":["{{baseUrl}}"],"path":["pet",":petId","uploadImage"],"variable":[{"key":"petId","value":"-29375503","description":"(Required) ID of pet to update"}]}},"status":"OK","code":200,"_postman_previewlanguage":"json","header":[{"key":"Content-Type","value":"application/json"}],"cookie":[],"responseTime":null,"body":"{\n  \"code\": 43914101,\n  \"type\": \"nisi eiusmod incididunt nostrud veniam\",\n  \"message\": \"quis dolor magna\"\n}"}]}],"id":"65c2fa43-c180-4e99-9e80-10c050d2a046"},{"name":"Add a new pet to the store","id":"d8357d50-c5b3-4237-bba2-8a29c8790ce4","protocolProfileBehavior":{"disableBodyPruning":true},"request":{"auth":{"type":"oauth2"},"method":"POST","header":[{"key":"Content-Type","value":"application/json"}],"body":{"mode":"raw","raw":"{\n  \"name\": \"doggie\",\n  \"photoUrls\": [\n    \"sunt consequat velit do in\",\n    \"au\"\n  ],\n  \"id\": -85629754,\n  \"category\": {\n    \"id\": -84822656,\n    \"name\": \"ut et ea voluptate\"\n  },\n  \"tags\": [\n    {\n      \"id\": 31227223,\n      \"name\": \"in magna aliqua\"\n    },\n    {\n      \"id\": -60014719,\n      \"name\": \"eu in\"\n    }\n  ],\n  \"status\": \"sold\"\n}","options":{"raw":{"language":"json"}}},"url":{"raw":"{{baseUrl}}/pet","host":["{{baseUrl}}"],"path":["pet"]}},"response":[{"id":"ead9c24c-1cba-465b-8aac-ff749f71c5d9","name":"Invalid input","originalRequest":{"method":"POST","header":[{"description":"Added as a part of security scheme: oauth2","key":"Authorization","value":"<token>"}],"url":{"raw":"{{baseUrl}}/pet","host":["{{baseUrl}}"],"path":["pet"]}},"status":"Method Not Allowed","code":405,"_postman_previewlanguage":"text","header":[{"key":"Content-Type","value":"text/plain"}],"cookie":[],"responseTime":null,"body":""}]},{"name":"Update an existing pet","id":"50c957cd-067a-4b3e-ba44-a1304bc107f2","protocolProfileBehavior":{"disableBodyPruning":true},"request":{"auth":{"type":"oauth2"},"method":"PUT","header":[{"key":"Content-Type","value":"application/json"}],"body":{"mode":"raw","raw":"{\n  \"name\": \"doggie\",\n  \"photoUrls\": [\n    \"deserunt magna consectetur est ut\",\n    \"pariatur aute\"\n  ],\n  \"id\": 49288948,\n  \"category\": {\n    \"id\": -41287870,\n    \"name\": \"aliqua nulla\"\n  },\n  \"tags\": [\n    {\n      \"id\": -94220639,\n      \"name\": \"incididunt\"\n    },\n    {\n      \"id\": -79921867,\n      \"name\": \"sit velit\"\n    }\n  ],\n  \"status\": \"available\"\n}","options":{"raw":{"language":"json"}}},"url":{"raw":"{{baseUrl}}/pet","host":["{{baseUrl}}"],"path":["pet"]}},"response":[{"id":"015cffbb-ab6f-49ae-9eaf-a45572fbfb20","name":"Invalid ID supplied","originalRequest":{"method":"PUT","header":[{"description":"Added as a part of security scheme: oauth2","key":"Authorization","value":"<token>"}],"url":{"raw":"{{baseUrl}}/pet","host":["{{baseUrl}}"],"path":["pet"]}},"status":"Bad Request","code":400,"_postman_previewlanguage":"text","header":[{"key":"Content-Type","value":"text/plain"}],"cookie":[],"responseTime":null,"body":""},{"id":"e0e36013-0513-4184-93e1-2f98402b0680","name":"Pet not found","originalRequest":{"method":"PUT","header":[{"description":"Added as a part of security scheme: oauth2","key":"Authorization","value":"<token>"}],"url":{"raw":"{{baseUrl}}/pet","host":["{{baseUrl}}"],"path":["pet"]}},"status":"Not Found","code":404,"_postman_previewlanguage":"text","header":[{"key":"Content-Type","value":"text/plain"}],"cookie":[],"responseTime":null,"body":""},{"id":"3d3730ad-e498-4e4c-944c-c934af8a96c5","name":"Validation exception","originalRequest":{"method":"PUT","header":[{"description":"Added as a part of security scheme: oauth2","key":"Authorization","value":"<token>"}],"url":{"raw":"{{baseUrl}}/pet","host":["{{baseUrl}}"],"path":["pet"]}},"status":"Method Not Allowed","code":405,"_postman_previewlanguage":"text","header":[{"key":"Content-Type","value":"text/plain"}],"cookie":[],"responseTime":null,"body":""}]},{"name":"Finds Pets by status","id":"ac7f367c-f864-441d-bc94-3eb70e01deb9","request":{"auth":{"type":"oauth2"},"method":"GET","header":[{"key":"Accept","value":"application/json"}],"url":{"raw":"{{baseUrl}}/pet/findByStatus?status=available&status=available","host":["{{baseUrl}}"],"path":["pet","findByStatus"],"query":[{"key":"status","value":"available","description":"(Required) Status values that need to be considered for filter"},{"key":"status","value":"available","description":"(Required) Status values that need to be considered for filter"}]},"description":"Multiple status values can be provided with comma separated strings"},"response":[{"id":"5d3e46d6-f1bf-4c51-9f2a-489cf928f907","name":"successful operation","originalRequest":{"method":"GET","header":[{"description":"Added as a part of security scheme: oauth2","key":"Authorization","value":"<token>"}],"url":{"raw":"{{baseUrl}}/pet/findByStatus?status=available&status=available","host":["{{baseUrl}}"],"path":["pet","findByStatus"],"query":[{"key":"status","value":"available"},{"key":"status","value":"available"}]}},"status":"OK","code":200,"_postman_previewlanguage":"json","header":[{"key":"Content-Type","value":"application/json"}],"cookie":[],"responseTime":null,"body":"[\n  {\n    \"name\": \"doggie\",\n    \"photoUrls\": [\n      \"proident\",\n      \"ullamco laborum\"\n    ],\n    \"id\": -40420353,\n    \"category\": {\n      \"id\": 63413282,\n      \"name\": \"sunt fugiat Duis velit labore\"\n    },\n    \"tags\": [\n      {\n        \"id\": 40893295,\n        \"name\": \"do adipisicing minim\"\n      },\n      {\n        \"id\": 88915628,\n        \"name\": \"culpa enim\"\n      }\n    ],\n    \"status\": \"pending\"\n  },\n  {\n    \"name\": \"doggie\",\n    \"photoUrls\": [\n      \"mollit Lorem\",\n      \"aliquip\"\n    ],\n    \"id\": 15947543,\n    \"category\": {\n      \"id\": 58673962,\n      \"name\": \"consequat dolor dolor\"\n    },\n    \"tags\": [\n      {\n        \"id\": -65768023,\n        \"name\": \"fugiat proident nulla\"\n      },\n      {\n        \"id\": 36111508,\n        \"name\": \"consectetur cillum\"\n      }\n    ],\n    \"status\": \"available\"\n  }\n]"},{"id":"5b018aa7-cea9-4f27-9f6f-e48d2057f9bd","name":"Invalid status value","originalRequest":{"method":"GET","header":[{"description":"Added as a part of security scheme: oauth2","key":"Authorization","value":"<token>"}],"url":{"raw":"{{baseUrl}}/pet/findByStatus?status=available&status=available","host":["{{baseUrl}}"],"path":["pet","findByStatus"],"query":[{"key":"status","value":"available"},{"key":"status","value":"available"}]}},"status":"Bad Request","code":400,"_postman_previewlanguage":"text","header":[{"key":"Content-Type","value":"text/plain"}],"cookie":[],"responseTime":null,"body":""}]},{"name":"Finds Pets by tags","id":"44d1e2fc-5b19-48fe-92ec-0e307c41fe7a","request":{"auth":{"type":"oauth2"},"method":"GET","header":[{"key":"Accept","value":"application/json"}],"url":{"raw":"{{baseUrl}}/pet/findByTags?tags=elit cillum in eiusmod&tags=adipisicing","host":["{{baseUrl}}"],"path":["pet","findByTags"],"query":[{"key":"tags","value":"elit cillum in eiusmod","description":"(Required) Tags to filter by"},{"key":"tags","value":"adipisicing","description":"(Required) Tags to filter by"}]},"description":"Multiple tags can be provided with comma separated strings. Use tag1, tag2, tag3 for testing."},"response":[{"id":"8284fb37-b97e-47d4-9d51-9dfe5c2f43bf","name":"successful operation","originalRequest":{"method":"GET","header":[{"description":"Added as a part of security scheme: oauth2","key":"Authorization","value":"<token>"}],"url":{"raw":"{{baseUrl}}/pet/findByTags?tags=culpa officia&tags=et pariatur","host":["{{baseUrl}}"],"path":["pet","findByTags"],"query":[{"key":"tags","value":"culpa officia"},{"key":"tags","value":"et pariatur"}]}},"status":"OK","code":200,"_postman_previewlanguage":"json","header":[{"key":"Content-Type","value":"application/json"}],"cookie":[],"responseTime":null,"body":"[\n  {\n    \"name\": \"doggie\",\n    \"photoUrls\": [\n      \"proident\",\n      \"ullamco laborum\"\n    ],\n    \"id\": -40420353,\n    \"category\": {\n      \"id\": 63413282,\n      \"name\": \"sunt fugiat Duis velit labore\"\n    },\n    \"tags\": [\n      {\n        \"id\": 40893295,\n        \"name\": \"do adipisicing minim\"\n      },\n      {\n        \"id\": 88915628,\n        \"name\": \"culpa enim\"\n      }\n    ],\n    \"status\": \"pending\"\n  },\n  {\n    \"name\": \"doggie\",\n    \"photoUrls\": [\n      \"mollit Lorem\",\n      \"aliquip\"\n    ],\n    \"id\": 15947543,\n    \"category\": {\n      \"id\": 58673962,\n      \"name\": \"consequat dolor dolor\"\n    },\n    \"tags\": [\n      {\n        \"id\": -65768023,\n        \"name\": \"fugiat proident nulla\"\n      },\n      {\n        \"id\": 36111508,\n        \"name\": \"consectetur cillum\"\n      }\n    ],\n    \"status\": \"available\"\n  }\n]"},{"id":"f908bcdf-16b2-4aaa-ba58-a8fc4f5026fa","name":"Invalid tag value","originalRequest":{"method":"GET","header":[{"description":"Added as a part of security scheme: oauth2","key":"Authorization","value":"<token>"}],"url":{"raw":"{{baseUrl}}/pet/findByTags?tags=culpa officia&tags=et pariatur","host":["{{baseUrl}}"],"path":["pet","findByTags"],"query":[{"key":"tags","value":"culpa officia"},{"key":"tags","value":"et pariatur"}]}},"status":"Bad Request","code":400,"_postman_previewlanguage":"text","header":[{"key":"Content-Type","value":"text/plain"}],"cookie":[],"responseTime":null,"body":""}]}],"id":"7afe4c84-b1da-4cce-8e9f-dfa02966166f"},{"name":"store","item":[{"name":"order","item":[{"name":"{order Id}","item":[{"name":"Find purchase order by ID","id":"e64775c1-41f0-4211-8c36-43d1c3e94fba","request":{"method":"GET","header":[{"key":"Accept","value":"application/json"}],"url":{"raw":"{{baseUrl}}/store/order/:orderId","host":["{{baseUrl}}"],"path":["store","order",":orderId"],"variable":[{"id":"e07338ed-4e45-4732-8e1b-5eee596c5c18","key":"orderId","value":"7","description":"(Required) ID of pet that needs to be fetched"}]},"description":"For valid response try integer IDs with value >= 1 and <= 10. Other values will generated exceptions"},"response":[{"id":"d0f2a5d6-b59c-432b-899a-a67225c3ace8","name":"successful operation","originalRequest":{"method":"GET","header":[],"url":{"raw":"{{baseUrl}}/store/order/:orderId","host":["{{baseUrl}}"],"path":["store","order",":orderId"],"variable":[{"key":"orderId","value":"7","description":"(Required) ID of pet that needs to be fetched"}]}},"status":"OK","code":200,"_postman_previewlanguage":"json","header":[{"key":"Content-Type","value":"application/json"}],"cookie":[],"responseTime":null,"body":"{\n  \"id\": -16287807,\n  \"petId\": 14152456,\n  \"quantity\": 15086010,\n  \"shipDate\": \"2011-12-14T20:07:05.474Z\",\n  \"status\": \"delivered\",\n  \"complete\": false\n}"},{"id":"8df7c699-9c2e-4b6a-a249-ec0b7d657354","name":"Invalid ID supplied","originalRequest":{"method":"GET","header":[],"url":{"raw":"{{baseUrl}}/store/order/:orderId","host":["{{baseUrl}}"],"path":["store","order",":orderId"],"variable":[{"key":"orderId","value":"7","description":"(Required) ID of pet that needs to be fetched"}]}},"status":"Bad Request","code":400,"_postman_previewlanguage":"text","header":[{"key":"Content-Type","value":"text/plain"}],"cookie":[],"responseTime":null,"body":""},{"id":"a4644f9d-aac7-46a1-bd1b-5d3244d27e26","name":"Order not found","originalRequest":{"method":"GET","header":[],"url":{"raw":"{{baseUrl}}/store/order/:orderId","host":["{{baseUrl}}"],"path":["store","order",":orderId"],"variable":[{"key":"orderId","value":"7","description":"(Required) ID of pet that needs to be fetched"}]}},"status":"Not Found","code":404,"_postman_previewlanguage":"text","header":[{"key":"Content-Type","value":"text/plain"}],"cookie":[],"responseTime":null,"body":""}]},{"name":"Delete purchase order by ID","id":"e3c73ff7-38a9-4168-a66e-0ac67ebce63d","request":{"method":"DELETE","header":[],"url":{"raw":"{{baseUrl}}/store/order/:orderId","host":["{{baseUrl}}"],"path":["store","order",":orderId"],"variable":[{"id":"9013e907-f57e-4e3d-be4d-54b9fac54922","key":"orderId","value":"92721056","description":"(Required) ID of the order that needs to be deleted"}]},"description":"For valid response try integer IDs with positive integer value. Negative or non-integer values will generate API errors"},"response":[{"id":"90f3429e-5dae-4b19-afa0-67dd33acc092","name":"Invalid ID supplied","originalRequest":{"method":"DELETE","header":[],"url":{"raw":"{{baseUrl}}/store/order/:orderId","host":["{{baseUrl}}"],"path":["store","order",":orderId"],"variable":[{"key":"orderId","value":"92721056","description":"(Required) ID of the order that needs to be deleted"}]}},"status":"Bad Request","code":400,"_postman_previewlanguage":"text","header":[{"key":"Content-Type","value":"text/plain"}],"cookie":[],"responseTime":null,"body":""},{"id":"34955be6-1524-4575-8b64-198cbc41ef19","name":"Order not found","originalRequest":{"method":"DELETE","header":[],"url":{"raw":"{{baseUrl}}/store/order/:orderId","host":["{{baseUrl}}"],"path":["store","order",":orderId"],"variable":[{"key":"orderId","value":"92721056","description":"(Required) ID of the order that needs to be deleted"}]}},"status":"Not Found","code":404,"_postman_previewlanguage":"text","header":[{"key":"Content-Type","value":"text/plain"}],"cookie":[],"responseTime":null,"body":""}]}],"id":"d0cbe7f8-da71-46af-9e42-bf3fb1996548"},{"name":"Place an order for a pet","id":"9297a3ba-b05b-4662-aaee-e14843bdb9d7","protocolProfileBehavior":{"disableBodyPruning":true},"request":{"method":"POST","header":[{"key":"Content-Type","value":"application/json"},{"key":"Accept","value":"application/json"}],"body":{"mode":"raw","raw":"{\n  \"id\": -16287807,\n  \"petId\": 14152456,\n  \"quantity\": 15086010,\n  \"shipDate\": \"2011-12-14T20:07:05.474Z\",\n  \"status\": \"delivered\",\n  \"complete\": false\n}","options":{"raw":{"language":"json"}}},"url":{"raw":"{{baseUrl}}/store/order","host":["{{baseUrl}}"],"path":["store","order"]}},"response":[{"id":"3612d4ab-4394-4938-9761-89a913be67f0","name":"successful operation","originalRequest":{"method":"POST","header":[],"body":{"mode":"raw","raw":"{\n  \"id\": -16287807,\n  \"petId\": 14152456,\n  \"quantity\": 15086010,\n  \"shipDate\": \"2011-12-14T20:07:05.474Z\",\n  \"status\": \"delivered\",\n  \"complete\": false\n}","options":{"raw":{"language":"json"}}},"url":{"raw":"{{baseUrl}}/store/order","host":["{{baseUrl}}"],"path":["store","order"]}},"status":"OK","code":200,"_postman_previewlanguage":"json","header":[{"key":"Content-Type","value":"application/json"}],"cookie":[],"responseTime":null,"body":"{\n  \"id\": -16287807,\n  \"petId\": 14152456,\n  \"quantity\": 15086010,\n  \"shipDate\": \"2011-12-14T20:07:05.474Z\",\n  \"status\": \"delivered\",\n  \"complete\": false\n}"},{"id":"efa32afd-4585-44ca-a49b-2d2ccd2cfcb4","name":"Invalid Order","originalRequest":{"method":"POST","header":[],"body":{"mode":"raw","raw":"{\n  \"id\": -16287807,\n  \"petId\": 14152456,\n  \"quantity\": 15086010,\n  \"shipDate\": \"2011-12-14T20:07:05.474Z\",\n  \"status\": \"delivered\",\n  \"complete\": false\n}","options":{"raw":{"language":"json"}}},"url":{"raw":"{{baseUrl}}/store/order","host":["{{baseUrl}}"],"path":["store","order"]}},"status":"Bad Request","code":400,"_postman_previewlanguage":"text","header":[{"key":"Content-Type","value":"text/plain"}],"cookie":[],"responseTime":null,"body":""}]}],"id":"81ff5c32-57aa-4bff-8ee5-46c31c9a7477"},{"name":"Returns pet inventories by status","id":"d87e1e1e-4183-408e-b143-83c188190c31","request":{"auth":{"type":"apikey","apikey":[{"key":"key","value":"api_key","type":"string"},{"key":"value","value":"<API Key>","type":"string"},{"key":"in","value":"header","type":"string"}]},"method":"GET","header":[{"key":"Accept","value":"application/json"}],"url":{"raw":"{{baseUrl}}/store/inventory","host":["{{baseUrl}}"],"path":["store","inventory"]},"description":"Returns a map of status codes to quantities"},"response":[{"id":"e84c96dd-4ea1-43fb-a18a-c42223b25db3","name":"successful operation","originalRequest":{"method":"GET","header":[{"description":"Added as a part of security scheme: apikey","key":"api_key","value":"<API Key>"}],"url":{"raw":"{{baseUrl}}/store/inventory","host":["{{baseUrl}}"],"path":["store","inventory"]}},"status":"OK","code":200,"_postman_previewlanguage":"json","header":[{"key":"Content-Type","value":"application/json"}],"cookie":[],"responseTime":null,"body":"{\n  \"nisi_4\": 30510267\n}"}]}],"id":"a0bfbeb9-abd0-4f33-9e1b-e57b8c122955"},{"name":"user","item":[{"name":"{username}","item":[{"name":"Get user by user name","id":"deb5d888-6b83-4a5c-8ab2-fbb0f2f3c499","request":{"method":"GET","header":[{"key":"Accept","value":"application/json"}],"url":{"raw":"{{baseUrl}}/user/:username","host":["{{baseUrl}}"],"path":["user",":username"],"variable":[{"id":"5137f7bb-ccf7-43d6-b3fc-9dc72d08a1fc","key":"username","value":"dolore nulla","description":"(Required) The name that needs to be fetched. Use user1 for testing. "}]}},"response":[{"id":"f48155e8-107b-4c7d-9c88-4aded7a36507","name":"successful operation","originalRequest":{"method":"GET","header":[],"url":{"raw":"{{baseUrl}}/user/:username","host":["{{baseUrl}}"],"path":["user",":username"],"variable":[{"key":"username","value":"dolore nulla","description":"(Required) The name that needs to be fetched. Use user1 for testing. "}]}},"status":"OK","code":200,"_postman_previewlanguage":"json","header":[{"key":"Content-Type","value":"application/json"}],"cookie":[],"responseTime":null,"body":"{\n  \"id\": 59605915,\n  \"username\": \"reprehenderit\",\n  \"firstName\": \"labor\",\n  \"lastName\": \"id pariatur laborum quis\",\n  \"email\": \"proident fugiat ea\",\n  \"password\": \"eu consectetur ut sint proident\",\n  \"phone\": \"laboris dolore et occaecat\",\n  \"userStatus\": -98586151\n}"},{"id":"1fc16829-5cfd-4fdb-abcd-c046e000d831","name":"Invalid username supplied","originalRequest":{"method":"GET","header":[],"url":{"raw":"{{baseUrl}}/user/:username","host":["{{baseUrl}}"],"path":["user",":username"],"variable":[{"key":"username","value":"dolore nulla","description":"(Required) The name that needs to be fetched. Use user1 for testing. "}]}},"status":"Bad Request","code":400,"_postman_previewlanguage":"text","header":[{"key":"Content-Type","value":"text/plain"}],"cookie":[],"responseTime":null,"body":""},{"id":"eb956ad7-9985-4703-aa36-ed5bd842ef1a","name":"User not found","originalRequest":{"method":"GET","header":[],"url":{"raw":"{{baseUrl}}/user/:username","host":["{{baseUrl}}"],"path":["user",":username"],"variable":[{"key":"username","value":"dolore nulla","description":"(Required) The name that needs to be fetched. Use user1 for testing. "}]}},"status":"Not Found","code":404,"_postman_previewlanguage":"text","header":[{"key":"Content-Type","value":"text/plain"}],"cookie":[],"responseTime":null,"body":""}]},{"name":"Updated user","id":"2c7c346e-114b-4867-8e61-143326c03361","protocolProfileBehavior":{"disableBodyPruning":true},"request":{"method":"PUT","header":[{"key":"Content-Type","value":"application/json"}],"body":{"mode":"raw","raw":"{\n  \"id\": 59605915,\n  \"username\": \"reprehenderit\",\n  \"firstName\": \"labor\",\n  \"lastName\": \"id pariatur laborum quis\",\n  \"email\": \"proident fugiat ea\",\n  \"password\": \"eu consectetur ut sint proident\",\n  \"phone\": \"laboris dolore et occaecat\",\n  \"userStatus\": -98586151\n}","options":{"raw":{"language":"json"}}},"url":{"raw":"{{baseUrl}}/user/:username","host":["{{baseUrl}}"],"path":["user",":username"],"variable":[{"id":"e20e4e58-3cee-4534-8b12-9f3c9ef51c69","key":"username","value":"dolore nulla","description":"(Required) name that need to be updated"}]},"description":"This can only be done by the logged in user."},"response":[{"id":"dd883527-d5fe-42ab-9d02-f8fa4eb9ad63","name":"Invalid user supplied","originalRequest":{"method":"PUT","header":[],"body":{"mode":"raw","raw":"{\n  \"id\": 59605915,\n  \"username\": \"reprehenderit\",\n  \"firstName\": \"labor\",\n  \"lastName\": \"id pariatur laborum quis\",\n  \"email\": \"proident fugiat ea\",\n  \"password\": \"eu consectetur ut sint proident\",\n  \"phone\": \"laboris dolore et occaecat\",\n  \"userStatus\": -98586151\n}","options":{"raw":{"language":"json"}}},"url":{"raw":"{{baseUrl}}/user/:username","host":["{{baseUrl}}"],"path":["user",":username"],"variable":[{"key":"username","value":"dolore nulla","description":"(Required) name that need to be updated"}]}},"status":"Bad Request","code":400,"_postman_previewlanguage":"text","header":[{"key":"Content-Type","value":"text/plain"}],"cookie":[],"responseTime":null,"body":""},{"id":"f689cf58-5033-4721-9907-1395fdde69f6","name":"User not found","originalRequest":{"method":"PUT","header":[],"body":{"mode":"raw","raw":"{\n  \"id\": 59605915,\n  \"username\": \"reprehenderit\",\n  \"firstName\": \"labor\",\n  \"lastName\": \"id pariatur laborum quis\",\n  \"email\": \"proident fugiat ea\",\n  \"password\": \"eu consectetur ut sint proident\",\n  \"phone\": \"laboris dolore et occaecat\",\n  \"userStatus\": -98586151\n}","options":{"raw":{"language":"json"}}},"url":{"raw":"{{baseUrl}}/user/:username","host":["{{baseUrl}}"],"path":["user",":username"],"variable":[{"key":"username","value":"dolore nulla","description":"(Required) name that need to be updated"}]}},"status":"Not Found","code":404,"_postman_previewlanguage":"text","header":[{"key":"Content-Type","value":"text/plain"}],"cookie":[],"responseTime":null,"body":""}]},{"name":"Delete user","id":"ab5e3f5a-82aa-4088-85b2-82b68df1d678","request":{"method":"DELETE","header":[],"url":{"raw":"{{baseUrl}}/user/:username","host":["{{baseUrl}}"],"path":["user",":username"],"variable":[{"id":"b153eb46-4e2b-4d51-8b0e-bfc09f0b6f75","key":"username","value":"dolore nulla","description":"(Required) The name that needs to be deleted"}]},"description":"This can only be done by the logged in user."},"response":[{"id":"9b798309-b165-46e0-b2ff-5ec4788c5ca0","name":"Invalid username supplied","originalRequest":{"method":"DELETE","header":[],"url":{"raw":"{{baseUrl}}/user/:username","host":["{{baseUrl}}"],"path":["user",":username"],"variable":[{"key":"username","value":"dolore nulla","description":"(Required) The name that needs to be deleted"}]}},"status":"Bad Request","code":400,"_postman_previewlanguage":"text","header":[{"key":"Content-Type","value":"text/plain"}],"cookie":[],"responseTime":null,"body":""},{"id":"51a2902f-aacc-46f1-a3b6-61a14e62d4b0","name":"User not found","originalRequest":{"method":"DELETE","header":[],"url":{"raw":"{{baseUrl}}/user/:username","host":["{{baseUrl}}"],"path":["user",":username"],"variable":[{"key":"username","value":"dolore nulla","description":"(Required) The name that needs to be deleted"}]}},"status":"Not Found","code":404,"_postman_previewlanguage":"text","header":[{"key":"Content-Type","value":"text/plain"}],"cookie":[],"responseTime":null,"body":""}]}],"id":"edad0899-73ab-42f8-aa32-25404a9ad8bc"},{"name":"Create user","id":"21e64513-4368-4d3d-a57a-1e68eb367dcb","protocolProfileBehavior":{"disableBodyPruning":true},"request":{"method":"POST","header":[{"key":"Content-Type","value":"application/json"}],"body":{"mode":"raw","raw":"{\n  \"id\": 59605915,\n  \"username\": \"reprehenderit\",\n  \"firstName\": \"labor\",\n  \"lastName\": \"id pariatur laborum quis\",\n  \"email\": \"proident fugiat ea\",\n  \"password\": \"eu consectetur ut sint proident\",\n  \"phone\": \"laboris dolore et occaecat\",\n  \"userStatus\": -98586151\n}","options":{"raw":{"language":"json"}}},"url":{"raw":"{{baseUrl}}/user","host":["{{baseUrl}}"],"path":["user"]},"description":"This can only be done by the logged in user."},"response":[{"id":"32eb3a27-daf0-42df-a00c-0bbf3559b43a","name":"successful operation","originalRequest":{"method":"POST","header":[],"body":{"mode":"raw","raw":"{\n  \"id\": 59605915,\n  \"username\": \"reprehenderit\",\n  \"firstName\": \"labor\",\n  \"lastName\": \"id pariatur laborum quis\",\n  \"email\": \"proident fugiat ea\",\n  \"password\": \"eu consectetur ut sint proident\",\n  \"phone\": \"laboris dolore et occaecat\",\n  \"userStatus\": -98586151\n}","options":{"raw":{"language":"json"}}},"url":{"raw":"{{baseUrl}}/user","host":["{{baseUrl}}"],"path":["user"]}},"status":"Internal Server Error","code":500,"_postman_previewlanguage":"text","header":[{"key":"Content-Type","value":"text/plain"}],"cookie":[],"responseTime":null,"body":""}]},{"name":"Creates list of users with given input array","id":"d6b4a3c0-7564-4638-85bb-2745350d192c","protocolProfileBehavior":{"disableBodyPruning":true},"request":{"method":"POST","header":[{"key":"Content-Type","value":"application/json"}],"body":{"mode":"raw","raw":"[\n  {\n    \"id\": -69388720,\n    \"username\": \"ad Excepteur veniam eiusmod\",\n    \"firstName\": \"sunt\",\n    \"lastName\": \"laboris\",\n    \"email\": \"mollit nisi est dolor\",\n    \"password\": \"nulla enim dolor sit\",\n    \"phone\": \"est nulla ipsum irure\",\n    \"userStatus\": 16223212\n  },\n  {\n    \"id\": 92234026,\n    \"username\": \"Excepteur\",\n    \"firstName\": \"esse incididunt nostrud qui\",\n    \"lastName\": \"dolore non fugiat sint sunt\",\n    \"email\": \"proident\",\n    \"password\": \"irure consequat\",\n    \"phone\": \"Duis commodo pariatur\",\n    \"userStatus\": -18787774\n  }\n]","options":{"raw":{"language":"json"}}},"url":{"raw":"{{baseUrl}}/user/createWithList","host":["{{baseUrl}}"],"path":["user","createWithList"]}},"response":[{"id":"4c4c60e5-c14c-4861-9c37-51ceb882e900","name":"successful operation","originalRequest":{"method":"POST","header":[],"url":{"raw":"{{baseUrl}}/user/createWithList","host":["{{baseUrl}}"],"path":["user","createWithList"]}},"status":"Internal Server Error","code":500,"_postman_previewlanguage":"text","header":[{"key":"Content-Type","value":"text/plain"}],"cookie":[],"responseTime":null,"body":""}]},{"name":"Logs user into the system","id":"87859caf-4721-44b5-a6d0-d9a120008ba1","request":{"method":"GET","header":[{"key":"Accept","value":"application/json"}],"url":{"raw":"{{baseUrl}}/user/login?username=dolore nulla&password=dolore nulla","host":["{{baseUrl}}"],"path":["user","login"],"query":[{"key":"username","value":"dolore nulla","description":"(Required) The user name for login"},{"key":"password","value":"dolore nulla","description":"(Required) The password for login in clear text"}]}},"response":[{"id":"21d65246-faf9-4d4b-b8fb-283bd4b7e8bd","name":"successful operation","originalRequest":{"method":"GET","header":[],"url":{"raw":"{{baseUrl}}/user/login?username=dolore nulla&password=dolore nulla","host":["{{baseUrl}}"],"path":["user","login"],"query":[{"key":"username","value":"dolore nulla"},{"key":"password","value":"dolore nulla"}]}},"status":"OK","code":200,"_postman_previewlanguage":"json","header":[{"disabled":false,"description":"date in UTC when token expires","key":"X-Expires-After","value":"1951-07-07T01:53:29.076Z"},{"disabled":false,"description":"calls per hour allowed by the user","key":"X-Rate-Limit","value":"-41246570"},{"key":"Content-Type","value":"application/json"}],"cookie":[],"responseTime":null,"body":"\"dolore nulla\""},{"id":"55089733-d18a-4ba2-b094-cc264baf2da7","name":"Invalid username/password supplied","originalRequest":{"method":"GET","header":[],"url":{"raw":"{{baseUrl}}/user/login?username=dolore nulla&password=dolore nulla","host":["{{baseUrl}}"],"path":["user","login"],"query":[{"key":"username","value":"dolore nulla"},{"key":"password","value":"dolore nulla"}]}},"status":"Bad Request","code":400,"_postman_previewlanguage":"text","header":[{"key":"Content-Type","value":"text/plain"}],"cookie":[],"responseTime":null,"body":""}]},{"name":"Logs out current logged in user session","id":"e7bfd449-fb63-46fd-b262-fdea08b46bb0","request":{"method":"GET","header":[],"url":{"raw":"{{baseUrl}}/user/logout","host":["{{baseUrl}}"],"path":["user","logout"]}},"response":[{"id":"63455497-739c-4a02-a101-f956d89abec8","name":"successful operation","originalRequest":{"method":"GET","header":[],"url":{"raw":"{{baseUrl}}/user/logout","host":["{{baseUrl}}"],"path":["user","logout"]}},"status":"Internal Server Error","code":500,"_postman_previewlanguage":"text","header":[{"key":"Content-Type","value":"text/plain"}],"cookie":[],"responseTime":null,"body":""}]},{"name":"Creates list of users with given input array","id":"9c9e9431-8ce9-46b0-9487-7482ab30ab1e","protocolProfileBehavior":{"disableBodyPruning":true},"request":{"method":"POST","header":[{"key":"Content-Type","value":"application/json"}],"body":{"mode":"raw","raw":"[\n  {\n    \"id\": 99173488,\n    \"username\": \"dolore\",\n    \"firstName\": \"in dolor dolor enim\",\n    \"lastName\": \"amet pariatur\",\n    \"email\": \"aute dolor\",\n    \"password\": \"dolor commodo elit incididunt\",\n    \"phone\": \"pariat\",\n    \"userStatus\": -10617027\n  },\n  {\n    \"id\": 92210045,\n    \"username\": \"occaecat ex in\",\n    \"firstName\": \"veniam Duis laborum\",\n    \"lastName\": \"dolore\",\n    \"email\": \"tempor fugiat\",\n    \"password\": \"do magna est\",\n    \"phone\": \"pariatur sint ea\",\n    \"userStatus\": 6883544\n  }\n]","options":{"raw":{"language":"json"}}},"url":{"raw":"{{baseUrl}}/user/createWithArray","host":["{{baseUrl}}"],"path":["user","createWithArray"]}},"response":[{"id":"8b97137c-42ac-4457-9310-85be5b4d32bf","name":"successful operation","originalRequest":{"method":"POST","header":[],"url":{"raw":"{{baseUrl}}/user/createWithArray","host":["{{baseUrl}}"],"path":["user","createWithArray"]}},"status":"Internal Server Error","code":500,"_postman_previewlanguage":"text","header":[{"key":"Content-Type","value":"text/plain"}],"cookie":[],"responseTime":null,"body":""}]}],"id":"53d3a6cc-f711-4799-b0e9-5eec26bfb7d7"}],"variable":[{"id":"2d32f3f3-56cb-4e1d-a23d-b598539780f9","key":"baseUrl","value":"https://petstore.swagger.io/v2","type":"string"}]}