{"info":{"_postman_id":"c86c0284-ca40-4602-b2ac-09a8e7e73ce9","name":"Spend Documents API","schema":"https://schema.getpostman.com/json/collection/v2.1.0/collection.json"},"item":[{"name":"spend-documents","item":[{"name":"v4","item":[{"name":"receipts","item":[{"name":"{receiptId}","item":[{"name":"representations","item":[{"name":"get Compliance Documents","id":"fa5259df-1f29-4345-aa55-e90116dd30c4","protocolProfileBehavior":{"disableBodyPruning":true},"request":{"method":"GET","header":[{"key":"Accept","value":"application/json"}],"url":{"raw":"{{baseUrl}}/spend-documents/v4/receipts/:receiptId/representations?type=<string>","host":["{{baseUrl}}"],"path":["spend-documents","v4","receipts",":receiptId","representations"],"query":[{"description":"(Required) Type of document. eg: compliance","key":"type","value":"<string>"}],"variable":[{"id":"4d210db2-b4c6-43cd-af82-c44d2a892e79","key":"receiptId","value":"<string>"}]},"description":"Retrive receipt document representations based on type"},"response":[{"id":"4e8882f6-89dd-4ef5-934e-b52e5d33afd8","name":"OK","originalRequest":{"method":"GET","header":[{"key":"Accept","value":"application/json"},{"description":"Added as a part of security scheme: apikey","key":"Authorization","value":"<API Key>"}],"url":{"raw":"{{baseUrl}}/spend-documents/v4/receipts/:receiptId/representations?type=<string>","host":["{{baseUrl}}"],"path":["spend-documents","v4","receipts",":receiptId","representations"],"query":[{"description":"(Required) Type of document. eg: compliance","key":"type","value":"<string>"}],"variable":[{"key":"receiptId"}]}},"status":"OK","code":200,"_postman_previewlanguage":"json","header":[{"key":"Content-Type","value":"application/json"}],"cookie":[],"responseTime":null,"body":"[\n  \"<string>\",\n  \"<string>\"\n]"},{"id":"958c8885-3bbd-4ac9-acca-05da1e128654","name":"Bad Request","originalRequest":{"method":"GET","header":[{"description":"Added as a part of security scheme: apikey","key":"Authorization","value":"<API Key>"}],"url":{"raw":"{{baseUrl}}/spend-documents/v4/receipts/:receiptId/representations?type=<string>","host":["{{baseUrl}}"],"path":["spend-documents","v4","receipts",":receiptId","representations"],"query":[{"description":"(Required) Type of document. eg: compliance","key":"type","value":"<string>"}],"variable":[{"key":"receiptId"}]}},"status":"Bad Request","code":400,"_postman_previewlanguage":"text","header":[],"cookie":[],"responseTime":null,"body":""},{"id":"8324bf7e-5d7e-40f8-88a3-eaed1c0e9dbe","name":"Unauthorized","originalRequest":{"method":"GET","header":[{"description":"Added as a part of security scheme: apikey","key":"Authorization","value":"<API Key>"}],"url":{"raw":"{{baseUrl}}/spend-documents/v4/receipts/:receiptId/representations?type=<string>","host":["{{baseUrl}}"],"path":["spend-documents","v4","receipts",":receiptId","representations"],"query":[{"description":"(Required) Type of document. eg: compliance","key":"type","value":"<string>"}],"variable":[{"key":"receiptId"}]}},"status":"Unauthorized","code":401,"_postman_previewlanguage":"text","header":[],"cookie":[],"responseTime":null,"body":""},{"id":"364b8bbd-9d4f-4a42-9ac3-7869c0c79c27","name":"Forbidden","originalRequest":{"method":"GET","header":[{"description":"Added as a part of security scheme: apikey","key":"Authorization","value":"<API Key>"}],"url":{"raw":"{{baseUrl}}/spend-documents/v4/receipts/:receiptId/representations?type=<string>","host":["{{baseUrl}}"],"path":["spend-documents","v4","receipts",":receiptId","representations"],"query":[{"description":"(Required) Type of document. eg: compliance","key":"type","value":"<string>"}],"variable":[{"key":"receiptId"}]}},"status":"Forbidden","code":403,"_postman_previewlanguage":"text","header":[],"cookie":[],"responseTime":null,"body":""},{"id":"35904e08-18f0-4cc7-b863-34f7d065a736","name":"Not Found","originalRequest":{"method":"GET","header":[{"description":"Added as a part of security scheme: apikey","key":"Authorization","value":"<API Key>"}],"url":{"raw":"{{baseUrl}}/spend-documents/v4/receipts/:receiptId/representations?type=<string>","host":["{{baseUrl}}"],"path":["spend-documents","v4","receipts",":receiptId","representations"],"query":[{"description":"(Required) Type of document. eg: compliance","key":"type","value":"<string>"}],"variable":[{"key":"receiptId"}]}},"status":"Not Found","code":404,"_postman_previewlanguage":"text","header":[],"cookie":[],"responseTime":null,"body":""},{"id":"d96e340b-d58a-41fc-8a16-d9b518b7e120","name":"Server Error","originalRequest":{"method":"GET","header":[{"description":"Added as a part of security scheme: apikey","key":"Authorization","value":"<API Key>"}],"url":{"raw":"{{baseUrl}}/spend-documents/v4/receipts/:receiptId/representations?type=<string>","host":["{{baseUrl}}"],"path":["spend-documents","v4","receipts",":receiptId","representations"],"query":[{"description":"(Required) Type of document. eg: compliance","key":"type","value":"<string>"}],"variable":[{"key":"receiptId"}]}},"status":"Internal Server Error","code":500,"_postman_previewlanguage":"text","header":[],"cookie":[],"responseTime":null,"body":""}]}],"id":"31bccbbe-7300-424a-9fb8-12123bbe022f"}],"id":"e9b21caa-6ad0-47bb-906e-1c6e4c713429"}],"id":"2f838144-f0bd-4bfe-b1f1-03775cbf92af"}],"id":"d6395727-16e1-4102-a756-46e92b7c0b9a"}],"id":"d48138f7-8a61-4d26-9858-e691ba5335bc"}],"auth":{"type":"apikey","apikey":[{"key":"key","value":"Authorization","type":"string"},{"key":"value","value":"{{apiKey}}","type":"string"},{"key":"in","value":"header","type":"string"}]},"variable":[{"id":"b1995a4e-96d5-4ad3-9c89-057d96e706d8","key":"baseUrl","value":"https://us.api.concursolutions.com/spend-documents/v4/receipts"}]}