{"info":{"_postman_id":"c90c7c01-1478-477e-8306-48d2754ecfe0","name":"SAP Concur Internal Get Users Bulk API","description":"Returns the list of users at the company specified in the access token that match the search criteria.","schema":"https://schema.getpostman.com/json/collection/v2.1.0/collection.json"},"item":[{"name":"users","item":[{"name":"/users/","id":"f9f2879d-a99a-49b5-846e-a21aaabf35a8","protocolProfileBehavior":{"disableBodyPruning":true},"request":{"method":"GET","header":[{"key":"Accept","value":"*/*"}],"url":{"raw":"https://us.api.concursolutions.com/users/?isactive=true","protocol":"https","host":["us","api","concursolutions","com"],"path":["users",""],"query":[{"key":"offset","value":"<integer>","description":"The number of items to skip before returning result set.","disabled":true},{"key":"limit","value":"<integer>","description":"The numbers of items to return.","disabled":true},{"key":"isactive","value":"true","description":"Whether the user is active"},{"key":"loginid","value":"<string>","description":"login_id of the user.","disabled":true},{"key":"lastname","value":"<string>","description":"Last name of the user.","disabled":true},{"key":"employeeid","value":"<string>","description":"Employee Id of the user.","disabled":true},{"key":"primaryemail","value":"<string>","description":"Primary email of the user.","disabled":true},{"key":"countrycode","value":"<string>","description":"Country code of the user.","disabled":true},{"key":"id","value":"<string>","description":"Id of the user.","disabled":true}]}},"response":[{"id":"51114208-eb9d-47bb-a132-d1d5853c3cff","name":"Success","originalRequest":{"method":"GET","header":[{"key":"Accept","value":"*/*"},{"description":"Added as a part of security scheme: oauth2","key":"Authorization","value":"<token>"}],"url":{"raw":"{{baseUrl}}/users/?offset=<integer>&limit=<integer>&isactive=<string>&loginid=<string>&lastname=<string>&employeeid=<string>&primaryemail=<string>&countrycode=<string>&id=<string>","host":["{{baseUrl}}"],"path":["users",""],"query":[{"description":"The number of items to skip before returning result set.","key":"offset","value":"<integer>"},{"description":"The numbers of items to return.","key":"limit","value":"<integer>"},{"description":"Whether the user is active","key":"isactive","value":"<string>"},{"description":"login_id of the user.","key":"loginid","value":"<string>"},{"description":"Last name of the user.","key":"lastname","value":"<string>"},{"description":"Employee Id of the user.","key":"employeeid","value":"<string>"},{"description":"Primary email of the user.","key":"primaryemail","value":"<string>"},{"description":"Country code of the user.","key":"countrycode","value":"<string>"},{"description":"Id of the user.","key":"id","value":"<string>"}]}},"status":"OK","code":200,"_postman_previewlanguage":"text","header":[{"key":"Content-Type","value":"*/*"}],"cookie":[],"responseTime":null,"body":"{\n  \"total\": \"<integer>\",\n  \"offset\": \"<integer>\",\n  \"limit\": \"<integer>\",\n  \"company\": {\n    \"name\": \"<string>\",\n    \"address\": \"<string>\",\n    \"city\": \"<string>\",\n    \"state\": \"<string>\",\n    \"zip\": \"<string>\",\n    \"country\": \"<string>\"\n  },\n  \"Items\": [\n    {\n      \"ID\": \"<string>\",\n      \"Active\": \"<boolean>\",\n      \"CountryCode\": \"<string>\",\n      \"CellPhoneNumber\": \"<string>\",\n      \"PrimaryEmail\": \"<string>\",\n      \"EmployeeID\": \"<string>\",\n      \"OrganizationUnit\": \"<string>\",\n      \"FirstName\": \"<string>\",\n      \"MiddleName\": \"<string>\",\n      \"LastName\": \"<string>\",\n      \"LoginID\": \"<string>\",\n      \"Emails\": [\n        \"<string>\",\n        \"<string>\"\n      ]\n    },\n    {\n      \"ID\": \"<string>\",\n      \"Active\": \"<boolean>\",\n      \"CountryCode\": \"<string>\",\n      \"CellPhoneNumber\": \"<string>\",\n      \"PrimaryEmail\": \"<string>\",\n      \"EmployeeID\": \"<string>\",\n      \"OrganizationUnit\": \"<string>\",\n      \"FirstName\": \"<string>\",\n      \"MiddleName\": \"<string>\",\n      \"LastName\": \"<string>\",\n      \"LoginID\": \"<string>\",\n      \"Emails\": [\n        \"<string>\",\n        \"<string>\"\n      ]\n    }\n  ]\n}"},{"id":"fd165ef6-97e4-4c39-84f6-fd300e16e031","name":"Authorization Required","originalRequest":{"method":"GET","header":[{"description":"Added as a part of security scheme: oauth2","key":"Authorization","value":"<token>"}],"url":{"raw":"{{baseUrl}}/users/?offset=<integer>&limit=<integer>&isactive=<string>&loginid=<string>&lastname=<string>&employeeid=<string>&primaryemail=<string>&countrycode=<string>&id=<string>","host":["{{baseUrl}}"],"path":["users",""],"query":[{"description":"The number of items to skip before returning result set.","key":"offset","value":"<integer>"},{"description":"The numbers of items to return.","key":"limit","value":"<integer>"},{"description":"Whether the user is active","key":"isactive","value":"<string>"},{"description":"login_id of the user.","key":"loginid","value":"<string>"},{"description":"Last name of the user.","key":"lastname","value":"<string>"},{"description":"Employee Id of the user.","key":"employeeid","value":"<string>"},{"description":"Primary email of the user.","key":"primaryemail","value":"<string>"},{"description":"Country code of the user.","key":"countrycode","value":"<string>"},{"description":"Id of the user.","key":"id","value":"<string>"}]}},"status":"Unauthorized","code":401,"_postman_previewlanguage":"text","header":[],"cookie":[],"responseTime":null,"body":""},{"id":"a1c00dd5-0f61-49c2-b685-e3829de49af9","name":"Resource not found","originalRequest":{"method":"GET","header":[{"description":"Added as a part of security scheme: oauth2","key":"Authorization","value":"<token>"}],"url":{"raw":"{{baseUrl}}/users/?offset=<integer>&limit=<integer>&isactive=<string>&loginid=<string>&lastname=<string>&employeeid=<string>&primaryemail=<string>&countrycode=<string>&id=<string>","host":["{{baseUrl}}"],"path":["users",""],"query":[{"description":"The number of items to skip before returning result set.","key":"offset","value":"<integer>"},{"description":"The numbers of items to return.","key":"limit","value":"<integer>"},{"description":"Whether the user is active","key":"isactive","value":"<string>"},{"description":"login_id of the user.","key":"loginid","value":"<string>"},{"description":"Last name of the user.","key":"lastname","value":"<string>"},{"description":"Employee Id of the user.","key":"employeeid","value":"<string>"},{"description":"Primary email of the user.","key":"primaryemail","value":"<string>"},{"description":"Country code of the user.","key":"countrycode","value":"<string>"},{"description":"Id of the user.","key":"id","value":"<string>"}]}},"status":"Not Found","code":404,"_postman_previewlanguage":"text","header":[],"cookie":[],"responseTime":null,"body":""}]}],"id":"968a3bf9-bca6-4816-85e1-7b20d849340a"}],"auth":{"type":"bearer","bearer":[{"key":"token","value":"{{accessToken}}","type":"string"}]},"event":[{"listen":"prerequest","script":{"id":"f1878d1d-835c-42b9-9774-4ef3a071d310","type":"text/javascript","exec":[""]}},{"listen":"test","script":{"id":"8a572188-712e-4685-8709-c132e6629c10","type":"text/javascript","exec":[""]}}],"variable":[{"id":"c7ca4bd4-364d-4e3d-a36d-e7b059fb8760","key":"baseUrl","value":"https://us.api.concursolutions.com/concur/api/v3.1"}]}