{"info":{"_postman_id":"d3115dce-4f5d-4ad0-9b89-e9d2c3d9c9d5","name":"Connection Requests","description":"A Connection Request is an object representing the willingness of an SAP Concur user to connect with a specific TripLink partner.","schema":"https://schema.getpostman.com/json/collection/v2.1.0/collection.json"},"item":[{"name":"common","item":[{"name":"connectionrequests","item":[{"name":"{id}","item":[{"name":"Get a connection request by ID","id":"1f5b2498-425c-492e-acfb-fa20d43a5059","protocolProfileBehavior":{"disableBodyPruning":true},"request":{"method":"GET","header":[{"key":"Accept","value":"application/json"}],"url":{"raw":"{{baseUrl}}/common/connectionrequests/:id","host":["{{baseUrl}}"],"path":["common","connectionrequests",":id"],"variable":[{"id":"bde8e19f-c223-47ae-895a-4a00d1bae9b2","key":"id","value":"<string>"}]},"description":"Gets a connection request by ID."},"response":[{"id":"2d0a5415-5a85-4658-884c-93e1cc87f94f","name":"Success","originalRequest":{"method":"GET","header":[{"key":"Accept","value":"application/json"}],"url":{"raw":"{{baseUrl}}/common/connectionrequests/:id","host":["{{baseUrl}}"],"path":["common","connectionrequests",":id"],"variable":[{"key":"id"}]}},"status":"OK","code":200,"_postman_previewlanguage":"json","header":[{"key":"Content-Type","value":"application/json"}],"cookie":[],"responseTime":null,"body":"{\n  \"firstName\": \"<string>\",\n  \"ID\": \"<string>\",\n  \"lastModified\": \"<string>\",\n  \"lastName\": \"<string>\",\n  \"loyaltyNumber\": \"<string>\",\n  \"middleName\": \"<string>\",\n  \"requestToken\": \"<string>\",\n  \"status\": \"<string>\",\n  \"URI\": \"<string>\",\n  \"userId\": \"<string>\",\n  \"emailAddresses\": {\n    \"email1\": \"<string>\",\n    \"email2\": \"<string>\",\n    \"email3\": \"<string>\",\n    \"email4\": \"<string>\",\n    \"email5\": \"<string>\"\n  }\n}"},{"id":"0321db25-80a3-41bb-9a5c-9fd6cc70d414","name":"Forbidden","originalRequest":{"method":"GET","header":[{"key":"Accept","value":"application/json"}],"url":{"raw":"{{baseUrl}}/common/connectionrequests/:id","host":["{{baseUrl}}"],"path":["common","connectionrequests",":id"],"variable":[{"key":"id"}]}},"status":"Forbidden","code":403,"_postman_previewlanguage":"json","header":[{"key":"Content-Type","value":"application/json"}],"cookie":[],"responseTime":null,"body":"{}"},{"id":"8104fa01-c399-4e2c-aade-42e2b9a4d09e","name":"Not Found","originalRequest":{"method":"GET","header":[{"key":"Accept","value":"application/json"}],"url":{"raw":"{{baseUrl}}/common/connectionrequests/:id","host":["{{baseUrl}}"],"path":["common","connectionrequests",":id"],"variable":[{"key":"id"}]}},"status":"Not Found","code":404,"_postman_previewlanguage":"json","header":[{"key":"Content-Type","value":"application/json"}],"cookie":[],"responseTime":null,"body":"{}"}]},{"name":"Update a connection request by ID","id":"51657866-70a5-4387-aef6-c48e0e79f218","protocolProfileBehavior":{"disableBodyPruning":true},"request":{"method":"PUT","header":[{"key":"Content-Type","value":"application/json"},{"key":"Accept","value":"application/json"}],"body":{"mode":"raw","raw":"{\n  \"status\": \"<string>\"\n}","options":{"raw":{"headerFamily":"json","language":"json"}}},"url":{"raw":"{{baseUrl}}/common/connectionrequests/:id","host":["{{baseUrl}}"],"path":["common","connectionrequests",":id"],"variable":[{"id":"3578826e-711f-4ecc-93aa-aba6310b09c2","key":"id","value":"<string>"}]},"description":"Updates the specified connection request. Only the fields provided in the supplied object are updated. Missing fields will not be altered."},"response":[{"id":"44341ebb-5218-4526-9a54-10bd0aa71986","name":"Success","originalRequest":{"method":"PUT","header":[{"key":"Content-Type","value":"application/json"},{"key":"Accept","value":"application/json"}],"body":{"mode":"raw","raw":"{\n  \"status\": \"<string>\"\n}","options":{"raw":{"headerFamily":"json","language":"json"}}},"url":{"raw":"{{baseUrl}}/common/connectionrequests/:id","host":["{{baseUrl}}"],"path":["common","connectionrequests",":id"],"variable":[{"key":"id"}]}},"status":"No Content","code":204,"_postman_previewlanguage":"json","header":[{"key":"Content-Type","value":"application/json"}],"cookie":[],"responseTime":null,"body":"{}"},{"id":"9628cc46-f044-4257-a8bc-b9fd9d5fd284","name":"Bad Request","originalRequest":{"method":"PUT","header":[{"key":"Content-Type","value":"application/json"},{"key":"Accept","value":"application/json"}],"body":{"mode":"raw","raw":"{\n  \"status\": \"<string>\"\n}","options":{"raw":{"headerFamily":"json","language":"json"}}},"url":{"raw":"{{baseUrl}}/common/connectionrequests/:id","host":["{{baseUrl}}"],"path":["common","connectionrequests",":id"],"variable":[{"key":"id"}]}},"status":"Bad Request","code":400,"_postman_previewlanguage":"json","header":[{"key":"Content-Type","value":"application/json"}],"cookie":[],"responseTime":null,"body":"{}"},{"id":"6aa50c2c-749e-4159-b134-8978122f6adb","name":"Forbidden","originalRequest":{"method":"PUT","header":[{"key":"Content-Type","value":"application/json"},{"key":"Accept","value":"application/json"}],"body":{"mode":"raw","raw":"{\n  \"status\": \"<string>\"\n}","options":{"raw":{"headerFamily":"json","language":"json"}}},"url":{"raw":"{{baseUrl}}/common/connectionrequests/:id","host":["{{baseUrl}}"],"path":["common","connectionrequests",":id"],"variable":[{"key":"id"}]}},"status":"Forbidden","code":403,"_postman_previewlanguage":"json","header":[{"key":"Content-Type","value":"application/json"}],"cookie":[],"responseTime":null,"body":"{}"},{"id":"ed8c61d0-0cd2-4158-b686-e49220564505","name":"Not Found","originalRequest":{"method":"PUT","header":[{"key":"Content-Type","value":"application/json"},{"key":"Accept","value":"application/json"}],"body":{"mode":"raw","raw":"{\n  \"status\": \"<string>\"\n}","options":{"raw":{"headerFamily":"json","language":"json"}}},"url":{"raw":"{{baseUrl}}/common/connectionrequests/:id","host":["{{baseUrl}}"],"path":["common","connectionrequests",":id"],"variable":[{"key":"id"}]}},"status":"Not Found","code":404,"_postman_previewlanguage":"json","header":[{"key":"Content-Type","value":"application/json"}],"cookie":[],"responseTime":null,"body":"{}"}]}],"id":"3ddfb57c-b2cc-4c04-ad65-d6b0c7fb9719"},{"name":"Get all connection requests","id":"2132eec0-7351-4a65-872f-d360a70bbd97","protocolProfileBehavior":{"disableBodyPruning":true},"request":{"method":"GET","header":[{"key":"Accept","value":"application/json"}],"url":{"raw":"{{baseUrl}}/common/connectionrequests?limit=<integer>&offset=<integer>","host":["{{baseUrl}}"],"path":["common","connectionrequests"],"query":[{"description":"The number of records to return. The default is 5 and the maximum is 10.","key":"limit","value":"<integer>"},{"description":"The starting point of the set of results. The default is the first page, which is equivalent to the value 0.","key":"offset","value":"<integer>"}]},"description":"Gets all connection requests that match the TripLink supplier ID."},"response":[{"id":"8e27296f-0e24-41c8-9f5f-abdb43eac89d","name":"Success","originalRequest":{"method":"GET","header":[{"key":"Accept","value":"application/json"}],"url":{"raw":"{{baseUrl}}/common/connectionrequests?limit=<integer>&offset=<integer>","host":["{{baseUrl}}"],"path":["common","connectionrequests"],"query":[{"description":"The number of records to return. The default is 5 and the maximum is 10.","key":"limit","value":"<integer>"},{"description":"The starting point of the set of results. The default is the first page, which is equivalent to the value 0.","key":"offset","value":"<integer>"}]}},"status":"OK","code":200,"_postman_previewlanguage":"json","header":[{"key":"Content-Type","value":"application/json"}],"cookie":[],"responseTime":null,"body":"{\n  \"Items\": {\n    \"firstName\": \"<string>\",\n    \"ID\": \"<string>\",\n    \"lastModified\": \"<string>\",\n    \"lastName\": \"<string>\",\n    \"loyaltyNumber\": \"<string>\",\n    \"middleName\": \"<string>\",\n    \"requestToken\": \"<string>\",\n    \"status\": \"<string>\",\n    \"URI\": \"<string>\",\n    \"userId\": \"<string>\",\n    \"emailAddresses\": {\n      \"email1\": \"<string>\",\n      \"email2\": \"<string>\",\n      \"email3\": \"<string>\",\n      \"email4\": \"<string>\",\n      \"email5\": \"<string>\"\n    }\n  },\n  \"NextPage\": \"<string>\"\n}"},{"id":"e0404c7a-5977-473d-b118-65b11a607c48","name":"Bad Request","originalRequest":{"method":"GET","header":[{"key":"Accept","value":"application/json"}],"url":{"raw":"{{baseUrl}}/common/connectionrequests?limit=<integer>&offset=<integer>","host":["{{baseUrl}}"],"path":["common","connectionrequests"],"query":[{"description":"The number of records to return. The default is 5 and the maximum is 10.","key":"limit","value":"<integer>"},{"description":"The starting point of the set of results. The default is the first page, which is equivalent to the value 0.","key":"offset","value":"<integer>"}]}},"status":"Bad Request","code":400,"_postman_previewlanguage":"json","header":[{"key":"Content-Type","value":"application/json"}],"cookie":[],"responseTime":null,"body":"{}"},{"id":"3dd150c0-2d11-4d04-8c60-670331eabb93","name":"Forbidden","originalRequest":{"method":"GET","header":[{"key":"Accept","value":"application/json"}],"url":{"raw":"{{baseUrl}}/common/connectionrequests?limit=<integer>&offset=<integer>","host":["{{baseUrl}}"],"path":["common","connectionrequests"],"query":[{"description":"The number of records to return. The default is 5 and the maximum is 10.","key":"limit","value":"<integer>"},{"description":"The starting point of the set of results. The default is the first page, which is equivalent to the value 0.","key":"offset","value":"<integer>"}]}},"status":"Forbidden","code":403,"_postman_previewlanguage":"json","header":[{"key":"Content-Type","value":"application/json"}],"cookie":[],"responseTime":null,"body":"{}"},{"id":"4c40badd-3b6b-41a6-9391-658d9fae1596","name":"Not Found","originalRequest":{"method":"GET","header":[{"key":"Accept","value":"application/json"}],"url":{"raw":"{{baseUrl}}/common/connectionrequests?limit=<integer>&offset=<integer>","host":["{{baseUrl}}"],"path":["common","connectionrequests"],"query":[{"description":"The number of records to return. The default is 5 and the maximum is 10.","key":"limit","value":"<integer>"},{"description":"The starting point of the set of results. The default is the first page, which is equivalent to the value 0.","key":"offset","value":"<integer>"}]}},"status":"Not Found","code":404,"_postman_previewlanguage":"json","header":[{"key":"Content-Type","value":"application/json"}],"cookie":[],"responseTime":null,"body":"{}"}]},{"name":"Create a connection request","id":"73b064b4-dcb9-467a-8d1f-f077800d406d","protocolProfileBehavior":{"disableBodyPruning":true},"request":{"method":"POST","header":[{"key":"Accept","value":"application/json"}],"url":{"raw":"{{baseUrl}}/common/connectionrequests?user=<string>","host":["{{baseUrl}}"],"path":["common","connectionrequests"],"query":[{"description":"(Required) The login ID of the user for whom to create the connection request.","key":"user","value":"<string>"}]},"description":"Creates a connection request on behalf of the specified user."},"response":[{"id":"150879ec-554d-48e9-92e8-0545cc7bbea5","name":"Success","originalRequest":{"method":"POST","header":[{"key":"Accept","value":"application/json"}],"url":{"raw":"{{baseUrl}}/common/connectionrequests?user=<string>","host":["{{baseUrl}}"],"path":["common","connectionrequests"],"query":[{"description":"(Required) The login ID of the user for whom to create the connection request.","key":"user","value":"<string>"}]}},"status":"OK","code":200,"_postman_previewlanguage":"json","header":[{"key":"Content-Type","value":"application/json"}],"cookie":[],"responseTime":null,"body":"{\n  \"ID\": \"<string>\",\n  \"URI\": \"<string>\"\n}"},{"id":"663063a7-c818-4184-8c3e-ef655702722c","name":"Bad Request","originalRequest":{"method":"POST","header":[{"key":"Accept","value":"application/json"}],"url":{"raw":"{{baseUrl}}/common/connectionrequests?user=<string>","host":["{{baseUrl}}"],"path":["common","connectionrequests"],"query":[{"description":"(Required) The login ID of the user for whom to create the connection request.","key":"user","value":"<string>"}]}},"status":"Bad Request","code":400,"_postman_previewlanguage":"json","header":[{"key":"Content-Type","value":"application/json"}],"cookie":[],"responseTime":null,"body":"{}"},{"id":"e4831204-04e3-4ae5-81b9-e277aa4c957a","name":"Forbidden","originalRequest":{"method":"POST","header":[{"key":"Accept","value":"application/json"}],"url":{"raw":"{{baseUrl}}/common/connectionrequests?user=<string>","host":["{{baseUrl}}"],"path":["common","connectionrequests"],"query":[{"description":"(Required) The login ID of the user for whom to create the connection request.","key":"user","value":"<string>"}]}},"status":"Forbidden","code":403,"_postman_previewlanguage":"json","header":[{"key":"Content-Type","value":"application/json"}],"cookie":[],"responseTime":null,"body":"{}"},{"id":"dbc80d5d-2bb3-40f6-8f68-288cb9970f50","name":"Conflict","originalRequest":{"method":"POST","header":[{"key":"Accept","value":"application/json"}],"url":{"raw":"{{baseUrl}}/common/connectionrequests?user=<string>","host":["{{baseUrl}}"],"path":["common","connectionrequests"],"query":[{"description":"(Required) The login ID of the user for whom to create the connection request.","key":"user","value":"<string>"}]}},"status":"Conflict","code":409,"_postman_previewlanguage":"json","header":[{"key":"Content-Type","value":"application/json"}],"cookie":[],"responseTime":null,"body":"{}"}]}],"id":"b5f04d80-cdfe-4636-a843-469754029ea1"}],"id":"7f9cccfb-31be-4a92-9207-8fe47c17e45f"}],"auth":{"type":"bearer","bearer":[{"key":"token","value":"{{accessToken}}","type":"string"}]},"event":[{"listen":"prerequest","script":{"id":"fb207cfd-327a-436c-8e77-d4b0ce052e4d","type":"text/javascript","exec":[""]}},{"listen":"test","script":{"id":"f79c134d-12d2-49b6-87bf-ee0e44e58d76","type":"text/javascript","exec":[""]}}],"variable":[{"id":"7c7bd6b3-90e2-4d5d-98a2-c93d5454b296","key":"baseUrl","value":"https://us.api.concursolutions.com/api/v3.2"}]}