{"info":{"_postman_id":"d8097e82-c0cb-446e-a051-6b67c4d556cc","name":"Omada","description":"# Introduction\nWhat does your API do?\n\n# Overview\nThings that the developers should know about\n\n# Authentication\nWhat is the preferred way of using the API?\n\n# Error Codes\nWhat errors and status codes can a user expect?\n\n# Rate limit\nIs there a limit to the number of requests a user can send?","schema":"https://schema.getpostman.com/json/collection/v2.1.0/collection.json"},"item":[{"name":"Local Access","item":[{"name":"login","event":[{"listen":"test","script":{"id":"8def0f99-8db1-438e-8b25-3b5f3d8c4ffb","exec":["\r","var access_token = pm.response.json()\r","pm.collectionVariables.set(\"loginToken\", access_token.result[\"token\"]);\r","\r","\r","\r",""],"type":"text/javascript"}}],"id":"161d8ad4-e863-4d0e-8739-9dac13359896","protocolProfileBehavior":{"disableBodyPruning":true},"request":{"method":"POST","header":[],"body":{"mode":"raw","raw":"{\r\n    \"username\": \"{{username}}\",\r\n    \"password\": \"{{password}}\" \r\n}","options":{"raw":{"language":"json"}}},"url":{"raw":"{{baseURL}}/{{omadacId}}/api/v2/login","host":["{{baseURL}}"],"path":["{{omadacId}}","api","v2","login"]}},"response":[]},{"name":"login Copy","event":[{"listen":"test","script":{"id":"8def0f99-8db1-438e-8b25-3b5f3d8c4ffb","exec":["\r","var access_token = pm.response.json()\r","pm.collectionVariables.set(\"loginToken\", access_token.result[\"token\"]);\r","\r","\r","\r",""],"type":"text/javascript"}}],"id":"8a4075f7-6afe-4a5a-af9b-5ddfa1d9dd86","protocolProfileBehavior":{"disableBodyPruning":true},"request":{"method":"POST","header":[],"body":{"mode":"raw","raw":"{\r\n    \"username\": \"{{username}}\",\r\n    \"password\": \"{{password}}\" \r\n}","options":{"raw":{"language":"json"}}},"url":{"raw":"{{baseURL}}/{{omadacId}}/api/v2/login","host":["{{baseURL}}"],"path":["{{omadacId}}","api","v2","login"]}},"response":[]},{"name":"Get the List of Admin Accounts","event":[{"listen":"test","script":{"id":"d9b90cac-9418-4e07-9fef-6a78cde16fbc","exec":["var jsonResult = pm.response.json()\r","\r","// loop collects all users and their ids and set them collection variables \r","for(x = 0; x < jsonResult.result.data.length; x++){\r","    pm.collectionVariables.set(jsonResult.result.data[x].name, jsonResult.result.data[x].id);\r","    pm.collectionVariables.set(\"Site: \"+jsonResult.result.data[x].privilege.sites[0].name, jsonResult.result.data[x].privilege.sites[0].key);\r","\r","}\r","\r","\r",""],"type":"text/javascript"}}],"id":"696cd3b8-0e44-479a-a319-d15b29be7ed2","protocolProfileBehavior":{"disableBodyPruning":true},"request":{"method":"GET","header":[{"key":"Content-Type","value":"application/json","type":"text"},{"key":"Accept","value":"application/json","type":"text"},{"key":"CSRF-Token","value":"{{loginToken}}","type":"text"}],"url":{"raw":"{{baseURL}}/{{omadacId}}/api/v2/users?currentPage=1&currentPageSize=10","host":["{{baseURL}}"],"path":["{{omadacId}}","api","v2","users"],"query":[{"key":"currentPage","value":"1"},{"key":"currentPageSize","value":"10"}]}},"response":[]},{"name":"Get Information about a specific user","event":[{"listen":"test","script":{"id":"fd455122-ddee-430b-9581-31ba29e3181d","exec":[""],"type":"text/javascript"}}],"id":"d12b0d69-bf39-4589-b23a-3ff9e1c56c67","protocolProfileBehavior":{"disableBodyPruning":true},"request":{"method":"GET","header":[{"key":"Content-Type","value":"application/json","type":"text"},{"key":"Accept","value":"application/json","type":"text"},{"key":"CSRF-Token","value":"{{loginToken}}","type":"text"},{"key":"","value":"{{","type":"text","disabled":true}],"url":{"raw":"{{baseURL}}/{{omadacId}}/api/v2/users/current?_={{Admin}}","host":["{{baseURL}}"],"path":["{{omadacId}}","api","v2","users","current"],"query":[{"key":"_","value":"{{Admin}}"}]}},"response":[]},{"name":"Export the list of clients","event":[{"listen":"test","script":{"id":"fc59d9b0-3700-49a0-b3fc-a4be4052e0fa","exec":[""],"type":"text/javascript"}}],"id":"d8b9b4b4-fe26-4ffb-9274-76a346889fc4","protocolProfileBehavior":{"disableBodyPruning":true},"request":{"method":"GET","header":[{"key":"CSRF-Token","value":"{{loginToken}}","type":"text"}],"url":{"raw":"{{baseURL}}/{{omadacId}}/api/v2/sites/{{Site: Default}}/clients?mode=0","host":["{{baseURL}}"],"path":["{{omadacId}}","api","v2","sites","{{Site: Default}}","clients"],"query":[{"key":"mode","value":"0"}]}},"response":[]},{"name":"Get the List of the Devices in One Site ","event":[{"listen":"test","script":{"id":"6620b00e-f121-420a-8111-06016da3f689","exec":["var jsonResult = pm.response.json()\r","\r","for(x = 0; x < jsonResult.result.length; x++){\r","    if(jsonResult.result[x].type == 'ap'){\r","        console.log(true);\r","        pm.collectionVariables.set(\"AP Name: \"+jsonResult.result[x].name, jsonResult.result[x].mac);\r","    } \r","}\r","\r",""],"type":"text/javascript"}}],"id":"84bf799b-d8ab-43ca-85a3-95c3f607d1d9","protocolProfileBehavior":{"disableBodyPruning":true},"request":{"method":"GET","header":[{"key":"CSRF-Token","value":"{{loginToken}}","type":"text"}],"url":{"raw":"{{baseURL}}/{{omadacId}}/api/v2/sites/{{Site: Default}}/devices","host":["{{baseURL}}"],"path":["{{omadacId}}","api","v2","sites","{{Site: Default}}","devices"]}},"response":[]},{"name":"Get the Details of an AP ","id":"9a6805c2-53d3-42e8-828e-1945af7934e8","protocolProfileBehavior":{"disableBodyPruning":true},"request":{"method":"GET","header":[{"key":"CSRF-Token","value":"{{loginToken}}","type":"text"}],"url":{"raw":"{{baseURL}}/{{omadacId}}/api/v2/sites/{{Site: Default}}/eaps/{{AP Name: WAP}}","host":["{{baseURL}}"],"path":["{{omadacId}}","api","v2","sites","{{Site: Default}}","eaps","{{AP Name: WAP}}"]}},"response":[]}],"id":"68b69231-c6b9-4d93-86da-804d6caac94d"}],"event":[{"listen":"prerequest","script":{"id":"ddddf098-982b-4b74-bc14-0b744e385662","type":"text/javascript","exec":[""]}},{"listen":"test","script":{"id":"1cb93697-ec86-43fe-9bbe-3eb2533639d4","type":"text/javascript","exec":[""]}}],"variable":[{"id":"3ad31778-148d-49e4-93e2-39460d81d81a","key":"username","value":"Admin","type":"string"},{"id":"1a8a1687-cf5d-4c14-802f-66570259071c","key":"password","value":"(PlW<iGg@EHxr17Is","type":"string"},{"id":"aeef5552-0018-4477-bbdb-6241a633e566","key":"baseURL","value":"https://192.168.0.253:443","type":"string"},{"id":"18c141f3-529e-46be-9133-257a8d4e915d","key":"omadacId","value":"c27991b9dc5408f6f274a27e139679db","type":"string"},{"id":"0652a993-6fbd-47ef-bb56-cedca9d8baf1","key":"loginToken","value":""},{"id":"90d01b68-8ac5-4e1e-af4e-461a08af7910","key":"samuel.oconnell1493@gmail.com","value":""},{"id":"4b6e2db4-c04b-4edf-9460-699979126f84","key":"Admin","value":""},{"id":"f7a0e77f-689a-4c4f-9584-dc53432d59bc","key":"Site: Default","value":""},{"id":"8d730497-2ebe-43c6-afa3-35fa8800a807","key":"AP Name: WAP","value":""}]}