{"info":{"_postman_id":"d94ae043-67f7-49cb-a75e-4d145e40f462","name":"Purchase Orders","description":"In Concur Invoice, purchase orders are requests for a vendor to supply goods or services. This API provides methods to create a new purchase order, or view or update an existing purchase order.","schema":"https://schema.getpostman.com/json/collection/v2.1.0/collection.json"},"item":[{"name":"invoice","item":[{"name":"purchaseorders","item":[{"name":"{id}","item":[{"name":"Get a purchase order.","id":"0688fc8e-d336-4a65-9168-00f221318dfb","protocolProfileBehavior":{"disableBodyPruning":true},"request":{"method":"GET","header":[{"key":"Accept","value":"application/json"}],"url":{"raw":"{{baseUrl}}/invoice/purchaseorders/:id","host":["{{baseUrl}}"],"path":["invoice","purchaseorders",":id"],"variable":[{"id":"e0647877-f3fd-4b38-96e9-8aa508dd31e1","key":"id","value":"<string>"}]},"description":"Retrieves information about the specified purchase order."},"response":[{"id":"f75dbf28-aa9d-42cc-96be-00a1b71efa01","name":"Success","originalRequest":{"method":"GET","header":[{"key":"Accept","value":"application/json"},{"description":"Added as a part of security scheme: oauth2","key":"Authorization","value":"<token>"}],"url":{"raw":"{{baseUrl}}/invoice/purchaseorders/:id","host":["{{baseUrl}}"],"path":["invoice","purchaseorders",":id"],"variable":[{"key":"id"}]}},"status":"OK","code":200,"_postman_previewlanguage":"json","header":[{"key":"Content-Type","value":"application/json"}],"cookie":[],"responseTime":null,"body":"{\n  \"BillToAddress\": {\n    \"Address1\": \"<string>\",\n    \"City\": \"<string>\",\n    \"CountryCode\": \"<string>\",\n    \"ExternalID\": \"<string>\",\n    \"PostalCode\": \"<string>\",\n    \"Address2\": \"<string>\",\n    \"Address3\": \"<string>\",\n    \"Name\": \"<string>\",\n    \"State\": \"<string>\",\n    \"StateProvince\": \"<string>\"\n  },\n  \"LineItem\": [\n    {\n      \"LineNumber\": \"<string>\",\n      \"ExternalID\": \"<string>\",\n      \"Quantity\": \"<string>\",\n      \"UnitPrice\": \"<string>\",\n      \"AccountCode\": \"<string>\",\n      \"Allocation\": [\n        {\n          \"Amount\": \"<string>\",\n          \"Custom1\": \"<string>\",\n          \"Custom10\": \"<string>\",\n          \"Custom11\": \"<string>\",\n          \"Custom12\": \"<string>\",\n          \"Custom13\": \"<string>\",\n          \"Custom14\": \"<string>\",\n          \"Custom15\": \"<string>\",\n          \"Custom16\": \"<string>\",\n          \"Custom17\": \"<string>\",\n          \"Custom18\": \"<string>\",\n          \"Custom19\": \"<string>\",\n          \"Custom2\": \"<string>\",\n          \"Custom20\": \"<string>\",\n          \"Custom3\": \"<string>\",\n          \"Custom4\": \"<string>\",\n          \"Custom5\": \"<string>\",\n          \"Custom6\": \"<string>\",\n          \"Custom7\": \"<string>\",\n          \"Custom8\": \"<string>\",\n          \"Custom9\": \"<string>\",\n          \"GrossAmount\": \"<string>\",\n          \"Percentage\": \"<string>\"\n        },\n        {\n          \"Amount\": \"<string>\",\n          \"Custom1\": \"<string>\",\n          \"Custom10\": \"<string>\",\n          \"Custom11\": \"<string>\",\n          \"Custom12\": \"<string>\",\n          \"Custom13\": \"<string>\",\n          \"Custom14\": \"<string>\",\n          \"Custom15\": \"<string>\",\n          \"Custom16\": \"<string>\",\n          \"Custom17\": \"<string>\",\n          \"Custom18\": \"<string>\",\n          \"Custom19\": \"<string>\",\n          \"Custom2\": \"<string>\",\n          \"Custom20\": \"<string>\",\n          \"Custom3\": \"<string>\",\n          \"Custom4\": \"<string>\",\n          \"Custom5\": \"<string>\",\n          \"Custom6\": \"<string>\",\n          \"Custom7\": \"<string>\",\n          \"Custom8\": \"<string>\",\n          \"Custom9\": \"<string>\",\n          \"GrossAmount\": \"<string>\",\n          \"Percentage\": \"<string>\"\n        }\n      ],\n      \"AmountWithoutVat\": \"<string>\",\n      \"CreateDate\": \"<string>\",\n      \"Custom1\": \"<string>\",\n      \"Custom10\": \"<string>\",\n      \"Custom11\": \"<string>\",\n      \"Custom12\": \"<string>\",\n      \"Custom13\": \"<string>\",\n      \"Custom14\": \"<string>\",\n      \"Custom15\": \"<string>\",\n      \"Custom16\": \"<string>\",\n      \"Custom17\": \"<string>\",\n      \"Custom18\": \"<string>\",\n      \"Custom19\": \"<string>\",\n      \"Custom2\": \"<string>\",\n      \"Custom20\": \"<string>\",\n      \"Custom3\": \"<string>\",\n      \"Custom4\": \"<string>\",\n      \"Custom5\": \"<string>\",\n      \"Custom6\": \"<string>\",\n      \"Custom7\": \"<string>\",\n      \"Custom8\": \"<string>\",\n      \"Custom9\": \"<string>\",\n      \"Description\": \"<string>\",\n      \"ExpenseType\": \"<string>\",\n      \"IsReceiptRequired\": \"<string>\",\n      \"PurchaseOrderReceiptType\": \"<string>\",\n      \"RequestedBy\": \"<string>\",\n      \"RequestedDeliveryDate\": \"<string>\",\n      \"SupplierPartID\": \"<string>\",\n      \"Tax\": \"<string>\",\n      \"UnitOfMeasureCode\": \"<string>\",\n      \"VatAmount\": \"<string>\",\n      \"VatRate\": \"<string>\"\n    },\n    {\n      \"LineNumber\": \"<string>\",\n      \"ExternalID\": \"<string>\",\n      \"Quantity\": \"<string>\",\n      \"UnitPrice\": \"<string>\",\n      \"AccountCode\": \"<string>\",\n      \"Allocation\": [\n        {\n          \"Amount\": \"<string>\",\n          \"Custom1\": \"<string>\",\n          \"Custom10\": \"<string>\",\n          \"Custom11\": \"<string>\",\n          \"Custom12\": \"<string>\",\n          \"Custom13\": \"<string>\",\n          \"Custom14\": \"<string>\",\n          \"Custom15\": \"<string>\",\n          \"Custom16\": \"<string>\",\n          \"Custom17\": \"<string>\",\n          \"Custom18\": \"<string>\",\n          \"Custom19\": \"<string>\",\n          \"Custom2\": \"<string>\",\n          \"Custom20\": \"<string>\",\n          \"Custom3\": \"<string>\",\n          \"Custom4\": \"<string>\",\n          \"Custom5\": \"<string>\",\n          \"Custom6\": \"<string>\",\n          \"Custom7\": \"<string>\",\n          \"Custom8\": \"<string>\",\n          \"Custom9\": \"<string>\",\n          \"GrossAmount\": \"<string>\",\n          \"Percentage\": \"<string>\"\n        },\n        {\n          \"Amount\": \"<string>\",\n          \"Custom1\": \"<string>\",\n          \"Custom10\": \"<string>\",\n          \"Custom11\": \"<string>\",\n          \"Custom12\": \"<string>\",\n          \"Custom13\": \"<string>\",\n          \"Custom14\": \"<string>\",\n          \"Custom15\": \"<string>\",\n          \"Custom16\": \"<string>\",\n          \"Custom17\": \"<string>\",\n          \"Custom18\": \"<string>\",\n          \"Custom19\": \"<string>\",\n          \"Custom2\": \"<string>\",\n          \"Custom20\": \"<string>\",\n          \"Custom3\": \"<string>\",\n          \"Custom4\": \"<string>\",\n          \"Custom5\": \"<string>\",\n          \"Custom6\": \"<string>\",\n          \"Custom7\": \"<string>\",\n          \"Custom8\": \"<string>\",\n          \"Custom9\": \"<string>\",\n          \"GrossAmount\": \"<string>\",\n          \"Percentage\": \"<string>\"\n        }\n      ],\n      \"AmountWithoutVat\": \"<string>\",\n      \"CreateDate\": \"<string>\",\n      \"Custom1\": \"<string>\",\n      \"Custom10\": \"<string>\",\n      \"Custom11\": \"<string>\",\n      \"Custom12\": \"<string>\",\n      \"Custom13\": \"<string>\",\n      \"Custom14\": \"<string>\",\n      \"Custom15\": \"<string>\",\n      \"Custom16\": \"<string>\",\n      \"Custom17\": \"<string>\",\n      \"Custom18\": \"<string>\",\n      \"Custom19\": \"<string>\",\n      \"Custom2\": \"<string>\",\n      \"Custom20\": \"<string>\",\n      \"Custom3\": \"<string>\",\n      \"Custom4\": \"<string>\",\n      \"Custom5\": \"<string>\",\n      \"Custom6\": \"<string>\",\n      \"Custom7\": \"<string>\",\n      \"Custom8\": \"<string>\",\n      \"Custom9\": \"<string>\",\n      \"Description\": \"<string>\",\n      \"ExpenseType\": \"<string>\",\n      \"IsReceiptRequired\": \"<string>\",\n      \"PurchaseOrderReceiptType\": \"<string>\",\n      \"RequestedBy\": \"<string>\",\n      \"RequestedDeliveryDate\": \"<string>\",\n      \"SupplierPartID\": \"<string>\",\n      \"Tax\": \"<string>\",\n      \"UnitOfMeasureCode\": \"<string>\",\n      \"VatAmount\": \"<string>\",\n      \"VatRate\": \"<string>\"\n    }\n  ],\n  \"PolicyExternalID\": \"<string>\",\n  \"ShipToAddress\": {\n    \"Address1\": \"<string>\",\n    \"City\": \"<string>\",\n    \"CountryCode\": \"<string>\",\n    \"ExternalID\": \"<string>\",\n    \"PostalCode\": \"<string>\",\n    \"Address2\": \"<string>\",\n    \"Address3\": \"<string>\",\n    \"Name\": \"<string>\",\n    \"State\": \"<string>\",\n    \"StateProvince\": \"<string>\"\n  },\n  \"CurrencyCode\": \"<string>\",\n  \"OrderDate\": \"<string>\",\n  \"VendorAddressCode\": \"<string>\",\n  \"VendorCode\": \"<string>\",\n  \"AmountWithoutVat\": \"<string>\",\n  \"Custom1\": \"<string>\",\n  \"Custom10\": \"<string>\",\n  \"Custom11\": \"<string>\",\n  \"Custom12\": \"<string>\",\n  \"Custom13\": \"<string>\",\n  \"Custom14\": \"<string>\",\n  \"Custom15\": \"<string>\",\n  \"Custom16\": \"<string>\",\n  \"Custom17\": \"<string>\",\n  \"Custom18\": \"<string>\",\n  \"Custom19\": \"<string>\",\n  \"Custom2\": \"<string>\",\n  \"Custom20\": \"<string>\",\n  \"Custom21\": \"<string>\",\n  \"Custom22\": \"<string>\",\n  \"Custom23\": \"<string>\",\n  \"Custom24\": \"<string>\",\n  \"Custom3\": \"<string>\",\n  \"Custom4\": \"<string>\",\n  \"Custom5\": \"<string>\",\n  \"Custom6\": \"<string>\",\n  \"Custom7\": \"<string>\",\n  \"Custom8\": \"<string>\",\n  \"Custom9\": \"<string>\",\n  \"Description\": \"<string>\",\n  \"DiscountPercentage\": \"<string>\",\n  \"DiscountTerms\": \"<string>\",\n  \"ID\": \"<string>\",\n  \"IsTest\": \"<boolean>\",\n  \"IsChangeOrder\": \"<boolean>\",\n  \"LedgerCode\": \"<string>\",\n  \"Name\": \"<string>\",\n  \"NeededByDate\": \"<string>\",\n  \"PaymentTerms\": \"<string>\",\n  \"PoVendorTaxId\": \"<string>\",\n  \"ProvincialTaxId\": \"<string>\",\n  \"PurchaseOrderNumber\": \"<string>\",\n  \"PurchaseRequestNumber\": \"<string>\",\n  \"ReceiptType\": \"<string>\",\n  \"RequestedBy\": \"<string>\",\n  \"RequestedDeliveryDate\": \"<string>\",\n  \"Shipping\": \"<string>\",\n  \"ShippingDescription\": \"<string>\",\n  \"ShippingMethodKey\": \"<string>\",\n  \"ShippingTermsKey\": \"<string>\",\n  \"Status\": \"<string>\",\n  \"Tax\": \"<string>\",\n  \"URI\": \"<string>\",\n  \"VatAmountOne\": \"<string>\",\n  \"VatAmountTwo\": \"<string>\",\n  \"VatRateOne\": \"<string>\",\n  \"VatRateTwo\": \"<string>\",\n  \"VendorAccountNumber\": \"<string>\"\n}"}]}],"id":"071479a5-b178-4375-8d2d-73a17997ce92"},{"name":"Create a purchase order","id":"d8c7c0fe-7e97-4e3c-9cd1-85b9b9b7735e","protocolProfileBehavior":{"disableBodyPruning":true},"request":{"method":"POST","header":[{"key":"Content-Type","value":"application/json"},{"key":"Accept","value":"application/json"}],"body":{"mode":"raw","raw":"{\n  \"BillToAddress\": {\n    \"Address1\": \"<string>\",\n    \"City\": \"<string>\",\n    \"CountryCode\": \"<string>\",\n    \"ExternalID\": \"<string>\",\n    \"PostalCode\": \"<string>\",\n    \"Address2\": \"<string>\",\n    \"Address3\": \"<string>\",\n    \"Name\": \"<string>\",\n    \"State\": \"<string>\",\n    \"StateProvince\": \"<string>\"\n  },\n  \"LineItem\": [\n    {\n      \"LineNumber\": \"<string>\",\n      \"ExternalID\": \"<string>\",\n      \"Quantity\": \"<string>\",\n      \"UnitPrice\": \"<string>\",\n      \"AccountCode\": \"<string>\",\n      \"Allocation\": [\n        {\n          \"Amount\": \"<string>\",\n          \"Custom1\": \"<string>\",\n          \"Custom10\": \"<string>\",\n          \"Custom11\": \"<string>\",\n          \"Custom12\": \"<string>\",\n          \"Custom13\": \"<string>\",\n          \"Custom14\": \"<string>\",\n          \"Custom15\": \"<string>\",\n          \"Custom16\": \"<string>\",\n          \"Custom17\": \"<string>\",\n          \"Custom18\": \"<string>\",\n          \"Custom19\": \"<string>\",\n          \"Custom2\": \"<string>\",\n          \"Custom20\": \"<string>\",\n          \"Custom3\": \"<string>\",\n          \"Custom4\": \"<string>\",\n          \"Custom5\": \"<string>\",\n          \"Custom6\": \"<string>\",\n          \"Custom7\": \"<string>\",\n          \"Custom8\": \"<string>\",\n          \"Custom9\": \"<string>\",\n          \"GrossAmount\": \"<string>\",\n          \"Percentage\": \"<string>\"\n        },\n        {\n          \"Amount\": \"<string>\",\n          \"Custom1\": \"<string>\",\n          \"Custom10\": \"<string>\",\n          \"Custom11\": \"<string>\",\n          \"Custom12\": \"<string>\",\n          \"Custom13\": \"<string>\",\n          \"Custom14\": \"<string>\",\n          \"Custom15\": \"<string>\",\n          \"Custom16\": \"<string>\",\n          \"Custom17\": \"<string>\",\n          \"Custom18\": \"<string>\",\n          \"Custom19\": \"<string>\",\n          \"Custom2\": \"<string>\",\n          \"Custom20\": \"<string>\",\n          \"Custom3\": \"<string>\",\n          \"Custom4\": \"<string>\",\n          \"Custom5\": \"<string>\",\n          \"Custom6\": \"<string>\",\n          \"Custom7\": \"<string>\",\n          \"Custom8\": \"<string>\",\n          \"Custom9\": \"<string>\",\n          \"GrossAmount\": \"<string>\",\n          \"Percentage\": \"<string>\"\n        }\n      ],\n      \"AmountWithoutVat\": \"<string>\",\n      \"CreateDate\": \"<string>\",\n      \"Custom1\": \"<string>\",\n      \"Custom10\": \"<string>\",\n      \"Custom11\": \"<string>\",\n      \"Custom12\": \"<string>\",\n      \"Custom13\": \"<string>\",\n      \"Custom14\": \"<string>\",\n      \"Custom15\": \"<string>\",\n      \"Custom16\": \"<string>\",\n      \"Custom17\": \"<string>\",\n      \"Custom18\": \"<string>\",\n      \"Custom19\": \"<string>\",\n      \"Custom2\": \"<string>\",\n      \"Custom20\": \"<string>\",\n      \"Custom3\": \"<string>\",\n      \"Custom4\": \"<string>\",\n      \"Custom5\": \"<string>\",\n      \"Custom6\": \"<string>\",\n      \"Custom7\": \"<string>\",\n      \"Custom8\": \"<string>\",\n      \"Custom9\": \"<string>\",\n      \"Description\": \"<string>\",\n      \"ExpenseType\": \"<string>\",\n      \"IsReceiptRequired\": \"<string>\",\n      \"PurchaseOrderReceiptType\": \"<string>\",\n      \"RequestedBy\": \"<string>\",\n      \"RequestedDeliveryDate\": \"<string>\",\n      \"SupplierPartID\": \"<string>\",\n      \"Tax\": \"<string>\",\n      \"UnitOfMeasureCode\": \"<string>\",\n      \"VatAmount\": \"<string>\",\n      \"VatRate\": \"<string>\"\n    },\n    {\n      \"LineNumber\": \"<string>\",\n      \"ExternalID\": \"<string>\",\n      \"Quantity\": \"<string>\",\n      \"UnitPrice\": \"<string>\",\n      \"AccountCode\": \"<string>\",\n      \"Allocation\": [\n        {\n          \"Amount\": \"<string>\",\n          \"Custom1\": \"<string>\",\n          \"Custom10\": \"<string>\",\n          \"Custom11\": \"<string>\",\n          \"Custom12\": \"<string>\",\n          \"Custom13\": \"<string>\",\n          \"Custom14\": \"<string>\",\n          \"Custom15\": \"<string>\",\n          \"Custom16\": \"<string>\",\n          \"Custom17\": \"<string>\",\n          \"Custom18\": \"<string>\",\n          \"Custom19\": \"<string>\",\n          \"Custom2\": \"<string>\",\n          \"Custom20\": \"<string>\",\n          \"Custom3\": \"<string>\",\n          \"Custom4\": \"<string>\",\n          \"Custom5\": \"<string>\",\n          \"Custom6\": \"<string>\",\n          \"Custom7\": \"<string>\",\n          \"Custom8\": \"<string>\",\n          \"Custom9\": \"<string>\",\n          \"GrossAmount\": \"<string>\",\n          \"Percentage\": \"<string>\"\n        },\n        {\n          \"Amount\": \"<string>\",\n          \"Custom1\": \"<string>\",\n          \"Custom10\": \"<string>\",\n          \"Custom11\": \"<string>\",\n          \"Custom12\": \"<string>\",\n          \"Custom13\": \"<string>\",\n          \"Custom14\": \"<string>\",\n          \"Custom15\": \"<string>\",\n          \"Custom16\": \"<string>\",\n          \"Custom17\": \"<string>\",\n          \"Custom18\": \"<string>\",\n          \"Custom19\": \"<string>\",\n          \"Custom2\": \"<string>\",\n          \"Custom20\": \"<string>\",\n          \"Custom3\": \"<string>\",\n          \"Custom4\": \"<string>\",\n          \"Custom5\": \"<string>\",\n          \"Custom6\": \"<string>\",\n          \"Custom7\": \"<string>\",\n          \"Custom8\": \"<string>\",\n          \"Custom9\": \"<string>\",\n          \"GrossAmount\": \"<string>\",\n          \"Percentage\": \"<string>\"\n        }\n      ],\n      \"AmountWithoutVat\": \"<string>\",\n      \"CreateDate\": \"<string>\",\n      \"Custom1\": \"<string>\",\n      \"Custom10\": \"<string>\",\n      \"Custom11\": \"<string>\",\n      \"Custom12\": \"<string>\",\n      \"Custom13\": \"<string>\",\n      \"Custom14\": \"<string>\",\n      \"Custom15\": \"<string>\",\n      \"Custom16\": \"<string>\",\n      \"Custom17\": \"<string>\",\n      \"Custom18\": \"<string>\",\n      \"Custom19\": \"<string>\",\n      \"Custom2\": \"<string>\",\n      \"Custom20\": \"<string>\",\n      \"Custom3\": \"<string>\",\n      \"Custom4\": \"<string>\",\n      \"Custom5\": \"<string>\",\n      \"Custom6\": \"<string>\",\n      \"Custom7\": \"<string>\",\n      \"Custom8\": \"<string>\",\n      \"Custom9\": \"<string>\",\n      \"Description\": \"<string>\",\n      \"ExpenseType\": \"<string>\",\n      \"IsReceiptRequired\": \"<string>\",\n      \"PurchaseOrderReceiptType\": \"<string>\",\n      \"RequestedBy\": \"<string>\",\n      \"RequestedDeliveryDate\": \"<string>\",\n      \"SupplierPartID\": \"<string>\",\n      \"Tax\": \"<string>\",\n      \"UnitOfMeasureCode\": \"<string>\",\n      \"VatAmount\": \"<string>\",\n      \"VatRate\": \"<string>\"\n    }\n  ],\n  \"PolicyExternalID\": \"<string>\",\n  \"ShipToAddress\": {\n    \"Address1\": \"<string>\",\n    \"City\": \"<string>\",\n    \"CountryCode\": \"<string>\",\n    \"ExternalID\": \"<string>\",\n    \"PostalCode\": \"<string>\",\n    \"Address2\": \"<string>\",\n    \"Address3\": \"<string>\",\n    \"Name\": \"<string>\",\n    \"State\": \"<string>\",\n    \"StateProvince\": \"<string>\"\n  },\n  \"CurrencyCode\": \"<string>\",\n  \"OrderDate\": \"<string>\",\n  \"VendorAddressCode\": \"<string>\",\n  \"VendorCode\": \"<string>\",\n  \"AmountWithoutVat\": \"<string>\",\n  \"Custom1\": \"<string>\",\n  \"Custom10\": \"<string>\",\n  \"Custom11\": \"<string>\",\n  \"Custom12\": \"<string>\",\n  \"Custom13\": \"<string>\",\n  \"Custom14\": \"<string>\",\n  \"Custom15\": \"<string>\",\n  \"Custom16\": \"<string>\",\n  \"Custom17\": \"<string>\",\n  \"Custom18\": \"<string>\",\n  \"Custom19\": \"<string>\",\n  \"Custom2\": \"<string>\",\n  \"Custom20\": \"<string>\",\n  \"Custom21\": \"<string>\",\n  \"Custom22\": \"<string>\",\n  \"Custom23\": \"<string>\",\n  \"Custom24\": \"<string>\",\n  \"Custom3\": \"<string>\",\n  \"Custom4\": \"<string>\",\n  \"Custom5\": \"<string>\",\n  \"Custom6\": \"<string>\",\n  \"Custom7\": \"<string>\",\n  \"Custom8\": \"<string>\",\n  \"Custom9\": \"<string>\",\n  \"Description\": \"<string>\",\n  \"DiscountPercentage\": \"<string>\",\n  \"DiscountTerms\": \"<string>\",\n  \"ID\": \"<string>\",\n  \"IsTest\": \"<boolean>\",\n  \"IsChangeOrder\": \"<boolean>\",\n  \"LedgerCode\": \"<string>\",\n  \"Name\": \"<string>\",\n  \"NeededByDate\": \"<string>\",\n  \"PaymentTerms\": \"<string>\",\n  \"PoVendorTaxId\": \"<string>\",\n  \"ProvincialTaxId\": \"<string>\",\n  \"PurchaseOrderNumber\": \"<string>\",\n  \"PurchaseRequestNumber\": \"<string>\",\n  \"ReceiptType\": \"<string>\",\n  \"RequestedBy\": \"<string>\",\n  \"RequestedDeliveryDate\": \"<string>\",\n  \"Shipping\": \"<string>\",\n  \"ShippingDescription\": \"<string>\",\n  \"ShippingMethodKey\": \"<string>\",\n  \"ShippingTermsKey\": \"<string>\",\n  \"Status\": \"<string>\",\n  \"Tax\": \"<string>\",\n  \"URI\": \"<string>\",\n  \"VatAmountOne\": \"<string>\",\n  \"VatAmountTwo\": \"<string>\",\n  \"VatRateOne\": \"<string>\",\n  \"VatRateTwo\": \"<string>\",\n  \"VendorAccountNumber\": \"<string>\"\n}","options":{"raw":{"headerFamily":"json","language":"json"}}},"url":{"raw":"{{baseUrl}}/invoice/purchaseorders","host":["{{baseUrl}}"],"path":["invoice","purchaseorders"]},"description":"Creates a purchase order and returns the status of the creation request."},"response":[{"id":"5a9eea30-0e9a-444c-9305-1266bc65d033","name":"Success","originalRequest":{"method":"POST","header":[{"key":"Content-Type","value":"application/json"},{"key":"Accept","value":"application/json"},{"description":"Added as a part of security scheme: oauth2","key":"Authorization","value":"<token>"}],"body":{"mode":"raw","raw":"{\n  \"BillToAddress\": {\n    \"Address1\": \"<string>\",\n    \"City\": \"<string>\",\n    \"CountryCode\": \"<string>\",\n    \"ExternalID\": \"<string>\",\n    \"PostalCode\": \"<string>\",\n    \"Address2\": \"<string>\",\n    \"Address3\": \"<string>\",\n    \"Name\": \"<string>\",\n    \"State\": \"<string>\",\n    \"StateProvince\": \"<string>\"\n  },\n  \"LineItem\": [\n    {\n      \"LineNumber\": \"<string>\",\n      \"ExternalID\": \"<string>\",\n      \"Quantity\": \"<string>\",\n      \"UnitPrice\": \"<string>\",\n      \"AccountCode\": \"<string>\",\n      \"Allocation\": [\n        {\n          \"Amount\": \"<string>\",\n          \"Custom1\": \"<string>\",\n          \"Custom10\": \"<string>\",\n          \"Custom11\": \"<string>\",\n          \"Custom12\": \"<string>\",\n          \"Custom13\": \"<string>\",\n          \"Custom14\": \"<string>\",\n          \"Custom15\": \"<string>\",\n          \"Custom16\": \"<string>\",\n          \"Custom17\": \"<string>\",\n          \"Custom18\": \"<string>\",\n          \"Custom19\": \"<string>\",\n          \"Custom2\": \"<string>\",\n          \"Custom20\": \"<string>\",\n          \"Custom3\": \"<string>\",\n          \"Custom4\": \"<string>\",\n          \"Custom5\": \"<string>\",\n          \"Custom6\": \"<string>\",\n          \"Custom7\": \"<string>\",\n          \"Custom8\": \"<string>\",\n          \"Custom9\": \"<string>\",\n          \"GrossAmount\": \"<string>\",\n          \"Percentage\": \"<string>\"\n        },\n        {\n          \"Amount\": \"<string>\",\n          \"Custom1\": \"<string>\",\n          \"Custom10\": \"<string>\",\n          \"Custom11\": \"<string>\",\n          \"Custom12\": \"<string>\",\n          \"Custom13\": \"<string>\",\n          \"Custom14\": \"<string>\",\n          \"Custom15\": \"<string>\",\n          \"Custom16\": \"<string>\",\n          \"Custom17\": \"<string>\",\n          \"Custom18\": \"<string>\",\n          \"Custom19\": \"<string>\",\n          \"Custom2\": \"<string>\",\n          \"Custom20\": \"<string>\",\n          \"Custom3\": \"<string>\",\n          \"Custom4\": \"<string>\",\n          \"Custom5\": \"<string>\",\n          \"Custom6\": \"<string>\",\n          \"Custom7\": \"<string>\",\n          \"Custom8\": \"<string>\",\n          \"Custom9\": \"<string>\",\n          \"GrossAmount\": \"<string>\",\n          \"Percentage\": \"<string>\"\n        }\n      ],\n      \"AmountWithoutVat\": \"<string>\",\n      \"CreateDate\": \"<string>\",\n      \"Custom1\": \"<string>\",\n      \"Custom10\": \"<string>\",\n      \"Custom11\": \"<string>\",\n      \"Custom12\": \"<string>\",\n      \"Custom13\": \"<string>\",\n      \"Custom14\": \"<string>\",\n      \"Custom15\": \"<string>\",\n      \"Custom16\": \"<string>\",\n      \"Custom17\": \"<string>\",\n      \"Custom18\": \"<string>\",\n      \"Custom19\": \"<string>\",\n      \"Custom2\": \"<string>\",\n      \"Custom20\": \"<string>\",\n      \"Custom3\": \"<string>\",\n      \"Custom4\": \"<string>\",\n      \"Custom5\": \"<string>\",\n      \"Custom6\": \"<string>\",\n      \"Custom7\": \"<string>\",\n      \"Custom8\": \"<string>\",\n      \"Custom9\": \"<string>\",\n      \"Description\": \"<string>\",\n      \"ExpenseType\": \"<string>\",\n      \"IsReceiptRequired\": \"<string>\",\n      \"PurchaseOrderReceiptType\": \"<string>\",\n      \"RequestedBy\": \"<string>\",\n      \"RequestedDeliveryDate\": \"<string>\",\n      \"SupplierPartID\": \"<string>\",\n      \"Tax\": \"<string>\",\n      \"UnitOfMeasureCode\": \"<string>\",\n      \"VatAmount\": \"<string>\",\n      \"VatRate\": \"<string>\"\n    },\n    {\n      \"LineNumber\": \"<string>\",\n      \"ExternalID\": \"<string>\",\n      \"Quantity\": \"<string>\",\n      \"UnitPrice\": \"<string>\",\n      \"AccountCode\": \"<string>\",\n      \"Allocation\": [\n        {\n          \"Amount\": \"<string>\",\n          \"Custom1\": \"<string>\",\n          \"Custom10\": \"<string>\",\n          \"Custom11\": \"<string>\",\n          \"Custom12\": \"<string>\",\n          \"Custom13\": \"<string>\",\n          \"Custom14\": \"<string>\",\n          \"Custom15\": \"<string>\",\n          \"Custom16\": \"<string>\",\n          \"Custom17\": \"<string>\",\n          \"Custom18\": \"<string>\",\n          \"Custom19\": \"<string>\",\n          \"Custom2\": \"<string>\",\n          \"Custom20\": \"<string>\",\n          \"Custom3\": \"<string>\",\n          \"Custom4\": \"<string>\",\n          \"Custom5\": \"<string>\",\n          \"Custom6\": \"<string>\",\n          \"Custom7\": \"<string>\",\n          \"Custom8\": \"<string>\",\n          \"Custom9\": \"<string>\",\n          \"GrossAmount\": \"<string>\",\n          \"Percentage\": \"<string>\"\n        },\n        {\n          \"Amount\": \"<string>\",\n          \"Custom1\": \"<string>\",\n          \"Custom10\": \"<string>\",\n          \"Custom11\": \"<string>\",\n          \"Custom12\": \"<string>\",\n          \"Custom13\": \"<string>\",\n          \"Custom14\": \"<string>\",\n          \"Custom15\": \"<string>\",\n          \"Custom16\": \"<string>\",\n          \"Custom17\": \"<string>\",\n          \"Custom18\": \"<string>\",\n          \"Custom19\": \"<string>\",\n          \"Custom2\": \"<string>\",\n          \"Custom20\": \"<string>\",\n          \"Custom3\": \"<string>\",\n          \"Custom4\": \"<string>\",\n          \"Custom5\": \"<string>\",\n          \"Custom6\": \"<string>\",\n          \"Custom7\": \"<string>\",\n          \"Custom8\": \"<string>\",\n          \"Custom9\": \"<string>\",\n          \"GrossAmount\": \"<string>\",\n          \"Percentage\": \"<string>\"\n        }\n      ],\n      \"AmountWithoutVat\": \"<string>\",\n      \"CreateDate\": \"<string>\",\n      \"Custom1\": \"<string>\",\n      \"Custom10\": \"<string>\",\n      \"Custom11\": \"<string>\",\n      \"Custom12\": \"<string>\",\n      \"Custom13\": \"<string>\",\n      \"Custom14\": \"<string>\",\n      \"Custom15\": \"<string>\",\n      \"Custom16\": \"<string>\",\n      \"Custom17\": \"<string>\",\n      \"Custom18\": \"<string>\",\n      \"Custom19\": \"<string>\",\n      \"Custom2\": \"<string>\",\n      \"Custom20\": \"<string>\",\n      \"Custom3\": \"<string>\",\n      \"Custom4\": \"<string>\",\n      \"Custom5\": \"<string>\",\n      \"Custom6\": \"<string>\",\n      \"Custom7\": \"<string>\",\n      \"Custom8\": \"<string>\",\n      \"Custom9\": \"<string>\",\n      \"Description\": \"<string>\",\n      \"ExpenseType\": \"<string>\",\n      \"IsReceiptRequired\": \"<string>\",\n      \"PurchaseOrderReceiptType\": \"<string>\",\n      \"RequestedBy\": \"<string>\",\n      \"RequestedDeliveryDate\": \"<string>\",\n      \"SupplierPartID\": \"<string>\",\n      \"Tax\": \"<string>\",\n      \"UnitOfMeasureCode\": \"<string>\",\n      \"VatAmount\": \"<string>\",\n      \"VatRate\": \"<string>\"\n    }\n  ],\n  \"PolicyExternalID\": \"<string>\",\n  \"ShipToAddress\": {\n    \"Address1\": \"<string>\",\n    \"City\": \"<string>\",\n    \"CountryCode\": \"<string>\",\n    \"ExternalID\": \"<string>\",\n    \"PostalCode\": \"<string>\",\n    \"Address2\": \"<string>\",\n    \"Address3\": \"<string>\",\n    \"Name\": \"<string>\",\n    \"State\": \"<string>\",\n    \"StateProvince\": \"<string>\"\n  },\n  \"CurrencyCode\": \"<string>\",\n  \"OrderDate\": \"<string>\",\n  \"VendorAddressCode\": \"<string>\",\n  \"VendorCode\": \"<string>\",\n  \"AmountWithoutVat\": \"<string>\",\n  \"Custom1\": \"<string>\",\n  \"Custom10\": \"<string>\",\n  \"Custom11\": \"<string>\",\n  \"Custom12\": \"<string>\",\n  \"Custom13\": \"<string>\",\n  \"Custom14\": \"<string>\",\n  \"Custom15\": \"<string>\",\n  \"Custom16\": \"<string>\",\n  \"Custom17\": \"<string>\",\n  \"Custom18\": \"<string>\",\n  \"Custom19\": \"<string>\",\n  \"Custom2\": \"<string>\",\n  \"Custom20\": \"<string>\",\n  \"Custom21\": \"<string>\",\n  \"Custom22\": \"<string>\",\n  \"Custom23\": \"<string>\",\n  \"Custom24\": \"<string>\",\n  \"Custom3\": \"<string>\",\n  \"Custom4\": \"<string>\",\n  \"Custom5\": \"<string>\",\n  \"Custom6\": \"<string>\",\n  \"Custom7\": \"<string>\",\n  \"Custom8\": \"<string>\",\n  \"Custom9\": \"<string>\",\n  \"Description\": \"<string>\",\n  \"DiscountPercentage\": \"<string>\",\n  \"DiscountTerms\": \"<string>\",\n  \"ID\": \"<string>\",\n  \"IsTest\": \"<boolean>\",\n  \"IsChangeOrder\": \"<boolean>\",\n  \"LedgerCode\": \"<string>\",\n  \"Name\": \"<string>\",\n  \"NeededByDate\": \"<string>\",\n  \"PaymentTerms\": \"<string>\",\n  \"PoVendorTaxId\": \"<string>\",\n  \"ProvincialTaxId\": \"<string>\",\n  \"PurchaseOrderNumber\": \"<string>\",\n  \"PurchaseRequestNumber\": \"<string>\",\n  \"ReceiptType\": \"<string>\",\n  \"RequestedBy\": \"<string>\",\n  \"RequestedDeliveryDate\": \"<string>\",\n  \"Shipping\": \"<string>\",\n  \"ShippingDescription\": \"<string>\",\n  \"ShippingMethodKey\": \"<string>\",\n  \"ShippingTermsKey\": \"<string>\",\n  \"Status\": \"<string>\",\n  \"Tax\": \"<string>\",\n  \"URI\": \"<string>\",\n  \"VatAmountOne\": \"<string>\",\n  \"VatAmountTwo\": \"<string>\",\n  \"VatRateOne\": \"<string>\",\n  \"VatRateTwo\": \"<string>\",\n  \"VendorAccountNumber\": \"<string>\"\n}","options":{"raw":{"headerFamily":"json","language":"json"}}},"url":{"raw":"{{baseUrl}}/invoice/purchaseorders","host":["{{baseUrl}}"],"path":["invoice","purchaseorders"]}},"status":"OK","code":200,"_postman_previewlanguage":"json","header":[{"key":"Content-Type","value":"application/json"}],"cookie":[],"responseTime":null,"body":"{\n  \"ErrorCode\": \"<string>\",\n  \"ErrorMessage\": \"<string>\",\n  \"FieldCode\": \"<string>\",\n  \"LineItemExternalID\": \"<string>\",\n  \"Message\": \"<string>\",\n  \"PurchaseOrderNumber\": \"<string>\",\n  \"Status\": \"<string>\"\n}"},{"id":"89cc5c2f-f589-4284-9224-455c796195fa","name":"Bad Request","originalRequest":{"method":"POST","header":[{"key":"Content-Type","value":"application/json"},{"key":"Accept","value":"application/json"},{"description":"Added as a part of security scheme: oauth2","key":"Authorization","value":"<token>"}],"body":{"mode":"raw","raw":"{\n  \"BillToAddress\": {\n    \"Address1\": \"<string>\",\n    \"City\": \"<string>\",\n    \"CountryCode\": \"<string>\",\n    \"ExternalID\": \"<string>\",\n    \"PostalCode\": \"<string>\",\n    \"Address2\": \"<string>\",\n    \"Address3\": \"<string>\",\n    \"Name\": \"<string>\",\n    \"State\": \"<string>\",\n    \"StateProvince\": \"<string>\"\n  },\n  \"LineItem\": [\n    {\n      \"LineNumber\": \"<string>\",\n      \"ExternalID\": \"<string>\",\n      \"Quantity\": \"<string>\",\n      \"UnitPrice\": \"<string>\",\n      \"AccountCode\": \"<string>\",\n      \"Allocation\": [\n        {\n          \"Amount\": \"<string>\",\n          \"Custom1\": \"<string>\",\n          \"Custom10\": \"<string>\",\n          \"Custom11\": \"<string>\",\n          \"Custom12\": \"<string>\",\n          \"Custom13\": \"<string>\",\n          \"Custom14\": \"<string>\",\n          \"Custom15\": \"<string>\",\n          \"Custom16\": \"<string>\",\n          \"Custom17\": \"<string>\",\n          \"Custom18\": \"<string>\",\n          \"Custom19\": \"<string>\",\n          \"Custom2\": \"<string>\",\n          \"Custom20\": \"<string>\",\n          \"Custom3\": \"<string>\",\n          \"Custom4\": \"<string>\",\n          \"Custom5\": \"<string>\",\n          \"Custom6\": \"<string>\",\n          \"Custom7\": \"<string>\",\n          \"Custom8\": \"<string>\",\n          \"Custom9\": \"<string>\",\n          \"GrossAmount\": \"<string>\",\n          \"Percentage\": \"<string>\"\n        },\n        {\n          \"Amount\": \"<string>\",\n          \"Custom1\": \"<string>\",\n          \"Custom10\": \"<string>\",\n          \"Custom11\": \"<string>\",\n          \"Custom12\": \"<string>\",\n          \"Custom13\": \"<string>\",\n          \"Custom14\": \"<string>\",\n          \"Custom15\": \"<string>\",\n          \"Custom16\": \"<string>\",\n          \"Custom17\": \"<string>\",\n          \"Custom18\": \"<string>\",\n          \"Custom19\": \"<string>\",\n          \"Custom2\": \"<string>\",\n          \"Custom20\": \"<string>\",\n          \"Custom3\": \"<string>\",\n          \"Custom4\": \"<string>\",\n          \"Custom5\": \"<string>\",\n          \"Custom6\": \"<string>\",\n          \"Custom7\": \"<string>\",\n          \"Custom8\": \"<string>\",\n          \"Custom9\": \"<string>\",\n          \"GrossAmount\": \"<string>\",\n          \"Percentage\": \"<string>\"\n        }\n      ],\n      \"AmountWithoutVat\": \"<string>\",\n      \"CreateDate\": \"<string>\",\n      \"Custom1\": \"<string>\",\n      \"Custom10\": \"<string>\",\n      \"Custom11\": \"<string>\",\n      \"Custom12\": \"<string>\",\n      \"Custom13\": \"<string>\",\n      \"Custom14\": \"<string>\",\n      \"Custom15\": \"<string>\",\n      \"Custom16\": \"<string>\",\n      \"Custom17\": \"<string>\",\n      \"Custom18\": \"<string>\",\n      \"Custom19\": \"<string>\",\n      \"Custom2\": \"<string>\",\n      \"Custom20\": \"<string>\",\n      \"Custom3\": \"<string>\",\n      \"Custom4\": \"<string>\",\n      \"Custom5\": \"<string>\",\n      \"Custom6\": \"<string>\",\n      \"Custom7\": \"<string>\",\n      \"Custom8\": \"<string>\",\n      \"Custom9\": \"<string>\",\n      \"Description\": \"<string>\",\n      \"ExpenseType\": \"<string>\",\n      \"IsReceiptRequired\": \"<string>\",\n      \"PurchaseOrderReceiptType\": \"<string>\",\n      \"RequestedBy\": \"<string>\",\n      \"RequestedDeliveryDate\": \"<string>\",\n      \"SupplierPartID\": \"<string>\",\n      \"Tax\": \"<string>\",\n      \"UnitOfMeasureCode\": \"<string>\",\n      \"VatAmount\": \"<string>\",\n      \"VatRate\": \"<string>\"\n    },\n    {\n      \"LineNumber\": \"<string>\",\n      \"ExternalID\": \"<string>\",\n      \"Quantity\": \"<string>\",\n      \"UnitPrice\": \"<string>\",\n      \"AccountCode\": \"<string>\",\n      \"Allocation\": [\n        {\n          \"Amount\": \"<string>\",\n          \"Custom1\": \"<string>\",\n          \"Custom10\": \"<string>\",\n          \"Custom11\": \"<string>\",\n          \"Custom12\": \"<string>\",\n          \"Custom13\": \"<string>\",\n          \"Custom14\": \"<string>\",\n          \"Custom15\": \"<string>\",\n          \"Custom16\": \"<string>\",\n          \"Custom17\": \"<string>\",\n          \"Custom18\": \"<string>\",\n          \"Custom19\": \"<string>\",\n          \"Custom2\": \"<string>\",\n          \"Custom20\": \"<string>\",\n          \"Custom3\": \"<string>\",\n          \"Custom4\": \"<string>\",\n          \"Custom5\": \"<string>\",\n          \"Custom6\": \"<string>\",\n          \"Custom7\": \"<string>\",\n          \"Custom8\": \"<string>\",\n          \"Custom9\": \"<string>\",\n          \"GrossAmount\": \"<string>\",\n          \"Percentage\": \"<string>\"\n        },\n        {\n          \"Amount\": \"<string>\",\n          \"Custom1\": \"<string>\",\n          \"Custom10\": \"<string>\",\n          \"Custom11\": \"<string>\",\n          \"Custom12\": \"<string>\",\n          \"Custom13\": \"<string>\",\n          \"Custom14\": \"<string>\",\n          \"Custom15\": \"<string>\",\n          \"Custom16\": \"<string>\",\n          \"Custom17\": \"<string>\",\n          \"Custom18\": \"<string>\",\n          \"Custom19\": \"<string>\",\n          \"Custom2\": \"<string>\",\n          \"Custom20\": \"<string>\",\n          \"Custom3\": \"<string>\",\n          \"Custom4\": \"<string>\",\n          \"Custom5\": \"<string>\",\n          \"Custom6\": \"<string>\",\n          \"Custom7\": \"<string>\",\n          \"Custom8\": \"<string>\",\n          \"Custom9\": \"<string>\",\n          \"GrossAmount\": \"<string>\",\n          \"Percentage\": \"<string>\"\n        }\n      ],\n      \"AmountWithoutVat\": \"<string>\",\n      \"CreateDate\": \"<string>\",\n      \"Custom1\": \"<string>\",\n      \"Custom10\": \"<string>\",\n      \"Custom11\": \"<string>\",\n      \"Custom12\": \"<string>\",\n      \"Custom13\": \"<string>\",\n      \"Custom14\": \"<string>\",\n      \"Custom15\": \"<string>\",\n      \"Custom16\": \"<string>\",\n      \"Custom17\": \"<string>\",\n      \"Custom18\": \"<string>\",\n      \"Custom19\": \"<string>\",\n      \"Custom2\": \"<string>\",\n      \"Custom20\": \"<string>\",\n      \"Custom3\": \"<string>\",\n      \"Custom4\": \"<string>\",\n      \"Custom5\": \"<string>\",\n      \"Custom6\": \"<string>\",\n      \"Custom7\": \"<string>\",\n      \"Custom8\": \"<string>\",\n      \"Custom9\": \"<string>\",\n      \"Description\": \"<string>\",\n      \"ExpenseType\": \"<string>\",\n      \"IsReceiptRequired\": \"<string>\",\n      \"PurchaseOrderReceiptType\": \"<string>\",\n      \"RequestedBy\": \"<string>\",\n      \"RequestedDeliveryDate\": \"<string>\",\n      \"SupplierPartID\": \"<string>\",\n      \"Tax\": \"<string>\",\n      \"UnitOfMeasureCode\": \"<string>\",\n      \"VatAmount\": \"<string>\",\n      \"VatRate\": \"<string>\"\n    }\n  ],\n  \"PolicyExternalID\": \"<string>\",\n  \"ShipToAddress\": {\n    \"Address1\": \"<string>\",\n    \"City\": \"<string>\",\n    \"CountryCode\": \"<string>\",\n    \"ExternalID\": \"<string>\",\n    \"PostalCode\": \"<string>\",\n    \"Address2\": \"<string>\",\n    \"Address3\": \"<string>\",\n    \"Name\": \"<string>\",\n    \"State\": \"<string>\",\n    \"StateProvince\": \"<string>\"\n  },\n  \"CurrencyCode\": \"<string>\",\n  \"OrderDate\": \"<string>\",\n  \"VendorAddressCode\": \"<string>\",\n  \"VendorCode\": \"<string>\",\n  \"AmountWithoutVat\": \"<string>\",\n  \"Custom1\": \"<string>\",\n  \"Custom10\": \"<string>\",\n  \"Custom11\": \"<string>\",\n  \"Custom12\": \"<string>\",\n  \"Custom13\": \"<string>\",\n  \"Custom14\": \"<string>\",\n  \"Custom15\": \"<string>\",\n  \"Custom16\": \"<string>\",\n  \"Custom17\": \"<string>\",\n  \"Custom18\": \"<string>\",\n  \"Custom19\": \"<string>\",\n  \"Custom2\": \"<string>\",\n  \"Custom20\": \"<string>\",\n  \"Custom21\": \"<string>\",\n  \"Custom22\": \"<string>\",\n  \"Custom23\": \"<string>\",\n  \"Custom24\": \"<string>\",\n  \"Custom3\": \"<string>\",\n  \"Custom4\": \"<string>\",\n  \"Custom5\": \"<string>\",\n  \"Custom6\": \"<string>\",\n  \"Custom7\": \"<string>\",\n  \"Custom8\": \"<string>\",\n  \"Custom9\": \"<string>\",\n  \"Description\": \"<string>\",\n  \"DiscountPercentage\": \"<string>\",\n  \"DiscountTerms\": \"<string>\",\n  \"ID\": \"<string>\",\n  \"IsTest\": \"<boolean>\",\n  \"IsChangeOrder\": \"<boolean>\",\n  \"LedgerCode\": \"<string>\",\n  \"Name\": \"<string>\",\n  \"NeededByDate\": \"<string>\",\n  \"PaymentTerms\": \"<string>\",\n  \"PoVendorTaxId\": \"<string>\",\n  \"ProvincialTaxId\": \"<string>\",\n  \"PurchaseOrderNumber\": \"<string>\",\n  \"PurchaseRequestNumber\": \"<string>\",\n  \"ReceiptType\": \"<string>\",\n  \"RequestedBy\": \"<string>\",\n  \"RequestedDeliveryDate\": \"<string>\",\n  \"Shipping\": \"<string>\",\n  \"ShippingDescription\": \"<string>\",\n  \"ShippingMethodKey\": \"<string>\",\n  \"ShippingTermsKey\": \"<string>\",\n  \"Status\": \"<string>\",\n  \"Tax\": \"<string>\",\n  \"URI\": \"<string>\",\n  \"VatAmountOne\": \"<string>\",\n  \"VatAmountTwo\": \"<string>\",\n  \"VatRateOne\": \"<string>\",\n  \"VatRateTwo\": \"<string>\",\n  \"VendorAccountNumber\": \"<string>\"\n}","options":{"raw":{"headerFamily":"json","language":"json"}}},"url":{"raw":"{{baseUrl}}/invoice/purchaseorders","host":["{{baseUrl}}"],"path":["invoice","purchaseorders"]}},"status":"Bad Request","code":400,"_postman_previewlanguage":"json","header":[{"key":"Content-Type","value":"application/json"}],"cookie":[],"responseTime":null,"body":"{}"}]},{"name":"Update a purchase order.","id":"1eeb0534-8190-44f1-ab5a-eeef74a7b1ae","protocolProfileBehavior":{"disableBodyPruning":true},"request":{"method":"PUT","header":[{"key":"Content-Type","value":"application/json"},{"key":"Accept","value":"application/json"}],"body":{"mode":"raw","raw":"{\n  \"BillToAddress\": {\n    \"Address1\": \"<string>\",\n    \"City\": \"<string>\",\n    \"CountryCode\": \"<string>\",\n    \"ExternalID\": \"<string>\",\n    \"PostalCode\": \"<string>\",\n    \"Address2\": \"<string>\",\n    \"Address3\": \"<string>\",\n    \"Name\": \"<string>\",\n    \"State\": \"<string>\",\n    \"StateProvince\": \"<string>\"\n  },\n  \"LineItem\": [\n    {\n      \"LineNumber\": \"<string>\",\n      \"ExternalID\": \"<string>\",\n      \"Quantity\": \"<string>\",\n      \"UnitPrice\": \"<string>\",\n      \"AccountCode\": \"<string>\",\n      \"Allocation\": [\n        {\n          \"Amount\": \"<string>\",\n          \"Custom1\": \"<string>\",\n          \"Custom10\": \"<string>\",\n          \"Custom11\": \"<string>\",\n          \"Custom12\": \"<string>\",\n          \"Custom13\": \"<string>\",\n          \"Custom14\": \"<string>\",\n          \"Custom15\": \"<string>\",\n          \"Custom16\": \"<string>\",\n          \"Custom17\": \"<string>\",\n          \"Custom18\": \"<string>\",\n          \"Custom19\": \"<string>\",\n          \"Custom2\": \"<string>\",\n          \"Custom20\": \"<string>\",\n          \"Custom3\": \"<string>\",\n          \"Custom4\": \"<string>\",\n          \"Custom5\": \"<string>\",\n          \"Custom6\": \"<string>\",\n          \"Custom7\": \"<string>\",\n          \"Custom8\": \"<string>\",\n          \"Custom9\": \"<string>\",\n          \"GrossAmount\": \"<string>\",\n          \"Percentage\": \"<string>\"\n        },\n        {\n          \"Amount\": \"<string>\",\n          \"Custom1\": \"<string>\",\n          \"Custom10\": \"<string>\",\n          \"Custom11\": \"<string>\",\n          \"Custom12\": \"<string>\",\n          \"Custom13\": \"<string>\",\n          \"Custom14\": \"<string>\",\n          \"Custom15\": \"<string>\",\n          \"Custom16\": \"<string>\",\n          \"Custom17\": \"<string>\",\n          \"Custom18\": \"<string>\",\n          \"Custom19\": \"<string>\",\n          \"Custom2\": \"<string>\",\n          \"Custom20\": \"<string>\",\n          \"Custom3\": \"<string>\",\n          \"Custom4\": \"<string>\",\n          \"Custom5\": \"<string>\",\n          \"Custom6\": \"<string>\",\n          \"Custom7\": \"<string>\",\n          \"Custom8\": \"<string>\",\n          \"Custom9\": \"<string>\",\n          \"GrossAmount\": \"<string>\",\n          \"Percentage\": \"<string>\"\n        }\n      ],\n      \"AmountWithoutVat\": \"<string>\",\n      \"CreateDate\": \"<string>\",\n      \"Custom1\": \"<string>\",\n      \"Custom10\": \"<string>\",\n      \"Custom11\": \"<string>\",\n      \"Custom12\": \"<string>\",\n      \"Custom13\": \"<string>\",\n      \"Custom14\": \"<string>\",\n      \"Custom15\": \"<string>\",\n      \"Custom16\": \"<string>\",\n      \"Custom17\": \"<string>\",\n      \"Custom18\": \"<string>\",\n      \"Custom19\": \"<string>\",\n      \"Custom2\": \"<string>\",\n      \"Custom20\": \"<string>\",\n      \"Custom3\": \"<string>\",\n      \"Custom4\": \"<string>\",\n      \"Custom5\": \"<string>\",\n      \"Custom6\": \"<string>\",\n      \"Custom7\": \"<string>\",\n      \"Custom8\": \"<string>\",\n      \"Custom9\": \"<string>\",\n      \"Description\": \"<string>\",\n      \"ExpenseType\": \"<string>\",\n      \"IsReceiptRequired\": \"<string>\",\n      \"PurchaseOrderReceiptType\": \"<string>\",\n      \"RequestedBy\": \"<string>\",\n      \"RequestedDeliveryDate\": \"<string>\",\n      \"SupplierPartID\": \"<string>\",\n      \"Tax\": \"<string>\",\n      \"UnitOfMeasureCode\": \"<string>\",\n      \"VatAmount\": \"<string>\",\n      \"VatRate\": \"<string>\"\n    },\n    {\n      \"LineNumber\": \"<string>\",\n      \"ExternalID\": \"<string>\",\n      \"Quantity\": \"<string>\",\n      \"UnitPrice\": \"<string>\",\n      \"AccountCode\": \"<string>\",\n      \"Allocation\": [\n        {\n          \"Amount\": \"<string>\",\n          \"Custom1\": \"<string>\",\n          \"Custom10\": \"<string>\",\n          \"Custom11\": \"<string>\",\n          \"Custom12\": \"<string>\",\n          \"Custom13\": \"<string>\",\n          \"Custom14\": \"<string>\",\n          \"Custom15\": \"<string>\",\n          \"Custom16\": \"<string>\",\n          \"Custom17\": \"<string>\",\n          \"Custom18\": \"<string>\",\n          \"Custom19\": \"<string>\",\n          \"Custom2\": \"<string>\",\n          \"Custom20\": \"<string>\",\n          \"Custom3\": \"<string>\",\n          \"Custom4\": \"<string>\",\n          \"Custom5\": \"<string>\",\n          \"Custom6\": \"<string>\",\n          \"Custom7\": \"<string>\",\n          \"Custom8\": \"<string>\",\n          \"Custom9\": \"<string>\",\n          \"GrossAmount\": \"<string>\",\n          \"Percentage\": \"<string>\"\n        },\n        {\n          \"Amount\": \"<string>\",\n          \"Custom1\": \"<string>\",\n          \"Custom10\": \"<string>\",\n          \"Custom11\": \"<string>\",\n          \"Custom12\": \"<string>\",\n          \"Custom13\": \"<string>\",\n          \"Custom14\": \"<string>\",\n          \"Custom15\": \"<string>\",\n          \"Custom16\": \"<string>\",\n          \"Custom17\": \"<string>\",\n          \"Custom18\": \"<string>\",\n          \"Custom19\": \"<string>\",\n          \"Custom2\": \"<string>\",\n          \"Custom20\": \"<string>\",\n          \"Custom3\": \"<string>\",\n          \"Custom4\": \"<string>\",\n          \"Custom5\": \"<string>\",\n          \"Custom6\": \"<string>\",\n          \"Custom7\": \"<string>\",\n          \"Custom8\": \"<string>\",\n          \"Custom9\": \"<string>\",\n          \"GrossAmount\": \"<string>\",\n          \"Percentage\": \"<string>\"\n        }\n      ],\n      \"AmountWithoutVat\": \"<string>\",\n      \"CreateDate\": \"<string>\",\n      \"Custom1\": \"<string>\",\n      \"Custom10\": \"<string>\",\n      \"Custom11\": \"<string>\",\n      \"Custom12\": \"<string>\",\n      \"Custom13\": \"<string>\",\n      \"Custom14\": \"<string>\",\n      \"Custom15\": \"<string>\",\n      \"Custom16\": \"<string>\",\n      \"Custom17\": \"<string>\",\n      \"Custom18\": \"<string>\",\n      \"Custom19\": \"<string>\",\n      \"Custom2\": \"<string>\",\n      \"Custom20\": \"<string>\",\n      \"Custom3\": \"<string>\",\n      \"Custom4\": \"<string>\",\n      \"Custom5\": \"<string>\",\n      \"Custom6\": \"<string>\",\n      \"Custom7\": \"<string>\",\n      \"Custom8\": \"<string>\",\n      \"Custom9\": \"<string>\",\n      \"Description\": \"<string>\",\n      \"ExpenseType\": \"<string>\",\n      \"IsReceiptRequired\": \"<string>\",\n      \"PurchaseOrderReceiptType\": \"<string>\",\n      \"RequestedBy\": \"<string>\",\n      \"RequestedDeliveryDate\": \"<string>\",\n      \"SupplierPartID\": \"<string>\",\n      \"Tax\": \"<string>\",\n      \"UnitOfMeasureCode\": \"<string>\",\n      \"VatAmount\": \"<string>\",\n      \"VatRate\": \"<string>\"\n    }\n  ],\n  \"PolicyExternalID\": \"<string>\",\n  \"ShipToAddress\": {\n    \"Address1\": \"<string>\",\n    \"City\": \"<string>\",\n    \"CountryCode\": \"<string>\",\n    \"ExternalID\": \"<string>\",\n    \"PostalCode\": \"<string>\",\n    \"Address2\": \"<string>\",\n    \"Address3\": \"<string>\",\n    \"Name\": \"<string>\",\n    \"State\": \"<string>\",\n    \"StateProvince\": \"<string>\"\n  },\n  \"CurrencyCode\": \"<string>\",\n  \"OrderDate\": \"<string>\",\n  \"VendorAddressCode\": \"<string>\",\n  \"VendorCode\": \"<string>\",\n  \"AmountWithoutVat\": \"<string>\",\n  \"Custom1\": \"<string>\",\n  \"Custom10\": \"<string>\",\n  \"Custom11\": \"<string>\",\n  \"Custom12\": \"<string>\",\n  \"Custom13\": \"<string>\",\n  \"Custom14\": \"<string>\",\n  \"Custom15\": \"<string>\",\n  \"Custom16\": \"<string>\",\n  \"Custom17\": \"<string>\",\n  \"Custom18\": \"<string>\",\n  \"Custom19\": \"<string>\",\n  \"Custom2\": \"<string>\",\n  \"Custom20\": \"<string>\",\n  \"Custom21\": \"<string>\",\n  \"Custom22\": \"<string>\",\n  \"Custom23\": \"<string>\",\n  \"Custom24\": \"<string>\",\n  \"Custom3\": \"<string>\",\n  \"Custom4\": \"<string>\",\n  \"Custom5\": \"<string>\",\n  \"Custom6\": \"<string>\",\n  \"Custom7\": \"<string>\",\n  \"Custom8\": \"<string>\",\n  \"Custom9\": \"<string>\",\n  \"Description\": \"<string>\",\n  \"DiscountPercentage\": \"<string>\",\n  \"DiscountTerms\": \"<string>\",\n  \"ID\": \"<string>\",\n  \"IsTest\": \"<boolean>\",\n  \"IsChangeOrder\": \"<boolean>\",\n  \"LedgerCode\": \"<string>\",\n  \"Name\": \"<string>\",\n  \"NeededByDate\": \"<string>\",\n  \"PaymentTerms\": \"<string>\",\n  \"PoVendorTaxId\": \"<string>\",\n  \"ProvincialTaxId\": \"<string>\",\n  \"PurchaseOrderNumber\": \"<string>\",\n  \"PurchaseRequestNumber\": \"<string>\",\n  \"ReceiptType\": \"<string>\",\n  \"RequestedBy\": \"<string>\",\n  \"RequestedDeliveryDate\": \"<string>\",\n  \"Shipping\": \"<string>\",\n  \"ShippingDescription\": \"<string>\",\n  \"ShippingMethodKey\": \"<string>\",\n  \"ShippingTermsKey\": \"<string>\",\n  \"Status\": \"<string>\",\n  \"Tax\": \"<string>\",\n  \"URI\": \"<string>\",\n  \"VatAmountOne\": \"<string>\",\n  \"VatAmountTwo\": \"<string>\",\n  \"VatRateOne\": \"<string>\",\n  \"VatRateTwo\": \"<string>\",\n  \"VendorAccountNumber\": \"<string>\"\n}","options":{"raw":{"headerFamily":"json","language":"json"}}},"url":{"raw":"{{baseUrl}}/invoice/purchaseorders","host":["{{baseUrl}}"],"path":["invoice","purchaseorders"]},"description":"Updates the specified purchase order and returns the status of the update request."},"response":[{"id":"530871a4-4294-4ac0-8af7-25264548cc7e","name":"Success","originalRequest":{"method":"PUT","header":[{"key":"Content-Type","value":"application/json"},{"key":"Accept","value":"application/json"},{"description":"Added as a part of security scheme: oauth2","key":"Authorization","value":"<token>"}],"body":{"mode":"raw","raw":"{\n  \"BillToAddress\": {\n    \"Address1\": \"<string>\",\n    \"City\": \"<string>\",\n    \"CountryCode\": \"<string>\",\n    \"ExternalID\": \"<string>\",\n    \"PostalCode\": \"<string>\",\n    \"Address2\": \"<string>\",\n    \"Address3\": \"<string>\",\n    \"Name\": \"<string>\",\n    \"State\": \"<string>\",\n    \"StateProvince\": \"<string>\"\n  },\n  \"LineItem\": [\n    {\n      \"LineNumber\": \"<string>\",\n      \"ExternalID\": \"<string>\",\n      \"Quantity\": \"<string>\",\n      \"UnitPrice\": \"<string>\",\n      \"AccountCode\": \"<string>\",\n      \"Allocation\": [\n        {\n          \"Amount\": \"<string>\",\n          \"Custom1\": \"<string>\",\n          \"Custom10\": \"<string>\",\n          \"Custom11\": \"<string>\",\n          \"Custom12\": \"<string>\",\n          \"Custom13\": \"<string>\",\n          \"Custom14\": \"<string>\",\n          \"Custom15\": \"<string>\",\n          \"Custom16\": \"<string>\",\n          \"Custom17\": \"<string>\",\n          \"Custom18\": \"<string>\",\n          \"Custom19\": \"<string>\",\n          \"Custom2\": \"<string>\",\n          \"Custom20\": \"<string>\",\n          \"Custom3\": \"<string>\",\n          \"Custom4\": \"<string>\",\n          \"Custom5\": \"<string>\",\n          \"Custom6\": \"<string>\",\n          \"Custom7\": \"<string>\",\n          \"Custom8\": \"<string>\",\n          \"Custom9\": \"<string>\",\n          \"GrossAmount\": \"<string>\",\n          \"Percentage\": \"<string>\"\n        },\n        {\n          \"Amount\": \"<string>\",\n          \"Custom1\": \"<string>\",\n          \"Custom10\": \"<string>\",\n          \"Custom11\": \"<string>\",\n          \"Custom12\": \"<string>\",\n          \"Custom13\": \"<string>\",\n          \"Custom14\": \"<string>\",\n          \"Custom15\": \"<string>\",\n          \"Custom16\": \"<string>\",\n          \"Custom17\": \"<string>\",\n          \"Custom18\": \"<string>\",\n          \"Custom19\": \"<string>\",\n          \"Custom2\": \"<string>\",\n          \"Custom20\": \"<string>\",\n          \"Custom3\": \"<string>\",\n          \"Custom4\": \"<string>\",\n          \"Custom5\": \"<string>\",\n          \"Custom6\": \"<string>\",\n          \"Custom7\": \"<string>\",\n          \"Custom8\": \"<string>\",\n          \"Custom9\": \"<string>\",\n          \"GrossAmount\": \"<string>\",\n          \"Percentage\": \"<string>\"\n        }\n      ],\n      \"AmountWithoutVat\": \"<string>\",\n      \"CreateDate\": \"<string>\",\n      \"Custom1\": \"<string>\",\n      \"Custom10\": \"<string>\",\n      \"Custom11\": \"<string>\",\n      \"Custom12\": \"<string>\",\n      \"Custom13\": \"<string>\",\n      \"Custom14\": \"<string>\",\n      \"Custom15\": \"<string>\",\n      \"Custom16\": \"<string>\",\n      \"Custom17\": \"<string>\",\n      \"Custom18\": \"<string>\",\n      \"Custom19\": \"<string>\",\n      \"Custom2\": \"<string>\",\n      \"Custom20\": \"<string>\",\n      \"Custom3\": \"<string>\",\n      \"Custom4\": \"<string>\",\n      \"Custom5\": \"<string>\",\n      \"Custom6\": \"<string>\",\n      \"Custom7\": \"<string>\",\n      \"Custom8\": \"<string>\",\n      \"Custom9\": \"<string>\",\n      \"Description\": \"<string>\",\n      \"ExpenseType\": \"<string>\",\n      \"IsReceiptRequired\": \"<string>\",\n      \"PurchaseOrderReceiptType\": \"<string>\",\n      \"RequestedBy\": \"<string>\",\n      \"RequestedDeliveryDate\": \"<string>\",\n      \"SupplierPartID\": \"<string>\",\n      \"Tax\": \"<string>\",\n      \"UnitOfMeasureCode\": \"<string>\",\n      \"VatAmount\": \"<string>\",\n      \"VatRate\": \"<string>\"\n    },\n    {\n      \"LineNumber\": \"<string>\",\n      \"ExternalID\": \"<string>\",\n      \"Quantity\": \"<string>\",\n      \"UnitPrice\": \"<string>\",\n      \"AccountCode\": \"<string>\",\n      \"Allocation\": [\n        {\n          \"Amount\": \"<string>\",\n          \"Custom1\": \"<string>\",\n          \"Custom10\": \"<string>\",\n          \"Custom11\": \"<string>\",\n          \"Custom12\": \"<string>\",\n          \"Custom13\": \"<string>\",\n          \"Custom14\": \"<string>\",\n          \"Custom15\": \"<string>\",\n          \"Custom16\": \"<string>\",\n          \"Custom17\": \"<string>\",\n          \"Custom18\": \"<string>\",\n          \"Custom19\": \"<string>\",\n          \"Custom2\": \"<string>\",\n          \"Custom20\": \"<string>\",\n          \"Custom3\": \"<string>\",\n          \"Custom4\": \"<string>\",\n          \"Custom5\": \"<string>\",\n          \"Custom6\": \"<string>\",\n          \"Custom7\": \"<string>\",\n          \"Custom8\": \"<string>\",\n          \"Custom9\": \"<string>\",\n          \"GrossAmount\": \"<string>\",\n          \"Percentage\": \"<string>\"\n        },\n        {\n          \"Amount\": \"<string>\",\n          \"Custom1\": \"<string>\",\n          \"Custom10\": \"<string>\",\n          \"Custom11\": \"<string>\",\n          \"Custom12\": \"<string>\",\n          \"Custom13\": \"<string>\",\n          \"Custom14\": \"<string>\",\n          \"Custom15\": \"<string>\",\n          \"Custom16\": \"<string>\",\n          \"Custom17\": \"<string>\",\n          \"Custom18\": \"<string>\",\n          \"Custom19\": \"<string>\",\n          \"Custom2\": \"<string>\",\n          \"Custom20\": \"<string>\",\n          \"Custom3\": \"<string>\",\n          \"Custom4\": \"<string>\",\n          \"Custom5\": \"<string>\",\n          \"Custom6\": \"<string>\",\n          \"Custom7\": \"<string>\",\n          \"Custom8\": \"<string>\",\n          \"Custom9\": \"<string>\",\n          \"GrossAmount\": \"<string>\",\n          \"Percentage\": \"<string>\"\n        }\n      ],\n      \"AmountWithoutVat\": \"<string>\",\n      \"CreateDate\": \"<string>\",\n      \"Custom1\": \"<string>\",\n      \"Custom10\": \"<string>\",\n      \"Custom11\": \"<string>\",\n      \"Custom12\": \"<string>\",\n      \"Custom13\": \"<string>\",\n      \"Custom14\": \"<string>\",\n      \"Custom15\": \"<string>\",\n      \"Custom16\": \"<string>\",\n      \"Custom17\": \"<string>\",\n      \"Custom18\": \"<string>\",\n      \"Custom19\": \"<string>\",\n      \"Custom2\": \"<string>\",\n      \"Custom20\": \"<string>\",\n      \"Custom3\": \"<string>\",\n      \"Custom4\": \"<string>\",\n      \"Custom5\": \"<string>\",\n      \"Custom6\": \"<string>\",\n      \"Custom7\": \"<string>\",\n      \"Custom8\": \"<string>\",\n      \"Custom9\": \"<string>\",\n      \"Description\": \"<string>\",\n      \"ExpenseType\": \"<string>\",\n      \"IsReceiptRequired\": \"<string>\",\n      \"PurchaseOrderReceiptType\": \"<string>\",\n      \"RequestedBy\": \"<string>\",\n      \"RequestedDeliveryDate\": \"<string>\",\n      \"SupplierPartID\": \"<string>\",\n      \"Tax\": \"<string>\",\n      \"UnitOfMeasureCode\": \"<string>\",\n      \"VatAmount\": \"<string>\",\n      \"VatRate\": \"<string>\"\n    }\n  ],\n  \"PolicyExternalID\": \"<string>\",\n  \"ShipToAddress\": {\n    \"Address1\": \"<string>\",\n    \"City\": \"<string>\",\n    \"CountryCode\": \"<string>\",\n    \"ExternalID\": \"<string>\",\n    \"PostalCode\": \"<string>\",\n    \"Address2\": \"<string>\",\n    \"Address3\": \"<string>\",\n    \"Name\": \"<string>\",\n    \"State\": \"<string>\",\n    \"StateProvince\": \"<string>\"\n  },\n  \"CurrencyCode\": \"<string>\",\n  \"OrderDate\": \"<string>\",\n  \"VendorAddressCode\": \"<string>\",\n  \"VendorCode\": \"<string>\",\n  \"AmountWithoutVat\": \"<string>\",\n  \"Custom1\": \"<string>\",\n  \"Custom10\": \"<string>\",\n  \"Custom11\": \"<string>\",\n  \"Custom12\": \"<string>\",\n  \"Custom13\": \"<string>\",\n  \"Custom14\": \"<string>\",\n  \"Custom15\": \"<string>\",\n  \"Custom16\": \"<string>\",\n  \"Custom17\": \"<string>\",\n  \"Custom18\": \"<string>\",\n  \"Custom19\": \"<string>\",\n  \"Custom2\": \"<string>\",\n  \"Custom20\": \"<string>\",\n  \"Custom21\": \"<string>\",\n  \"Custom22\": \"<string>\",\n  \"Custom23\": \"<string>\",\n  \"Custom24\": \"<string>\",\n  \"Custom3\": \"<string>\",\n  \"Custom4\": \"<string>\",\n  \"Custom5\": \"<string>\",\n  \"Custom6\": \"<string>\",\n  \"Custom7\": \"<string>\",\n  \"Custom8\": \"<string>\",\n  \"Custom9\": \"<string>\",\n  \"Description\": \"<string>\",\n  \"DiscountPercentage\": \"<string>\",\n  \"DiscountTerms\": \"<string>\",\n  \"ID\": \"<string>\",\n  \"IsTest\": \"<boolean>\",\n  \"IsChangeOrder\": \"<boolean>\",\n  \"LedgerCode\": \"<string>\",\n  \"Name\": \"<string>\",\n  \"NeededByDate\": \"<string>\",\n  \"PaymentTerms\": \"<string>\",\n  \"PoVendorTaxId\": \"<string>\",\n  \"ProvincialTaxId\": \"<string>\",\n  \"PurchaseOrderNumber\": \"<string>\",\n  \"PurchaseRequestNumber\": \"<string>\",\n  \"ReceiptType\": \"<string>\",\n  \"RequestedBy\": \"<string>\",\n  \"RequestedDeliveryDate\": \"<string>\",\n  \"Shipping\": \"<string>\",\n  \"ShippingDescription\": \"<string>\",\n  \"ShippingMethodKey\": \"<string>\",\n  \"ShippingTermsKey\": \"<string>\",\n  \"Status\": \"<string>\",\n  \"Tax\": \"<string>\",\n  \"URI\": \"<string>\",\n  \"VatAmountOne\": \"<string>\",\n  \"VatAmountTwo\": \"<string>\",\n  \"VatRateOne\": \"<string>\",\n  \"VatRateTwo\": \"<string>\",\n  \"VendorAccountNumber\": \"<string>\"\n}","options":{"raw":{"headerFamily":"json","language":"json"}}},"url":{"raw":"{{baseUrl}}/invoice/purchaseorders","host":["{{baseUrl}}"],"path":["invoice","purchaseorders"]}},"status":"OK","code":200,"_postman_previewlanguage":"json","header":[{"key":"Content-Type","value":"application/json"}],"cookie":[],"responseTime":null,"body":"{\n  \"ErrorCode\": \"<string>\",\n  \"ErrorMessage\": \"<string>\",\n  \"FieldCode\": \"<string>\",\n  \"LineItemExternalID\": \"<string>\",\n  \"Message\": \"<string>\",\n  \"PurchaseOrderNumber\": \"<string>\",\n  \"Status\": \"<string>\"\n}"},{"id":"ad8c77c9-206c-4c63-b509-41181d462f6a","name":"Bad Request","originalRequest":{"method":"PUT","header":[{"key":"Content-Type","value":"application/json"},{"key":"Accept","value":"application/json"},{"description":"Added as a part of security scheme: oauth2","key":"Authorization","value":"<token>"}],"body":{"mode":"raw","raw":"{\n  \"BillToAddress\": {\n    \"Address1\": \"<string>\",\n    \"City\": \"<string>\",\n    \"CountryCode\": \"<string>\",\n    \"ExternalID\": \"<string>\",\n    \"PostalCode\": \"<string>\",\n    \"Address2\": \"<string>\",\n    \"Address3\": \"<string>\",\n    \"Name\": \"<string>\",\n    \"State\": \"<string>\",\n    \"StateProvince\": \"<string>\"\n  },\n  \"LineItem\": [\n    {\n      \"LineNumber\": \"<string>\",\n      \"ExternalID\": \"<string>\",\n      \"Quantity\": \"<string>\",\n      \"UnitPrice\": \"<string>\",\n      \"AccountCode\": \"<string>\",\n      \"Allocation\": [\n        {\n          \"Amount\": \"<string>\",\n          \"Custom1\": \"<string>\",\n          \"Custom10\": \"<string>\",\n          \"Custom11\": \"<string>\",\n          \"Custom12\": \"<string>\",\n          \"Custom13\": \"<string>\",\n          \"Custom14\": \"<string>\",\n          \"Custom15\": \"<string>\",\n          \"Custom16\": \"<string>\",\n          \"Custom17\": \"<string>\",\n          \"Custom18\": \"<string>\",\n          \"Custom19\": \"<string>\",\n          \"Custom2\": \"<string>\",\n          \"Custom20\": \"<string>\",\n          \"Custom3\": \"<string>\",\n          \"Custom4\": \"<string>\",\n          \"Custom5\": \"<string>\",\n          \"Custom6\": \"<string>\",\n          \"Custom7\": \"<string>\",\n          \"Custom8\": \"<string>\",\n          \"Custom9\": \"<string>\",\n          \"GrossAmount\": \"<string>\",\n          \"Percentage\": \"<string>\"\n        },\n        {\n          \"Amount\": \"<string>\",\n          \"Custom1\": \"<string>\",\n          \"Custom10\": \"<string>\",\n          \"Custom11\": \"<string>\",\n          \"Custom12\": \"<string>\",\n          \"Custom13\": \"<string>\",\n          \"Custom14\": \"<string>\",\n          \"Custom15\": \"<string>\",\n          \"Custom16\": \"<string>\",\n          \"Custom17\": \"<string>\",\n          \"Custom18\": \"<string>\",\n          \"Custom19\": \"<string>\",\n          \"Custom2\": \"<string>\",\n          \"Custom20\": \"<string>\",\n          \"Custom3\": \"<string>\",\n          \"Custom4\": \"<string>\",\n          \"Custom5\": \"<string>\",\n          \"Custom6\": \"<string>\",\n          \"Custom7\": \"<string>\",\n          \"Custom8\": \"<string>\",\n          \"Custom9\": \"<string>\",\n          \"GrossAmount\": \"<string>\",\n          \"Percentage\": \"<string>\"\n        }\n      ],\n      \"AmountWithoutVat\": \"<string>\",\n      \"CreateDate\": \"<string>\",\n      \"Custom1\": \"<string>\",\n      \"Custom10\": \"<string>\",\n      \"Custom11\": \"<string>\",\n      \"Custom12\": \"<string>\",\n      \"Custom13\": \"<string>\",\n      \"Custom14\": \"<string>\",\n      \"Custom15\": \"<string>\",\n      \"Custom16\": \"<string>\",\n      \"Custom17\": \"<string>\",\n      \"Custom18\": \"<string>\",\n      \"Custom19\": \"<string>\",\n      \"Custom2\": \"<string>\",\n      \"Custom20\": \"<string>\",\n      \"Custom3\": \"<string>\",\n      \"Custom4\": \"<string>\",\n      \"Custom5\": \"<string>\",\n      \"Custom6\": \"<string>\",\n      \"Custom7\": \"<string>\",\n      \"Custom8\": \"<string>\",\n      \"Custom9\": \"<string>\",\n      \"Description\": \"<string>\",\n      \"ExpenseType\": \"<string>\",\n      \"IsReceiptRequired\": \"<string>\",\n      \"PurchaseOrderReceiptType\": \"<string>\",\n      \"RequestedBy\": \"<string>\",\n      \"RequestedDeliveryDate\": \"<string>\",\n      \"SupplierPartID\": \"<string>\",\n      \"Tax\": \"<string>\",\n      \"UnitOfMeasureCode\": \"<string>\",\n      \"VatAmount\": \"<string>\",\n      \"VatRate\": \"<string>\"\n    },\n    {\n      \"LineNumber\": \"<string>\",\n      \"ExternalID\": \"<string>\",\n      \"Quantity\": \"<string>\",\n      \"UnitPrice\": \"<string>\",\n      \"AccountCode\": \"<string>\",\n      \"Allocation\": [\n        {\n          \"Amount\": \"<string>\",\n          \"Custom1\": \"<string>\",\n          \"Custom10\": \"<string>\",\n          \"Custom11\": \"<string>\",\n          \"Custom12\": \"<string>\",\n          \"Custom13\": \"<string>\",\n          \"Custom14\": \"<string>\",\n          \"Custom15\": \"<string>\",\n          \"Custom16\": \"<string>\",\n          \"Custom17\": \"<string>\",\n          \"Custom18\": \"<string>\",\n          \"Custom19\": \"<string>\",\n          \"Custom2\": \"<string>\",\n          \"Custom20\": \"<string>\",\n          \"Custom3\": \"<string>\",\n          \"Custom4\": \"<string>\",\n          \"Custom5\": \"<string>\",\n          \"Custom6\": \"<string>\",\n          \"Custom7\": \"<string>\",\n          \"Custom8\": \"<string>\",\n          \"Custom9\": \"<string>\",\n          \"GrossAmount\": \"<string>\",\n          \"Percentage\": \"<string>\"\n        },\n        {\n          \"Amount\": \"<string>\",\n          \"Custom1\": \"<string>\",\n          \"Custom10\": \"<string>\",\n          \"Custom11\": \"<string>\",\n          \"Custom12\": \"<string>\",\n          \"Custom13\": \"<string>\",\n          \"Custom14\": \"<string>\",\n          \"Custom15\": \"<string>\",\n          \"Custom16\": \"<string>\",\n          \"Custom17\": \"<string>\",\n          \"Custom18\": \"<string>\",\n          \"Custom19\": \"<string>\",\n          \"Custom2\": \"<string>\",\n          \"Custom20\": \"<string>\",\n          \"Custom3\": \"<string>\",\n          \"Custom4\": \"<string>\",\n          \"Custom5\": \"<string>\",\n          \"Custom6\": \"<string>\",\n          \"Custom7\": \"<string>\",\n          \"Custom8\": \"<string>\",\n          \"Custom9\": \"<string>\",\n          \"GrossAmount\": \"<string>\",\n          \"Percentage\": \"<string>\"\n        }\n      ],\n      \"AmountWithoutVat\": \"<string>\",\n      \"CreateDate\": \"<string>\",\n      \"Custom1\": \"<string>\",\n      \"Custom10\": \"<string>\",\n      \"Custom11\": \"<string>\",\n      \"Custom12\": \"<string>\",\n      \"Custom13\": \"<string>\",\n      \"Custom14\": \"<string>\",\n      \"Custom15\": \"<string>\",\n      \"Custom16\": \"<string>\",\n      \"Custom17\": \"<string>\",\n      \"Custom18\": \"<string>\",\n      \"Custom19\": \"<string>\",\n      \"Custom2\": \"<string>\",\n      \"Custom20\": \"<string>\",\n      \"Custom3\": \"<string>\",\n      \"Custom4\": \"<string>\",\n      \"Custom5\": \"<string>\",\n      \"Custom6\": \"<string>\",\n      \"Custom7\": \"<string>\",\n      \"Custom8\": \"<string>\",\n      \"Custom9\": \"<string>\",\n      \"Description\": \"<string>\",\n      \"ExpenseType\": \"<string>\",\n      \"IsReceiptRequired\": \"<string>\",\n      \"PurchaseOrderReceiptType\": \"<string>\",\n      \"RequestedBy\": \"<string>\",\n      \"RequestedDeliveryDate\": \"<string>\",\n      \"SupplierPartID\": \"<string>\",\n      \"Tax\": \"<string>\",\n      \"UnitOfMeasureCode\": \"<string>\",\n      \"VatAmount\": \"<string>\",\n      \"VatRate\": \"<string>\"\n    }\n  ],\n  \"PolicyExternalID\": \"<string>\",\n  \"ShipToAddress\": {\n    \"Address1\": \"<string>\",\n    \"City\": \"<string>\",\n    \"CountryCode\": \"<string>\",\n    \"ExternalID\": \"<string>\",\n    \"PostalCode\": \"<string>\",\n    \"Address2\": \"<string>\",\n    \"Address3\": \"<string>\",\n    \"Name\": \"<string>\",\n    \"State\": \"<string>\",\n    \"StateProvince\": \"<string>\"\n  },\n  \"CurrencyCode\": \"<string>\",\n  \"OrderDate\": \"<string>\",\n  \"VendorAddressCode\": \"<string>\",\n  \"VendorCode\": \"<string>\",\n  \"AmountWithoutVat\": \"<string>\",\n  \"Custom1\": \"<string>\",\n  \"Custom10\": \"<string>\",\n  \"Custom11\": \"<string>\",\n  \"Custom12\": \"<string>\",\n  \"Custom13\": \"<string>\",\n  \"Custom14\": \"<string>\",\n  \"Custom15\": \"<string>\",\n  \"Custom16\": \"<string>\",\n  \"Custom17\": \"<string>\",\n  \"Custom18\": \"<string>\",\n  \"Custom19\": \"<string>\",\n  \"Custom2\": \"<string>\",\n  \"Custom20\": \"<string>\",\n  \"Custom21\": \"<string>\",\n  \"Custom22\": \"<string>\",\n  \"Custom23\": \"<string>\",\n  \"Custom24\": \"<string>\",\n  \"Custom3\": \"<string>\",\n  \"Custom4\": \"<string>\",\n  \"Custom5\": \"<string>\",\n  \"Custom6\": \"<string>\",\n  \"Custom7\": \"<string>\",\n  \"Custom8\": \"<string>\",\n  \"Custom9\": \"<string>\",\n  \"Description\": \"<string>\",\n  \"DiscountPercentage\": \"<string>\",\n  \"DiscountTerms\": \"<string>\",\n  \"ID\": \"<string>\",\n  \"IsTest\": \"<boolean>\",\n  \"IsChangeOrder\": \"<boolean>\",\n  \"LedgerCode\": \"<string>\",\n  \"Name\": \"<string>\",\n  \"NeededByDate\": \"<string>\",\n  \"PaymentTerms\": \"<string>\",\n  \"PoVendorTaxId\": \"<string>\",\n  \"ProvincialTaxId\": \"<string>\",\n  \"PurchaseOrderNumber\": \"<string>\",\n  \"PurchaseRequestNumber\": \"<string>\",\n  \"ReceiptType\": \"<string>\",\n  \"RequestedBy\": \"<string>\",\n  \"RequestedDeliveryDate\": \"<string>\",\n  \"Shipping\": \"<string>\",\n  \"ShippingDescription\": \"<string>\",\n  \"ShippingMethodKey\": \"<string>\",\n  \"ShippingTermsKey\": \"<string>\",\n  \"Status\": \"<string>\",\n  \"Tax\": \"<string>\",\n  \"URI\": \"<string>\",\n  \"VatAmountOne\": \"<string>\",\n  \"VatAmountTwo\": \"<string>\",\n  \"VatRateOne\": \"<string>\",\n  \"VatRateTwo\": \"<string>\",\n  \"VendorAccountNumber\": \"<string>\"\n}","options":{"raw":{"headerFamily":"json","language":"json"}}},"url":{"raw":"{{baseUrl}}/invoice/purchaseorders","host":["{{baseUrl}}"],"path":["invoice","purchaseorders"]}},"status":"Bad Request","code":400,"_postman_previewlanguage":"json","header":[{"key":"Content-Type","value":"application/json"}],"cookie":[],"responseTime":null,"body":"{}"}]}],"id":"dd69cdd2-8ddc-4942-bbef-67c0c55d51a9"}],"id":"c368ce6b-b8a7-4e1e-977f-c330103dcfab"}],"auth":{"type":"oauth2","oauth2":[{"key":"accessTokenUrl","value":"https://us.api.concursolutions.com/oauth2/v0","type":"string"},{"key":"grant_type","value":"client_credentials","type":"string"}]},"variable":[{"id":"ffc48a88-c092-4218-9585-b038f2f882cc","key":"baseUrl","value":"https://www.concursolutions.com/api/v3.0"}]}