{"info":{"_postman_id":"dc787367-7126-47ea-9b21-d697b419c9e6","name":"Expense Report Forms","description":"Returns the configured fields for the specified expense form.","schema":"https://schema.getpostman.com/json/collection/v2.1.0/collection.json"},"item":[{"name":"expense","item":[{"name":"expensereport","item":[{"name":"v1.1","item":[{"name":"report","item":[{"name":"Forms","item":[{"name":"{FormId}","item":[{"name":"Fields","item":[{"name":"Retrieves the list of configured form fields for the specified form.","id":"ebc8bde7-8a51-4ac3-a760-f7c53629505c","protocolProfileBehavior":{"disableBodyPruning":true},"request":{"method":"GET","header":[{"key":"Accept","value":"application/xml"}],"url":{"raw":"{{baseUrl}}/expense/expensereport/v1.1/report/Forms/:FormId/Fields","host":["{{baseUrl}}"],"path":["expense","expensereport","v1.1","report","Forms",":FormId","Fields"],"variable":[{"id":"ab5867fc-ceab-49ad-ace9-2aa263f76f42","key":"FormId","value":"<string>"}]}},"response":[{"id":"331bdf64-1825-4096-ab0a-dfd3b78ddd4c","name":"OK","originalRequest":{"method":"GET","header":[{"key":"Accept","value":"application/xml"},{"description":"Added as a part of security scheme: oauth2","key":"Authorization","value":"<token>"}],"url":{"raw":"{{baseUrl}}/expense/expensereport/v1.1/report/Forms/:FormId/Fields","host":["{{baseUrl}}"],"path":["expense","expensereport","v1.1","report","Forms",":FormId","Fields"],"variable":[{"key":"FormId"}]}},"status":"OK","code":200,"_postman_previewlanguage":"xml","header":[{"key":"Content-Type","value":"application/xml"}],"cookie":[],"responseTime":null,"body":"<?xml version=\"1.0\" encoding=\"UTF-8\"?>\n<element>\n  <FormField>\n    <Id>(string)</Id>\n    <Label>(string)</Label>\n    <ControlType>(string)</ControlType>\n    <DataType>(string)</DataType>\n    <MaxLength>(integer)</MaxLength>\n    <Required>(string)</Required>\n    <Cols>(integer)</Cols>\n    <Access>(string)</Access>\n    <Width>(integer)</Width>\n    <Custom>(string)</Custom>\n    <Sequence>(integer)</Sequence>\n  </FormField>\n  <FormField>\n    <Id>(string)</Id>\n    <Label>(string)</Label>\n    <ControlType>(string)</ControlType>\n    <DataType>(string)</DataType>\n    <MaxLength>(integer)</MaxLength>\n    <Required>(string)</Required>\n    <Cols>(integer)</Cols>\n    <Access>(string)</Access>\n    <Width>(integer)</Width>\n    <Custom>(string)</Custom>\n    <Sequence>(integer)</Sequence>\n  </FormField>\n</element>"},{"id":"a2a84f36-b276-46c0-b2c3-5d3b939e78bc","name":"Invalid request","originalRequest":{"method":"GET","header":[{"description":"Added as a part of security scheme: oauth2","key":"Authorization","value":"<token>"}],"url":{"raw":"{{baseUrl}}/expense/expensereport/v1.1/report/Forms/:FormId/Fields","host":["{{baseUrl}}"],"path":["expense","expensereport","v1.1","report","Forms",":FormId","Fields"],"variable":[{"key":"FormId"}]}},"status":"Bad Request","code":400,"_postman_previewlanguage":"text","header":[],"cookie":[],"responseTime":null,"body":""},{"id":"95cd0530-7398-4b2e-b30c-1266467c447e","name":"Unauthorized","originalRequest":{"method":"GET","header":[{"description":"Added as a part of security scheme: oauth2","key":"Authorization","value":"<token>"}],"url":{"raw":"{{baseUrl}}/expense/expensereport/v1.1/report/Forms/:FormId/Fields","host":["{{baseUrl}}"],"path":["expense","expensereport","v1.1","report","Forms",":FormId","Fields"],"variable":[{"key":"FormId"}]}},"status":"Unauthorized","code":401,"_postman_previewlanguage":"text","header":[],"cookie":[],"responseTime":null,"body":""},{"id":"3be9f06b-4f19-4743-a1be-d68368d5532d","name":"Forbidden","originalRequest":{"method":"GET","header":[{"description":"Added as a part of security scheme: oauth2","key":"Authorization","value":"<token>"}],"url":{"raw":"{{baseUrl}}/expense/expensereport/v1.1/report/Forms/:FormId/Fields","host":["{{baseUrl}}"],"path":["expense","expensereport","v1.1","report","Forms",":FormId","Fields"],"variable":[{"key":"FormId"}]}},"status":"Forbidden","code":403,"_postman_previewlanguage":"text","header":[],"cookie":[],"responseTime":null,"body":""},{"id":"82ee57a1-8dc1-4342-af93-99a7a30bd951","name":"Not Found","originalRequest":{"method":"GET","header":[{"description":"Added as a part of security scheme: oauth2","key":"Authorization","value":"<token>"}],"url":{"raw":"{{baseUrl}}/expense/expensereport/v1.1/report/Forms/:FormId/Fields","host":["{{baseUrl}}"],"path":["expense","expensereport","v1.1","report","Forms",":FormId","Fields"],"variable":[{"key":"FormId"}]}},"status":"Not Found","code":404,"_postman_previewlanguage":"text","header":[],"cookie":[],"responseTime":null,"body":""},{"id":"32a2ddd1-ae5a-4415-8d9a-529f724139d9","name":"Internal error","originalRequest":{"method":"GET","header":[{"description":"Added as a part of security scheme: oauth2","key":"Authorization","value":"<token>"}],"url":{"raw":"{{baseUrl}}/expense/expensereport/v1.1/report/Forms/:FormId/Fields","host":["{{baseUrl}}"],"path":["expense","expensereport","v1.1","report","Forms",":FormId","Fields"],"variable":[{"key":"FormId"}]}},"status":"Internal Server Error","code":500,"_postman_previewlanguage":"text","header":[],"cookie":[],"responseTime":null,"body":""}]}],"id":"9c3df50d-303c-45b2-8504-31c93f0f80ca"}],"id":"c7536389-0b78-4a69-b56c-4b74fd2f59af"}],"id":"e5a2f091-8bcc-49c1-83e1-87878f3aaa9a"}],"id":"f940130d-6899-4d43-9fa5-529a563e6a35"}],"id":"cc94d785-87cd-4ac2-aa53-0f75e57b65ed"}],"id":"087976d4-fd66-4e4a-88d8-939adea130b7"}],"id":"a25349a4-8db0-4a96-9a65-0baf7378ed0f"}],"auth":{"type":"bearer","bearer":[{"key":"token","value":"{{accessToken}}","type":"string"}]},"event":[{"listen":"prerequest","script":{"id":"d594d68e-b87d-4cfc-9591-ffebbe9b6c13","type":"text/javascript","exec":[""]}},{"listen":"test","script":{"id":"dec18104-7790-4c74-98b6-e47a3f5170f9","type":"text/javascript","exec":[""]}}],"variable":[{"id":"5913370b-589f-4fa5-9f22-cf98616e6000","key":"baseUrl","value":"//www.concursolutions.com/concur/api"}]}