{"info":{"_postman_id":"dfc9fb83-0684-4265-947d-690762158dbf","name":"API's","schema":"https://schema.getpostman.com/json/collection/v2.1.0/collection.json"},"item":[{"name":"User","item":[{"name":"Identity v4","item":[{"name":"Fetch All Schemas","id":"32f0a9f7-2338-4db4-93e5-fb318259c99f","protocolProfileBehavior":{"disableBodyPruning":true},"request":{"auth":{"type":"bearer","bearer":[{"key":"token","value":"{{accessToken}}","type":"string"}]},"method":"GET","header":[],"url":{"raw":"https://{{dataCenterURI}}/profile/identity/v4.1/Schemas/","protocol":"https","host":["{{dataCenterURI}}"],"path":["profile","identity","v4.1","Schemas",""]}},"response":[]},{"name":"User Identity Search by UserName","id":"e875947d-7677-4923-ac1e-eef90bd04711","protocolProfileBehavior":{"disableBodyPruning":true},"request":{"auth":{"type":"bearer","bearer":[{"key":"token","value":"{{accessToken}}","type":"string"}]},"method":"GET","header":[],"url":{"raw":"https://us2.api.concursolutions.com/profile/identity/v4/Users?filter=userName eq Aaron.Frankel@cybercoders.com","protocol":"https","host":["us2","api","concursolutions","com"],"path":["profile","identity","v4","Users"],"query":[{"key":"filter","value":"userName eq Aaron.Frankel@cybercoders.com"}]}},"response":[]},{"name":"User Identity Search by Employee Number","id":"a85b6324-fb83-45cf-a6ca-3d87f4ebbf50","protocolProfileBehavior":{"disableBodyPruning":true},"request":{"auth":{"type":"bearer","bearer":[{"key":"token","value":"{{accessToken}}","type":"string"}]},"method":"GET","header":[],"url":{"raw":"https://us2.api.concursolutions.com/profile/identity/v4/Users?filter=employeeNumber eq 1126203","protocol":"https","host":["us2","api","concursolutions","com"],"path":["profile","identity","v4","Users"],"query":[{"key":"filter","value":"employeeNumber eq 1126203"},{"key":"filter","value":"employeeNumber eq 1500300","type":"text","disabled":true}]}},"response":[]},{"name":"Company User Identity","id":"a8c2c27a-fc9c-477c-b81c-427f1ad71693","protocolProfileBehavior":{"disableBodyPruning":true},"request":{"auth":{"type":"bearer","bearer":[{"key":"token","value":"{{accessToken}}","type":"string"}]},"method":"GET","header":[],"url":{"raw":"https://{{dataCenterURI}}/profile/identity/v4/Users?companyId=d269f970-5b6e-4062-aec0-a3ae5d34536a","protocol":"https","host":["{{dataCenterURI}}"],"path":["profile","identity","v4","Users"],"query":[{"key":"companyId","value":"d269f970-5b6e-4062-aec0-a3ae5d34536a"}]}},"response":[]},{"name":"User Identity","id":"4a2f415a-d132-48d7-9997-118713aab3fc","protocolProfileBehavior":{"disableBodyPruning":true},"request":{"auth":{"type":"bearer","bearer":[{"key":"token","value":"{{accessToken}}","type":"string"}]},"method":"GET","header":[],"url":{"raw":"https://{{dataCenterURI}}/profile/identity/v4/Users/7df8957c-a582-427d-8858-57d6b0b7949a","protocol":"https","host":["{{dataCenterURI}}"],"path":["profile","identity","v4","Users","7df8957c-a582-427d-8858-57d6b0b7949a"]}},"response":[]},{"name":"Look up Travel Profile by User ID","id":"0ce98071-a6e1-4b98-aac2-318701f9cc20","protocolProfileBehavior":{"disableBodyPruning":true},"request":{"auth":{"type":"bearer","bearer":[{"key":"token","value":"{{accessToken}}","type":"string"}]},"method":"GET","header":[],"url":{"raw":"https://{{dataCenterURI}}/profile/travel/v4/Users/01ef2060-1f11-4203-89cd-9ae149661e87","protocol":"https","host":["{{dataCenterURI}}"],"path":["profile","travel","v4","Users","01ef2060-1f11-4203-89cd-9ae149661e87"]}},"response":[]}],"id":"a0010942-a432-4650-8fdc-c844fced29e7"},{"name":"Identity v4","item":[{"name":"Identity v4.1","id":"842b4543-e5ca-421e-af35-1558537db105","protocolProfileBehavior":{"disableBodyPruning":true},"request":{"auth":{"type":"bearer","bearer":[{"key":"token","value":"{{accessToken}}","type":"string"}]},"method":"POST","header":[],"body":{"mode":"raw","raw":"{\r\n    \"schemas\": [\r\n        \"urn:ietf:params:scim:api:messages:concur:2.0:SearchRequest\"\r\n    ],\r\n    \"filter\": \"employeeNumber eq 1126203\",\r\n    \"attributes\": [\r\n        \"active\",\r\n        \"name\",\r\n        \"emails\",\r\n        \"userName\"\r\n    ]\r\n}","options":{"raw":{"language":"json"}}},"url":{"raw":"https://{{dataCenterURI}}/profile/identity/v4.1/Users/.search","protocol":"https","host":["{{dataCenterURI}}"],"path":["profile","identity","v4.1","Users",".search"]}},"response":[]}],"id":"b1230ecc-7b51-40b8-95de-4d7ada3b04a4"}],"id":"ad025489-adbd-4ff8-85f2-a25381ff218b"},{"name":"Travel","item":[{"name":"Itinerary v4","item":[{"name":"Get Trips By ID","id":"cc0a02e1-79aa-4e09-ba0c-9b015ca9cf8f","protocolProfileBehavior":{"disableBodyPruning":true},"request":{"auth":{"type":"bearer","bearer":[{"key":"token","value":"{{accessToken}}","type":"string"}]},"method":"GET","header":[],"url":{"raw":"https://us.api.concursolutions.com/travel/v4/trips/008e28bc-3800-5a57-a8b9-a32c66c5de43","protocol":"https","host":["us","api","concursolutions","com"],"path":["travel","v4","trips","008e28bc-3800-5a57-a8b9-a32c66c5de43"]}},"response":[]},{"name":"Trips","id":"82f56955-3d93-442c-974f-5c20ffb8bec9","protocolProfileBehavior":{"disableBodyPruning":true},"request":{"auth":{"type":"bearer","bearer":[{"key":"token","value":"{{accessToken}}","type":"string"}]},"method":"GET","header":[],"url":{"raw":"https://us.api.concursolutions.com/travel/v4/trips?schema=id","protocol":"https","host":["us","api","concursolutions","com"],"path":["travel","v4","trips"],"query":[{"key":"schema","value":"id"},{"key":"endDateFrom","value":"2023-04-28","disabled":true},{"key":"endDateTo","value":"2023-09-27","disabled":true}]}},"response":[]}],"id":"d82bfb28-d5c7-4b9a-a712-157843114fdd"}],"id":"3b57305c-a3d4-4422-b6e1-afbec994a67a"},{"name":"Common","item":[{"name":"Users v3","item":[{"name":"Look Up Users","id":"84a406cd-e7c2-4fe1-8c66-47e195abd44e","protocolProfileBehavior":{"disableBodyPruning":true},"request":{"auth":{"type":"bearer","bearer":[{"key":"token","value":"{{accessToken}}","type":"string"}]},"method":"GET","header":[],"url":{"raw":"https://{{dataCenterURI}}/api/v3.0/common/users","protocol":"https","host":["{{dataCenterURI}}"],"path":["api","v3.0","common","users"],"query":[{"key":"limit","value":"3","disabled":true}]}},"response":[]}],"id":"ec9ba552-299b-47ff-a533-40a8f3c90d53"},{"name":"List v4","item":[{"name":"Get All Lists","id":"ea4b9aab-d895-44b6-adbb-055102979eb1","protocolProfileBehavior":{"disableBodyPruning":true},"request":{"auth":{"type":"bearer","bearer":[{"key":"token","value":"{{accessToken}}","type":"string"}]},"method":"GET","header":[],"url":{"raw":"https://{{geoLocationURI}}/list/v4/lists","protocol":"https","host":["{{geoLocationURI}}"],"path":["list","v4","lists"]}},"response":[]}],"id":"b29e6c8a-7511-42d8-923a-81eabe4076e5"},{"name":"List Items v4","item":[{"name":"Get the first level list items for a given List ID","id":"23b61689-4a49-48a3-87e1-9c52b81b072a","protocolProfileBehavior":{"disableBodyPruning":true},"request":{"auth":{"type":"bearer","bearer":[{"key":"token","value":"{{accessToken}}","type":"string"}]},"method":"GET","header":[],"url":{"raw":"https://{{geoLocationURI}}/list/v4/lists/{{List ID}}/children?hasChildren=false&isDeleted=false","protocol":"https","host":["{{geoLocationURI}}"],"path":["list","v4","lists","{{List ID}}","children"],"query":[{"key":"hasChildren","value":"false","description":"Show items with children (true/false)"},{"key":"isDeleted","value":"false","description":"Show deleted items"},{"key":"page","value":"1","type":"text","description":"Page number starting from 1 (Integer)","disabled":true},{"key":"shortCode","value":"ACCT","type":"text","description":"Filter capabilities for ShortCode (String)","disabled":true},{"key":"shortCodeOrValue","value":"ACCT","description":"Filter capabilities for Value OR ShortCode","type":"text","disabled":true},{"key":"sortBy","value":"shortcode","description":"Field to sort by, {value, shortcode}\nAvailable values : value, shortcode\nDefault value : value","disabled":true},{"key":"sortDirection","value":"desc","description":"Sort direction, {asc, desc}\n\nAvailable values : asc, desc","type":"text","disabled":true},{"key":"value","value":"TRNG","description":"Filter capabilities for Value","disabled":true}]}},"response":[]},{"name":"Get List Item by ID","id":"a296d8c0-60e2-459c-bc12-bc5b11449406","protocolProfileBehavior":{"disableBodyPruning":true},"request":{"auth":{"type":"bearer","bearer":[{"key":"token","value":"{{accessToken}}","type":"string"}]},"method":"GET","header":[],"url":{"raw":"https://{{geoLocationURI}}/list/v4/items/47c462b8-3e1b-3748-9277-48d2be324346","protocol":"https","host":["{{geoLocationURI}}"],"path":["list","v4","items","47c462b8-3e1b-3748-9277-48d2be324346"]}},"response":[]}],"id":"5ce466ce-8dac-4b7e-bf2e-30a63c3ffa4f"}],"id":"1864eb10-8b54-46c3-8ba8-1cdbdb27e38a"},{"name":"Profile v1","item":[{"name":"Info about current User","id":"3c917ab8-9f94-457f-99fc-c771fab29bcd","protocolProfileBehavior":{"disableBodyPruning":true},"request":{"auth":{"type":"bearer","bearer":[{"key":"token","value":"{{accessToken}}","type":"string"}]},"method":"GET","header":[],"url":{"raw":"https://us.api.concursolutions.com/profile/v1/me","protocol":"https","host":["us","api","concursolutions","com"],"path":["profile","v1","me"]}},"response":[]}],"id":"c2b5752e-d778-453b-9b2e-cb202f74af34"},{"name":"Authentication","item":[{"name":"Get Access Token","event":[{"listen":"test","script":{"id":"d4819876-a0ef-4101-aa81-5eabdb2a5d14","exec":["pm.test(\"Initialize\", function () {\r","\r","    pm.response.to.not.be.error;\r","    pm.response.to.not.have.jsonBody(\"error\");\r","\r","    var jsonData = pm.response.json();\r","    var refreshToken = jsonData.refresh_token;\r","    var idToken = jsonData.id_token;\r","    var accessToken = jsonData.access_token;\r","    pm.expect(refreshToken.length).to.be.above(0);\r","    pm.collectionVariables.set(\"accessToken\", accessToken);\r","\r","    pm.collectionVariables.set(\"refreshToken\", refreshToken);\r","   pm.collectionVariables.set(\"idToken\", idToken)\r","});"],"type":"text/javascript"}}],"id":"440885b2-70ac-434d-881b-6dd3b9ca46fe","protocolProfileBehavior":{"disableBodyPruning":true},"request":{"method":"POST","header":[],"body":{"mode":"urlencoded","urlencoded":[{"key":"grant_type","value":"refresh_token","type":"text"},{"key":"client_secret","value":"{{clientSecret}}","type":"text"},{"key":"client_id","value":"{{clientId}}","type":"text"},{"key":"refresh_token","value":"{{refreshToken}}","type":"text"}]},"url":{"raw":"https://{{dataCenterURI}}/oauth2/v0/token","protocol":"https","host":["{{dataCenterURI}}"],"path":["oauth2","v0","token"]}},"response":[]},{"name":"(One Time) Convert Request Token To Refresh Token","event":[{"listen":"test","script":{"id":"815593db-7099-4855-9481-a31b91fd85a0","exec":["pm.test(\"Initialize\", function () {\r","\r","    pm.response.to.not.be.error;\r","    pm.response.to.not.have.jsonBody(\"error\");\r","\r","    var jsonData = pm.response.json();\r","    var refreshToken = jsonData.refresh_token;\r","    var idToken = jsonData.id_token;\r","    pm.expect(refreshToken.length).to.be.above(0);\r","    \r","    pm.environment.set(\"refreshToken\", refreshToken);\r","    pm.environment.set(\"idToken\", idToken)\r","});"],"type":"text/javascript"}}],"id":"8cea718d-adff-4d67-ad0b-b5813a044a9f","protocolProfileBehavior":{"disableBodyPruning":true},"request":{"auth":{"type":"noauth"},"method":"POST","header":[],"body":{"mode":"urlencoded","urlencoded":[{"key":"client_id","value":"{{clientId}}","description":"id (From APP-MGMT)","type":"text"},{"key":"client_secret","value":"{{clientSecret}}","description":"secretAccessKey (From APP-MGMT)","type":"text"},{"key":"password","value":"{{requestToken}}","description":"Request Token (From AUTH)","type":"text"},{"key":"username","value":"{{companyUUID}}","description":"Company UUID (From AUTH)","type":"text"},{"key":"grant_type","value":"password","type":"text"},{"key":"credtype","value":"authtoken","type":"text"}]},"url":{"raw":"https://{{dataCenterURI}}/oauth2/v0/token","protocol":"https","host":["{{dataCenterURI}}"],"path":["oauth2","v0","token"]},"description":"The collection \"(OneTime) Convert Request Token to refresh token\" is used to convert the Concur issued Request Token to a client spcific refresh token.\n\n**Terms:**\n\nRequest Token - A token obtained from Concur that is valid for 24 hours. Since this token might havebeen issued by Concur employee's, it needs to be converted to a client spcific Refresh Token\n\nRefresh Token - A token obtained from postman that is valid for 6 months. Because it is generated by the client, only the client will be able to use it.\n\nAccess Token - A token obtained from postman using the Refresh Token that is valid for 60 minutes. Most API calls require an Access Token in order to function"},"response":[]}],"id":"b7b24869-deae-4410-9805-35e78067951a"}],"event":[{"listen":"prerequest","script":{"id":"7ea8465c-2bbc-4929-9820-8e3c2375e4c5","type":"text/javascript","exec":[""]}},{"listen":"test","script":{"id":"d3113297-c316-4b5e-82f6-01958ce1eecb","type":"text/javascript","exec":[""]}}],"variable":[{"id":"7cf72c38-263c-4110-a193-42ee770da8ea","key":"refreshToken","value":"2y1hyn32ohm596a538p6vsx3f3ce3z","type":"default"},{"id":"75430416-af56-475b-b552-074d39900dc1","key":"clientSecret","value":"8cbfa9ce-2c04-4a52-9d3e-6a3e9122f8e0"},{"id":"b74e4043-6b01-451f-a978-05e65a298a4a","key":"requestToken","value":"at-3n8rltp2vxa2bbyn2j7asx42jcrdke"},{"id":"96db73f4-e4e5-4fec-817c-b3175c35cbec","key":"clientId","value":"b560df45-c514-44c6-a203-752db99612e6"},{"id":"a444a7d3-3fc6-4605-ba0a-e49e71fc19a3","key":"companyUUID","value":"d269f970-5b6e-4062-aec0-a3ae5d34536a"},{"id":"65d98159-b216-4ba2-9604-1a638f2bbf50","key":"idToken","value":"XXX - set by postman collection","type":"default"},{"id":"d1e77ee7-c25c-4005-bfd4-ae37f5628c7a","key":"accessToken","value":"XXX - set by postman collection","type":"any"},{"id":"cd3926ba-55b0-4304-b4ee-115c0646fe2f","key":"geoLocationURI","value":"XXX - set by postman collection","type":"default"},{"id":"0fb3703d-cdc9-4fde-b612-6ea24d43c25b","key":"dataCenterURI","value":"www-us2.api.concursolutions.com","type":"default"},{"id":"7c793fe0-adf3-4432-b209-9792c613e2e6","key":"List ID","value":"c94f469d-54b9-ba49-a929-6100f7795c1e"}]}