{"info":{"_postman_id":"e62fedcd-b5b7-4ba6-958b-66dd6452100b","name":"Expense Group Configurations","description":"Expense Group Configurations specify the allowed expense types, policies, payment types, and expense settings allowed for the expense group. This API provides methods to view the expense group details by user or by expense group ID.","schema":"https://schema.getpostman.com/json/collection/v2.1.0/collection.json"},"item":[{"name":"expense","item":[{"name":"expensegroupconfigurations","item":[{"name":"{id}","item":[{"name":"Get an expense group configuration by ID","id":"68d67a4e-fda5-4f11-a8c2-a4ea9ca1950e","protocolProfileBehavior":{"disableBodyPruning":true},"request":{"method":"GET","header":[{"key":"Accept","value":"application/json"}],"url":{"raw":"{{baseUrl}}/expense/expensegroupconfigurations/:id?user=<string>","host":["{{baseUrl}}"],"path":["expense","expensegroupconfigurations",":id"],"query":[{"description":"The login ID of the user associated with this expense group configuration. The user must have the Web Services Admin role to use this parameter.","key":"user","value":"<string>"}],"variable":[{"id":"f3374f84-c11f-448f-89c7-346b7d416dc9","key":"id","value":"<string>"}]},"description":"Gets an expense group configuration by ID."},"response":[{"id":"a1c59113-4310-4da2-b3c8-8560d8032622","name":"Success","originalRequest":{"method":"GET","header":[{"key":"Accept","value":"application/json"}],"url":{"raw":"{{baseUrl}}/expense/expensegroupconfigurations/:id?user=<string>","host":["{{baseUrl}}"],"path":["expense","expensegroupconfigurations",":id"],"query":[{"description":"The login ID of the user associated with this expense group configuration. The user must have the Web Services Admin role to use this parameter.","key":"user","value":"<string>"}],"variable":[{"key":"id"}]}},"status":"OK","code":200,"_postman_previewlanguage":"json","header":[{"key":"Content-Type","value":"application/json"}],"cookie":[],"responseTime":null,"body":"{\n  \"AllowUserDigitalTaxInvoice\": \"<boolean>\",\n  \"AllowUserRegisterYodlee\": \"<boolean>\",\n  \"AttendeeListFormID\": \"<string>\",\n  \"AttendeeListFormName\": \"<string>\",\n  \"AttendeeTypes\": {\n    \"Code\": \"<string>\",\n    \"Name\": \"<string>\"\n  },\n  \"CashAdvance\": {\n    \"AllowUserCarryBalance\": \"<boolean>\",\n    \"AllowUserLinkMultiple\": \"<boolean>\",\n    \"AllowUserUpdateExchangeRate\": \"<boolean>\",\n    \"Name\": \"<string>\",\n    \"WorkflowID\": \"<string>\"\n  },\n  \"ID\": \"<string>\",\n  \"Name\": \"<string>\",\n  \"PaymentTypes\": {\n    \"ID\": \"<string>\",\n    \"IsDefault\": \"<boolean>\",\n    \"Name\": \"<string>\"\n  },\n  \"Policies\": {\n    \"ExpenseTypes\": {\n      \"Code\": \"<string>\",\n      \"ExpenseCode\": \"<string>\",\n      \"Name\": \"<string>\"\n    },\n    \"ID\": \"<string>\",\n    \"IsDefault\": \"<boolean>\",\n    \"IsInheritable\": \"<boolean>\",\n    \"Name\": \"<string>\"\n  },\n  \"URI\": \"<string>\"\n}"}]}],"id":"1eda38e4-c5a8-4739-b31a-6747dc49eabe"},{"name":"Get an expense group configuration","id":"3a6f72fe-4221-4369-80dd-dc67a7241293","protocolProfileBehavior":{"disableBodyPruning":true},"request":{"method":"GET","header":[{"key":"Accept","value":"application/json"}],"url":{"raw":"{{baseUrl}}/expense/expensegroupconfigurations?user=<string>&offset=<string>&limit=<integer>","host":["{{baseUrl}}"],"path":["expense","expensegroupconfigurations"],"query":[{"description":"The login ID of the user associated with this expense group configuration. The user must have the Web Services Admin role to use this parameter.","key":"user","value":"<string>"},{"description":"The starting point of the next set of results, after the limit specified in the limit field has been reached.","key":"offset","value":"<string>"},{"description":"The number of records to return Default value: 10","key":"limit","value":"<integer>"}]},"description":"Gets the configuration of an expense group."},"response":[{"id":"5042512b-2b4a-4c68-bbe8-81eda1792c74","name":"Success","originalRequest":{"method":"GET","header":[{"key":"Accept","value":"application/json"}],"url":{"raw":"{{baseUrl}}/expense/expensegroupconfigurations?user=<string>&offset=<string>&limit=<integer>","host":["{{baseUrl}}"],"path":["expense","expensegroupconfigurations"],"query":[{"description":"The login ID of the user associated with this expense group configuration. The user must have the Web Services Admin role to use this parameter.","key":"user","value":"<string>"},{"description":"The starting point of the next set of results, after the limit specified in the limit field has been reached.","key":"offset","value":"<string>"},{"description":"The number of records to return Default value: 10","key":"limit","value":"<integer>"}]}},"status":"OK","code":200,"_postman_previewlanguage":"json","header":[{"key":"Content-Type","value":"application/json"}],"cookie":[],"responseTime":null,"body":"{\n  \"Items\": {\n    \"AllowUserDigitalTaxInvoice\": \"<boolean>\",\n    \"AllowUserRegisterYodlee\": \"<boolean>\",\n    \"AttendeeListFormID\": \"<string>\",\n    \"AttendeeListFormName\": \"<string>\",\n    \"AttendeeTypes\": {\n      \"Code\": \"<string>\",\n      \"Name\": \"<string>\"\n    },\n    \"CashAdvance\": {\n      \"AllowUserCarryBalance\": \"<boolean>\",\n      \"AllowUserLinkMultiple\": \"<boolean>\",\n      \"AllowUserUpdateExchangeRate\": \"<boolean>\",\n      \"Name\": \"<string>\",\n      \"WorkflowID\": \"<string>\"\n    },\n    \"ID\": \"<string>\",\n    \"Name\": \"<string>\",\n    \"PaymentTypes\": {\n      \"ID\": \"<string>\",\n      \"IsDefault\": \"<boolean>\",\n      \"Name\": \"<string>\"\n    },\n    \"Policies\": {\n      \"ExpenseTypes\": {\n        \"Code\": \"<string>\",\n        \"ExpenseCode\": \"<string>\",\n        \"Name\": \"<string>\"\n      },\n      \"ID\": \"<string>\",\n      \"IsDefault\": \"<boolean>\",\n      \"IsInheritable\": \"<boolean>\",\n      \"Name\": \"<string>\"\n    },\n    \"URI\": \"<string>\"\n  },\n  \"NextPage\": \"<string>\"\n}"}]}],"id":"34d57b9c-9fb3-4cce-811b-3f5818ea8a46"}],"id":"db3b8d78-b607-4c56-9dc7-2badf335ac7e"}],"auth":{"type":"bearer","bearer":[{"key":"token","value":"{{accessToken}}","type":"string"}]},"event":[{"listen":"prerequest","script":{"id":"a2e58ef8-964d-41ae-97b0-55c7a3266c36","type":"text/javascript","exec":[""]}},{"listen":"test","script":{"id":"ae0f3bc3-b89c-4f37-aa07-41b43fff379a","type":"text/javascript","exec":[""]}}],"variable":[{"id":"db4582d6-435a-498f-9f49-a03eae83791b","key":"baseUrl","value":"https://www.concursolutions.com/api/v3.0"}]}