{"info":{"_postman_id":"ef115b97-43b9-44c2-8628-7b897e36a14d","name":"Attendee Types","description":"Get the configured attendee types for the company or for a specified user. You can also update attendee types by providing some or all of the attendee type fields.","schema":"https://schema.getpostman.com/json/collection/v2.1.0/collection.json"},"item":[{"name":"expense","item":[{"name":"attendeetypes","item":[{"name":"{id}","item":[{"name":"Get a single attendee type","id":"184fe25a-1557-40e3-98a5-069b81dad51e","protocolProfileBehavior":{"disableBodyPruning":true},"request":{"method":"GET","header":[{"key":"Accept","value":"application/json"}],"url":{"raw":"{{baseUrl}}/expense/attendeetypes/:id","host":["{{baseUrl}}"],"path":["expense","attendeetypes",":id"],"variable":[{"id":"41ca56f0-47af-41ca-aa4b-fc8aaa970b87","key":"id","value":"<string>"}]},"description":"Gets an attendee type for the specified ID."},"response":[{"id":"a03d3e09-748c-433f-aba4-d168ef285fc5","name":"Success","originalRequest":{"method":"GET","header":[{"key":"Accept","value":"application/json"},{"description":"Added as a part of security scheme: oauth2","key":"Authorization","value":"<token>"}],"url":{"raw":"{{baseUrl}}/expense/attendeetypes/:id","host":["{{baseUrl}}"],"path":["expense","attendeetypes",":id"],"variable":[{"key":"id"}]}},"status":"OK","code":200,"_postman_previewlanguage":"json","header":[{"key":"Content-Type","value":"application/json"}],"cookie":[],"responseTime":null,"body":"{\n  \"AllowAttendeeCountEditing\": \"<boolean>\",\n  \"AllowManuallyEnteredAttendees\": \"<boolean>\",\n  \"AttendeeFormID\": \"<string>\",\n  \"Code\": \"<string>\",\n  \"ConnectorID\": \"<string>\",\n  \"DuplicateSearchFields\": [\n    \"<string>\",\n    \"<string>\"\n  ],\n  \"ID\": \"<string>\",\n  \"Name\": \"<string>\",\n  \"URI\": \"<string>\"\n}"}]},{"name":"Delete an attendee type by ID","id":"d70c3503-aeb6-43fa-ae73-be993716a693","protocolProfileBehavior":{"disableBodyPruning":true},"request":{"method":"DELETE","header":[{"key":"Accept","value":"application/json"}],"url":{"raw":"{{baseUrl}}/expense/attendeetypes/:id","host":["{{baseUrl}}"],"path":["expense","attendeetypes",":id"],"variable":[{"id":"4c8678c0-9369-4d67-9cd7-32e978dcf456","key":"id","value":"<string>"}]},"description":"DEPRECATED: 05/19/2016 UNSUPPORTED: 11/19/2016 Deletes the specified attendee type."},"response":[{"id":"809dd8af-484d-4c4e-b2e4-9bd3b433e261","name":"Success","originalRequest":{"method":"DELETE","header":[{"key":"Accept","value":"application/json"},{"description":"Added as a part of security scheme: oauth2","key":"Authorization","value":"<token>"}],"url":{"raw":"{{baseUrl}}/expense/attendeetypes/:id","host":["{{baseUrl}}"],"path":["expense","attendeetypes",":id"],"variable":[{"key":"id"}]}},"status":"OK","code":200,"_postman_previewlanguage":"json","header":[{"key":"Content-Type","value":"application/json"}],"cookie":[],"responseTime":null,"body":"{}"},{"id":"3f6d5b40-f2e3-4aca-885f-6cc3324c0c80","name":"Bad Request","originalRequest":{"method":"DELETE","header":[{"key":"Accept","value":"application/json"},{"description":"Added as a part of security scheme: oauth2","key":"Authorization","value":"<token>"}],"url":{"raw":"{{baseUrl}}/expense/attendeetypes/:id","host":["{{baseUrl}}"],"path":["expense","attendeetypes",":id"],"variable":[{"key":"id"}]}},"status":"Bad Request","code":400,"_postman_previewlanguage":"json","header":[{"key":"Content-Type","value":"application/json"}],"cookie":[],"responseTime":null,"body":"{}"}]},{"name":"Update an attendee type by ID","id":"dabaff25-3bd8-42b0-9a23-492ca3b13f91","protocolProfileBehavior":{"disableBodyPruning":true},"request":{"method":"PUT","header":[{"key":"Content-Type","value":"application/json"},{"key":"Accept","value":"application/json"}],"body":{"mode":"raw","raw":"{\n  \"AllowAttendeeCountEditing\": \"<boolean>\",\n  \"AllowManuallyEnteredAttendees\": \"<boolean>\",\n  \"AttendeeFormID\": \"<string>\",\n  \"Code\": \"<string>\",\n  \"ConnectorID\": \"<string>\",\n  \"DuplicateSearchFields\": [\n    \"<string>\",\n    \"<string>\"\n  ],\n  \"Name\": \"<string>\"\n}","options":{"raw":{"headerFamily":"json","language":"json"}}},"url":{"raw":"{{baseUrl}}/expense/attendeetypes/:id","host":["{{baseUrl}}"],"path":["expense","attendeetypes",":id"],"variable":[{"id":"15815e3a-dfd1-499d-9ddc-78992473af0c","key":"id","value":"<string>"}]},"description":"Updates the specified attendee type. Only the fields provided in the supplied object will be updated. Missing fields will not be altered."},"response":[{"id":"6661ef63-3643-4cd5-939d-ec6b153ac2dd","name":"Success","originalRequest":{"method":"PUT","header":[{"key":"Content-Type","value":"application/json"},{"key":"Accept","value":"application/json"},{"description":"Added as a part of security scheme: oauth2","key":"Authorization","value":"<token>"}],"body":{"mode":"raw","raw":"{\n  \"AllowAttendeeCountEditing\": \"<boolean>\",\n  \"AllowManuallyEnteredAttendees\": \"<boolean>\",\n  \"AttendeeFormID\": \"<string>\",\n  \"Code\": \"<string>\",\n  \"ConnectorID\": \"<string>\",\n  \"DuplicateSearchFields\": [\n    \"<string>\",\n    \"<string>\"\n  ],\n  \"Name\": \"<string>\"\n}","options":{"raw":{"headerFamily":"json","language":"json"}}},"url":{"raw":"{{baseUrl}}/expense/attendeetypes/:id","host":["{{baseUrl}}"],"path":["expense","attendeetypes",":id"],"variable":[{"key":"id"}]}},"status":"OK","code":200,"_postman_previewlanguage":"json","header":[{"key":"Content-Type","value":"application/json"}],"cookie":[],"responseTime":null,"body":"{}"},{"id":"894152d4-dcb2-4c4d-bce5-3ce014afa87f","name":"Bad Request","originalRequest":{"method":"PUT","header":[{"key":"Content-Type","value":"application/json"},{"key":"Accept","value":"application/json"},{"description":"Added as a part of security scheme: oauth2","key":"Authorization","value":"<token>"}],"body":{"mode":"raw","raw":"{\n  \"AllowAttendeeCountEditing\": \"<boolean>\",\n  \"AllowManuallyEnteredAttendees\": \"<boolean>\",\n  \"AttendeeFormID\": \"<string>\",\n  \"Code\": \"<string>\",\n  \"ConnectorID\": \"<string>\",\n  \"DuplicateSearchFields\": [\n    \"<string>\",\n    \"<string>\"\n  ],\n  \"Name\": \"<string>\"\n}","options":{"raw":{"headerFamily":"json","language":"json"}}},"url":{"raw":"{{baseUrl}}/expense/attendeetypes/:id","host":["{{baseUrl}}"],"path":["expense","attendeetypes",":id"],"variable":[{"key":"id"}]}},"status":"Bad Request","code":400,"_postman_previewlanguage":"json","header":[{"key":"Content-Type","value":"application/json"}],"cookie":[],"responseTime":null,"body":"{}"}]}],"id":"d647f23c-9f42-4846-bf53-ea923b2e2966"},{"name":"Get all attendee types","id":"b1f72718-99ab-4a8c-a637-50d08e314aa3","protocolProfileBehavior":{"disableBodyPruning":true},"request":{"method":"GET","header":[{"key":"Accept","value":"application/json"}],"url":{"raw":"{{baseUrl}}/expense/attendeetypes","host":["{{baseUrl}}"],"path":["expense","attendeetypes"],"query":[{"key":"offset","value":"<string>","description":"The starting point of the next set of results, after the limit specified in the limit field has been reached.","disabled":true},{"key":"limit","value":"<integer>","description":"The number of records to return. Default value: 25","disabled":true}]},"description":"Gets all active attendee types for the company."},"response":[{"id":"b28f1928-3ced-463c-a253-b1f4a6c0bc7c","name":"Success","originalRequest":{"method":"GET","header":[{"key":"Accept","value":"application/json"},{"description":"Added as a part of security scheme: oauth2","key":"Authorization","value":"<token>"}],"url":{"raw":"{{baseUrl}}/expense/attendeetypes?offset=<string>&limit=<integer>","host":["{{baseUrl}}"],"path":["expense","attendeetypes"],"query":[{"description":"The starting point of the next set of results, after the limit specified in the limit field has been reached.","key":"offset","value":"<string>"},{"description":"The number of records to return. Default value: 25","key":"limit","value":"<integer>"}]}},"status":"OK","code":200,"_postman_previewlanguage":"json","header":[{"key":"Content-Type","value":"application/json"}],"cookie":[],"responseTime":null,"body":"{\n  \"Items\": {\n    \"AllowAttendeeCountEditing\": \"<boolean>\",\n    \"AllowManuallyEnteredAttendees\": \"<boolean>\",\n    \"AttendeeFormID\": \"<string>\",\n    \"Code\": \"<string>\",\n    \"ConnectorID\": \"<string>\",\n    \"DuplicateSearchFields\": [\n      \"<string>\",\n      \"<string>\"\n    ],\n    \"ID\": \"<string>\",\n    \"Name\": \"<string>\",\n    \"URI\": \"<string>\"\n  },\n  \"NextPage\": \"<string>\"\n}"}]},{"name":"Create a new attendee type","id":"55e77607-98a6-4d57-a40d-d74fec189803","protocolProfileBehavior":{"disableBodyPruning":true},"request":{"method":"POST","header":[{"key":"Content-Type","value":"application/json"},{"key":"Accept","value":"application/json"}],"body":{"mode":"raw","raw":"{\n  \"AllowAttendeeCountEditing\": \"<boolean>\",\n  \"AllowManuallyEnteredAttendees\": \"<boolean>\",\n  \"AttendeeFormID\": \"<string>\",\n  \"Code\": \"<string>\",\n  \"ConnectorID\": \"<string>\",\n  \"DuplicateSearchFields\": [\n    \"<string>\",\n    \"<string>\"\n  ],\n  \"Name\": \"<string>\"\n}","options":{"raw":{"headerFamily":"json","language":"json"}}},"url":{"raw":"{{baseUrl}}/expense/attendeetypes","host":["{{baseUrl}}"],"path":["expense","attendeetypes"]},"description":"DEPRECATED: 05/19/2016 UNSUPPORTED: 11/19/2016 Creates a new attendee type."},"response":[{"id":"d89726bc-91bc-4dfa-ad06-f3616a558c2a","name":"Success","originalRequest":{"method":"POST","header":[{"key":"Content-Type","value":"application/json"},{"key":"Accept","value":"application/json"},{"description":"Added as a part of security scheme: oauth2","key":"Authorization","value":"<token>"}],"body":{"mode":"raw","raw":"{\n  \"AllowAttendeeCountEditing\": \"<boolean>\",\n  \"AllowManuallyEnteredAttendees\": \"<boolean>\",\n  \"AttendeeFormID\": \"<string>\",\n  \"Code\": \"<string>\",\n  \"ConnectorID\": \"<string>\",\n  \"DuplicateSearchFields\": [\n    \"<string>\",\n    \"<string>\"\n  ],\n  \"Name\": \"<string>\"\n}","options":{"raw":{"headerFamily":"json","language":"json"}}},"url":{"raw":"{{baseUrl}}/expense/attendeetypes","host":["{{baseUrl}}"],"path":["expense","attendeetypes"]}},"status":"OK","code":200,"_postman_previewlanguage":"json","header":[{"key":"Content-Type","value":"application/json"}],"cookie":[],"responseTime":null,"body":"{\n  \"ID\": \"<string>\",\n  \"URI\": \"<string>\"\n}"},{"id":"faed2665-3ec1-4c3f-987a-654855e5aae7","name":"Bad Request","originalRequest":{"method":"POST","header":[{"key":"Content-Type","value":"application/json"},{"key":"Accept","value":"application/json"},{"description":"Added as a part of security scheme: oauth2","key":"Authorization","value":"<token>"}],"body":{"mode":"raw","raw":"{\n  \"AllowAttendeeCountEditing\": \"<boolean>\",\n  \"AllowManuallyEnteredAttendees\": \"<boolean>\",\n  \"AttendeeFormID\": \"<string>\",\n  \"Code\": \"<string>\",\n  \"ConnectorID\": \"<string>\",\n  \"DuplicateSearchFields\": [\n    \"<string>\",\n    \"<string>\"\n  ],\n  \"Name\": \"<string>\"\n}","options":{"raw":{"headerFamily":"json","language":"json"}}},"url":{"raw":"{{baseUrl}}/expense/attendeetypes","host":["{{baseUrl}}"],"path":["expense","attendeetypes"]}},"status":"Bad Request","code":400,"_postman_previewlanguage":"json","header":[{"key":"Content-Type","value":"application/json"}],"cookie":[],"responseTime":null,"body":"{}"}]}],"id":"523428af-060f-42bc-9b7c-1dfd67753e11"}],"id":"2450f1c5-fb80-441f-ab51-32707e3eae38"}],"auth":{"type":"bearer","bearer":[{"key":"token","value":"{{accessToken}}","type":"string"}]},"event":[{"listen":"prerequest","script":{"id":"8f6fc078-4b3c-426f-a7ad-1660b723b346","type":"text/javascript","exec":[""]}},{"listen":"test","script":{"id":"a85296bf-1e4e-4683-9f3b-53085566de6c","type":"text/javascript","exec":[""]}}],"variable":[{"id":"4c0ce3f8-3031-44ec-8a15-c27a13ac9c7e","key":"baseUrl","value":"https://www.concursolutions.com/api/v3.0"}]}