{"info":{"_postman_id":"f0b351e5-c717-4ede-8758-83f77ceaa994","name":"Launch External URL","description":"Rest API for Launch External URL Service","schema":"https://schema.getpostman.com/json/collection/v2.1.0/collection.json"},"item":[{"name":"launchexternalurl","item":[{"name":"v4","item":[{"name":"leuconfig","item":[{"name":"Launch external url configuration","id":"7e89fbda-03eb-4920-946d-d885a1a560b0","protocolProfileBehavior":{"disableBodyPruning":true},"request":{"auth":{"type":"apikey","apikey":[{"key":"key","value":"Authorization","type":"string"},{"key":"value","value":"{{apiKey}}","type":"string"},{"key":"in","value":"header","type":"string"}]},"method":"POST","header":[{"description":"(Required) The unique identifier of the company in question","key":"company-uid","value":"<string>"},{"description":"(Required) The unique identifier of the consumer making the API calls. Minimum length: 6 characters","key":"concur-correlationid","value":"<string>"},{"description":"The unique identifier of the logged in user (required when using user jwt)","key":"concur-uid","value":"<string>"},{"key":"Content-Type","value":"application/json"},{"key":"Accept","value":"*/*"}],"body":{"mode":"raw","raw":"{\n  \"context_type\": \"<string>\",\n  \"form_field_id\": \"<string>\",\n  \"logged_in_user_id\": \"<string>\",\n  \"report_id\": \"<string>\",\n  \"report_owner_user_id\": \"<string>\",\n  \"source\": \"<string>\",\n  \"allocation_id\": \"<string>\",\n  \"expense_ids\": [\n    \"<string>\",\n    \"<string>\"\n  ],\n  \"is_mobile\": \"<boolean>\",\n  \"logged_in_user_login_id\": \"<string>\",\n  \"rpe_key\": \"<string>\",\n  \"rpt_key\": \"<string>\"\n}","options":{"raw":{"headerFamily":"json","language":"json"}}},"url":{"raw":"{{baseUrl}}/launchexternalurl/v4/leuconfig","host":["{{baseUrl}}"],"path":["launchexternalurl","v4","leuconfig"]},"description":"returns the launch external url configuration for the form field"},"response":[{"id":"bce33956-3b56-4596-96f3-e2ac6006748f","name":"Successfully retrieved launch external url config","originalRequest":{"method":"POST","header":[{"description":"(Required) The unique identifier of the company in question","key":"company-uid","value":"<string>"},{"description":"(Required) The unique identifier of the consumer making the API calls. Minimum length: 6 characters","key":"concur-correlationid","value":"<string>"},{"description":"The unique identifier of the logged in user (required when using user jwt)","key":"concur-uid","value":"<string>"},{"key":"Content-Type","value":"application/json"},{"key":"Accept","value":"*/*"},{"description":"Added as a part of security scheme: apikey","key":"Authorization","value":"<API Key>"}],"body":{"mode":"raw","raw":"{\n  \"context_type\": \"<string>\",\n  \"form_field_id\": \"<string>\",\n  \"logged_in_user_id\": \"<string>\",\n  \"report_id\": \"<string>\",\n  \"report_owner_user_id\": \"<string>\",\n  \"source\": \"<string>\",\n  \"allocation_id\": \"<string>\",\n  \"expense_ids\": [\n    \"<string>\",\n    \"<string>\"\n  ],\n  \"is_mobile\": \"<boolean>\",\n  \"logged_in_user_login_id\": \"<string>\",\n  \"rpe_key\": \"<string>\",\n  \"rpt_key\": \"<string>\"\n}","options":{"raw":{"headerFamily":"json","language":"json"}}},"url":{"raw":"{{baseUrl}}/launchexternalurl/v4/leuconfig","host":["{{baseUrl}}"],"path":["launchexternalurl","v4","leuconfig"]}},"status":"OK","code":200,"_postman_previewlanguage":"text","header":[{"key":"Content-Type","value":"*/*"}],"cookie":[],"responseTime":null,"body":"{\n  \"client_url\": \"<string>\",\n  \"leu_version\": \"<string>\",\n  \"popup_height\": \"<integer>\",\n  \"popup_width\": \"<integer>\"\n}"},{"id":"c14724e3-2c6b-4599-8307-9c0982638eeb","name":"Bad Request - Your request is missing parameters. Please verify and resubmit.","originalRequest":{"method":"POST","header":[{"description":"(Required) The unique identifier of the company in question","key":"company-uid","value":"<string>"},{"description":"(Required) The unique identifier of the consumer making the API calls. Minimum length: 6 characters","key":"concur-correlationid","value":"<string>"},{"description":"The unique identifier of the logged in user (required when using user jwt)","key":"concur-uid","value":"<string>"},{"key":"Content-Type","value":"application/json"},{"key":"Accept","value":"*/*"},{"description":"Added as a part of security scheme: apikey","key":"Authorization","value":"<API Key>"}],"body":{"mode":"raw","raw":"{\n  \"context_type\": \"<string>\",\n  \"form_field_id\": \"<string>\",\n  \"logged_in_user_id\": \"<string>\",\n  \"report_id\": \"<string>\",\n  \"report_owner_user_id\": \"<string>\",\n  \"source\": \"<string>\",\n  \"allocation_id\": \"<string>\",\n  \"expense_ids\": [\n    \"<string>\",\n    \"<string>\"\n  ],\n  \"is_mobile\": \"<boolean>\",\n  \"logged_in_user_login_id\": \"<string>\",\n  \"rpe_key\": \"<string>\",\n  \"rpt_key\": \"<string>\"\n}","options":{"raw":{"headerFamily":"json","language":"json"}}},"url":{"raw":"{{baseUrl}}/launchexternalurl/v4/leuconfig","host":["{{baseUrl}}"],"path":["launchexternalurl","v4","leuconfig"]}},"status":"Bad Request","code":400,"_postman_previewlanguage":"text","header":[{"key":"Content-Type","value":"*/*"}],"cookie":[],"responseTime":null,"body":"{\n  \"errorMessage\": \"<string>\",\n  \"httpStatus\": \"<string>\",\n  \"path\": \"<string>\",\n  \"timestamp\": \"<dateTime>\",\n  \"errorId\": \"<string>\",\n  \"validationErrors\": [\n    {\n      \"message\": \"<string>\",\n      \"source\": \"<string>\"\n    },\n    {\n      \"message\": \"<string>\",\n      \"source\": \"<string>\"\n    }\n  ]\n}"},{"id":"1c20f2db-01bf-4f0f-a7e8-8bde3cff114e","name":"Full authentication is required to access this resource.","originalRequest":{"method":"POST","header":[{"description":"(Required) The unique identifier of the company in question","key":"company-uid","value":"<string>"},{"description":"(Required) The unique identifier of the consumer making the API calls. Minimum length: 6 characters","key":"concur-correlationid","value":"<string>"},{"description":"The unique identifier of the logged in user (required when using user jwt)","key":"concur-uid","value":"<string>"},{"key":"Content-Type","value":"application/json"},{"key":"Accept","value":"*/*"},{"description":"Added as a part of security scheme: apikey","key":"Authorization","value":"<API Key>"}],"body":{"mode":"raw","raw":"{\n  \"context_type\": \"<string>\",\n  \"form_field_id\": \"<string>\",\n  \"logged_in_user_id\": \"<string>\",\n  \"report_id\": \"<string>\",\n  \"report_owner_user_id\": \"<string>\",\n  \"source\": \"<string>\",\n  \"allocation_id\": \"<string>\",\n  \"expense_ids\": [\n    \"<string>\",\n    \"<string>\"\n  ],\n  \"is_mobile\": \"<boolean>\",\n  \"logged_in_user_login_id\": \"<string>\",\n  \"rpe_key\": \"<string>\",\n  \"rpt_key\": \"<string>\"\n}","options":{"raw":{"headerFamily":"json","language":"json"}}},"url":{"raw":"{{baseUrl}}/launchexternalurl/v4/leuconfig","host":["{{baseUrl}}"],"path":["launchexternalurl","v4","leuconfig"]}},"status":"Unauthorized","code":401,"_postman_previewlanguage":"text","header":[{"key":"Content-Type","value":"*/*"}],"cookie":[],"responseTime":null,"body":"{\n  \"errorMessage\": \"<string>\",\n  \"httpStatus\": \"<string>\",\n  \"path\": \"<string>\",\n  \"timestamp\": \"<dateTime>\",\n  \"errorId\": \"<string>\",\n  \"validationErrors\": [\n    {\n      \"message\": \"<string>\",\n      \"source\": \"<string>\"\n    },\n    {\n      \"message\": \"<string>\",\n      \"source\": \"<string>\"\n    }\n  ]\n}"},{"id":"8f5247d3-161b-41c7-9c8d-26705cfabdc9","name":"Unable to find resource requested","originalRequest":{"method":"POST","header":[{"description":"(Required) The unique identifier of the company in question","key":"company-uid","value":"<string>"},{"description":"(Required) The unique identifier of the consumer making the API calls. Minimum length: 6 characters","key":"concur-correlationid","value":"<string>"},{"description":"The unique identifier of the logged in user (required when using user jwt)","key":"concur-uid","value":"<string>"},{"key":"Content-Type","value":"application/json"},{"key":"Accept","value":"*/*"},{"description":"Added as a part of security scheme: apikey","key":"Authorization","value":"<API Key>"}],"body":{"mode":"raw","raw":"{\n  \"context_type\": \"<string>\",\n  \"form_field_id\": \"<string>\",\n  \"logged_in_user_id\": \"<string>\",\n  \"report_id\": \"<string>\",\n  \"report_owner_user_id\": \"<string>\",\n  \"source\": \"<string>\",\n  \"allocation_id\": \"<string>\",\n  \"expense_ids\": [\n    \"<string>\",\n    \"<string>\"\n  ],\n  \"is_mobile\": \"<boolean>\",\n  \"logged_in_user_login_id\": \"<string>\",\n  \"rpe_key\": \"<string>\",\n  \"rpt_key\": \"<string>\"\n}","options":{"raw":{"headerFamily":"json","language":"json"}}},"url":{"raw":"{{baseUrl}}/launchexternalurl/v4/leuconfig","host":["{{baseUrl}}"],"path":["launchexternalurl","v4","leuconfig"]}},"status":"Not Found","code":404,"_postman_previewlanguage":"text","header":[{"key":"Content-Type","value":"*/*"}],"cookie":[],"responseTime":null,"body":"{\n  \"errorMessage\": \"<string>\",\n  \"httpStatus\": \"<string>\",\n  \"path\": \"<string>\",\n  \"timestamp\": \"<dateTime>\",\n  \"errorId\": \"<string>\",\n  \"validationErrors\": [\n    {\n      \"message\": \"<string>\",\n      \"source\": \"<string>\"\n    },\n    {\n      \"message\": \"<string>\",\n      \"source\": \"<string>\"\n    }\n  ]\n}"},{"id":"af59724e-b00b-457a-9846-5f2c11a66b7f","name":"Internal server error, please contact the administrator.","originalRequest":{"method":"POST","header":[{"description":"(Required) The unique identifier of the company in question","key":"company-uid","value":"<string>"},{"description":"(Required) The unique identifier of the consumer making the API calls. Minimum length: 6 characters","key":"concur-correlationid","value":"<string>"},{"description":"The unique identifier of the logged in user (required when using user jwt)","key":"concur-uid","value":"<string>"},{"key":"Content-Type","value":"application/json"},{"key":"Accept","value":"*/*"},{"description":"Added as a part of security scheme: apikey","key":"Authorization","value":"<API Key>"}],"body":{"mode":"raw","raw":"{\n  \"context_type\": \"<string>\",\n  \"form_field_id\": \"<string>\",\n  \"logged_in_user_id\": \"<string>\",\n  \"report_id\": \"<string>\",\n  \"report_owner_user_id\": \"<string>\",\n  \"source\": \"<string>\",\n  \"allocation_id\": \"<string>\",\n  \"expense_ids\": [\n    \"<string>\",\n    \"<string>\"\n  ],\n  \"is_mobile\": \"<boolean>\",\n  \"logged_in_user_login_id\": \"<string>\",\n  \"rpe_key\": \"<string>\",\n  \"rpt_key\": \"<string>\"\n}","options":{"raw":{"headerFamily":"json","language":"json"}}},"url":{"raw":"{{baseUrl}}/launchexternalurl/v4/leuconfig","host":["{{baseUrl}}"],"path":["launchexternalurl","v4","leuconfig"]}},"status":"Internal Server Error","code":500,"_postman_previewlanguage":"text","header":[{"key":"Content-Type","value":"*/*"}],"cookie":[],"responseTime":null,"body":"{\n  \"errorMessage\": \"<string>\",\n  \"httpStatus\": \"<string>\",\n  \"path\": \"<string>\",\n  \"timestamp\": \"<dateTime>\",\n  \"errorId\": \"<string>\",\n  \"validationErrors\": [\n    {\n      \"message\": \"<string>\",\n      \"source\": \"<string>\"\n    },\n    {\n      \"message\": \"<string>\",\n      \"source\": \"<string>\"\n    }\n  ]\n}"},{"id":"8c391090-68b4-4ab1-9e76-f1a094fe9730","name":"The service is unavailable either due to being offline or refusing the connection","originalRequest":{"method":"POST","header":[{"description":"(Required) The unique identifier of the company in question","key":"company-uid","value":"<string>"},{"description":"(Required) The unique identifier of the consumer making the API calls. Minimum length: 6 characters","key":"concur-correlationid","value":"<string>"},{"description":"The unique identifier of the logged in user (required when using user jwt)","key":"concur-uid","value":"<string>"},{"key":"Content-Type","value":"application/json"},{"key":"Accept","value":"*/*"},{"description":"Added as a part of security scheme: apikey","key":"Authorization","value":"<API Key>"}],"body":{"mode":"raw","raw":"{\n  \"context_type\": \"<string>\",\n  \"form_field_id\": \"<string>\",\n  \"logged_in_user_id\": \"<string>\",\n  \"report_id\": \"<string>\",\n  \"report_owner_user_id\": \"<string>\",\n  \"source\": \"<string>\",\n  \"allocation_id\": \"<string>\",\n  \"expense_ids\": [\n    \"<string>\",\n    \"<string>\"\n  ],\n  \"is_mobile\": \"<boolean>\",\n  \"logged_in_user_login_id\": \"<string>\",\n  \"rpe_key\": \"<string>\",\n  \"rpt_key\": \"<string>\"\n}","options":{"raw":{"headerFamily":"json","language":"json"}}},"url":{"raw":"{{baseUrl}}/launchexternalurl/v4/leuconfig","host":["{{baseUrl}}"],"path":["launchexternalurl","v4","leuconfig"]}},"status":"Service Unavailable","code":503,"_postman_previewlanguage":"text","header":[{"key":"Content-Type","value":"*/*"}],"cookie":[],"responseTime":null,"body":"{\n  \"errorMessage\": \"<string>\",\n  \"httpStatus\": \"<string>\",\n  \"path\": \"<string>\",\n  \"timestamp\": \"<dateTime>\",\n  \"errorId\": \"<string>\",\n  \"validationErrors\": [\n    {\n      \"message\": \"<string>\",\n      \"source\": \"<string>\"\n    },\n    {\n      \"message\": \"<string>\",\n      \"source\": \"<string>\"\n    }\n  ]\n}"}]}],"id":"61ca6658-f4e3-4bf2-9d46-a33d47247e58"},{"name":"leuversion","item":[{"name":"{formFieldId}","item":[{"name":"Launch external url version","id":"c89b1ee7-52c5-4248-a42a-cae931b592c3","protocolProfileBehavior":{"disableBodyPruning":true},"request":{"auth":{"type":"apikey","apikey":[{"key":"key","value":"Authorization","type":"string"},{"key":"value","value":"{{apiKey}}","type":"string"},{"key":"in","value":"header","type":"string"}]},"method":"GET","header":[{"description":"(Required) The unique identifier of the company in question","key":"company-uid","value":"<string>"},{"description":"(Required) The unique identifier of the consumer making the API calls. Minimum length: 6 characters","key":"concur-correlationid","value":"<string>"},{"description":"The unique identifier of the logged in user (required when using user jwt)","key":"concur-uid","value":"<string>"},{"key":"Accept","value":"*/*"}],"url":{"raw":"{{baseUrl}}/launchexternalurl/v4/leuversion/:formFieldId","host":["{{baseUrl}}"],"path":["launchexternalurl","v4","leuversion",":formFieldId"],"variable":[{"id":"820b2e74-edec-4d5b-97ce-babdd13ceb5f","key":"formFieldId","value":"<string>"}]},"description":"returns Launch external url version configured for the form field"},"response":[{"id":"7c081a39-df49-40e4-a094-e0338f496239","name":"Successfully retrieved launch external url version","originalRequest":{"method":"GET","header":[{"description":"(Required) The unique identifier of the company in question","key":"company-uid","value":"<string>"},{"description":"(Required) The unique identifier of the consumer making the API calls. Minimum length: 6 characters","key":"concur-correlationid","value":"<string>"},{"description":"The unique identifier of the logged in user (required when using user jwt)","key":"concur-uid","value":"<string>"},{"key":"Accept","value":"*/*"},{"description":"Added as a part of security scheme: apikey","key":"Authorization","value":"<API Key>"}],"url":{"raw":"{{baseUrl}}/launchexternalurl/v4/leuversion/:formFieldId","host":["{{baseUrl}}"],"path":["launchexternalurl","v4","leuversion",":formFieldId"],"variable":[{"key":"formFieldId"}]}},"status":"OK","code":200,"_postman_previewlanguage":"text","header":[{"key":"Content-Type","value":"*/*"}],"cookie":[],"responseTime":null,"body":"{\n  \"leu_version\": \"<string>\"\n}"},{"id":"9724dcde-77bb-4a85-9f5a-f06869667913","name":"Bad Request - Your request is missing parameters. Please verify and resubmit.","originalRequest":{"method":"GET","header":[{"description":"(Required) The unique identifier of the company in question","key":"company-uid","value":"<string>"},{"description":"(Required) The unique identifier of the consumer making the API calls. Minimum length: 6 characters","key":"concur-correlationid","value":"<string>"},{"description":"The unique identifier of the logged in user (required when using user jwt)","key":"concur-uid","value":"<string>"},{"key":"Accept","value":"*/*"},{"description":"Added as a part of security scheme: apikey","key":"Authorization","value":"<API Key>"}],"url":{"raw":"{{baseUrl}}/launchexternalurl/v4/leuversion/:formFieldId","host":["{{baseUrl}}"],"path":["launchexternalurl","v4","leuversion",":formFieldId"],"variable":[{"key":"formFieldId"}]}},"status":"Bad Request","code":400,"_postman_previewlanguage":"text","header":[{"key":"Content-Type","value":"*/*"}],"cookie":[],"responseTime":null,"body":"{\n  \"errorMessage\": \"<string>\",\n  \"httpStatus\": \"<string>\",\n  \"path\": \"<string>\",\n  \"timestamp\": \"<dateTime>\",\n  \"errorId\": \"<string>\",\n  \"validationErrors\": [\n    {\n      \"message\": \"<string>\",\n      \"source\": \"<string>\"\n    },\n    {\n      \"message\": \"<string>\",\n      \"source\": \"<string>\"\n    }\n  ]\n}"},{"id":"f689e03e-b7d1-4eb0-8874-8930d035ceee","name":"Full authentication is required to access this resource.","originalRequest":{"method":"GET","header":[{"description":"(Required) The unique identifier of the company in question","key":"company-uid","value":"<string>"},{"description":"(Required) The unique identifier of the consumer making the API calls. Minimum length: 6 characters","key":"concur-correlationid","value":"<string>"},{"description":"The unique identifier of the logged in user (required when using user jwt)","key":"concur-uid","value":"<string>"},{"key":"Accept","value":"*/*"},{"description":"Added as a part of security scheme: apikey","key":"Authorization","value":"<API Key>"}],"url":{"raw":"{{baseUrl}}/launchexternalurl/v4/leuversion/:formFieldId","host":["{{baseUrl}}"],"path":["launchexternalurl","v4","leuversion",":formFieldId"],"variable":[{"key":"formFieldId"}]}},"status":"Unauthorized","code":401,"_postman_previewlanguage":"text","header":[{"key":"Content-Type","value":"*/*"}],"cookie":[],"responseTime":null,"body":"{\n  \"errorMessage\": \"<string>\",\n  \"httpStatus\": \"<string>\",\n  \"path\": \"<string>\",\n  \"timestamp\": \"<dateTime>\",\n  \"errorId\": \"<string>\",\n  \"validationErrors\": [\n    {\n      \"message\": \"<string>\",\n      \"source\": \"<string>\"\n    },\n    {\n      \"message\": \"<string>\",\n      \"source\": \"<string>\"\n    }\n  ]\n}"},{"id":"eb432ef4-b510-4b58-9214-a707d3e7756a","name":"Unable to find resource requested","originalRequest":{"method":"GET","header":[{"description":"(Required) The unique identifier of the company in question","key":"company-uid","value":"<string>"},{"description":"(Required) The unique identifier of the consumer making the API calls. Minimum length: 6 characters","key":"concur-correlationid","value":"<string>"},{"description":"The unique identifier of the logged in user (required when using user jwt)","key":"concur-uid","value":"<string>"},{"key":"Accept","value":"*/*"},{"description":"Added as a part of security scheme: apikey","key":"Authorization","value":"<API Key>"}],"url":{"raw":"{{baseUrl}}/launchexternalurl/v4/leuversion/:formFieldId","host":["{{baseUrl}}"],"path":["launchexternalurl","v4","leuversion",":formFieldId"],"variable":[{"key":"formFieldId"}]}},"status":"Not Found","code":404,"_postman_previewlanguage":"text","header":[{"key":"Content-Type","value":"*/*"}],"cookie":[],"responseTime":null,"body":"{\n  \"errorMessage\": \"<string>\",\n  \"httpStatus\": \"<string>\",\n  \"path\": \"<string>\",\n  \"timestamp\": \"<dateTime>\",\n  \"errorId\": \"<string>\",\n  \"validationErrors\": [\n    {\n      \"message\": \"<string>\",\n      \"source\": \"<string>\"\n    },\n    {\n      \"message\": \"<string>\",\n      \"source\": \"<string>\"\n    }\n  ]\n}"},{"id":"02774325-c589-4695-ac2d-b15d018730a2","name":"Internal server error, please contact the administrator.","originalRequest":{"method":"GET","header":[{"description":"(Required) The unique identifier of the company in question","key":"company-uid","value":"<string>"},{"description":"(Required) The unique identifier of the consumer making the API calls. Minimum length: 6 characters","key":"concur-correlationid","value":"<string>"},{"description":"The unique identifier of the logged in user (required when using user jwt)","key":"concur-uid","value":"<string>"},{"key":"Accept","value":"*/*"},{"description":"Added as a part of security scheme: apikey","key":"Authorization","value":"<API Key>"}],"url":{"raw":"{{baseUrl}}/launchexternalurl/v4/leuversion/:formFieldId","host":["{{baseUrl}}"],"path":["launchexternalurl","v4","leuversion",":formFieldId"],"variable":[{"key":"formFieldId"}]}},"status":"Internal Server Error","code":500,"_postman_previewlanguage":"text","header":[{"key":"Content-Type","value":"*/*"}],"cookie":[],"responseTime":null,"body":"{\n  \"errorMessage\": \"<string>\",\n  \"httpStatus\": \"<string>\",\n  \"path\": \"<string>\",\n  \"timestamp\": \"<dateTime>\",\n  \"errorId\": \"<string>\",\n  \"validationErrors\": [\n    {\n      \"message\": \"<string>\",\n      \"source\": \"<string>\"\n    },\n    {\n      \"message\": \"<string>\",\n      \"source\": \"<string>\"\n    }\n  ]\n}"},{"id":"4bcf05ac-bc53-4801-8966-ea9226c4ff1d","name":"The service is unavailable either due to being offline or refusing the connection","originalRequest":{"method":"GET","header":[{"description":"(Required) The unique identifier of the company in question","key":"company-uid","value":"<string>"},{"description":"(Required) The unique identifier of the consumer making the API calls. Minimum length: 6 characters","key":"concur-correlationid","value":"<string>"},{"description":"The unique identifier of the logged in user (required when using user jwt)","key":"concur-uid","value":"<string>"},{"key":"Accept","value":"*/*"},{"description":"Added as a part of security scheme: apikey","key":"Authorization","value":"<API Key>"}],"url":{"raw":"{{baseUrl}}/launchexternalurl/v4/leuversion/:formFieldId","host":["{{baseUrl}}"],"path":["launchexternalurl","v4","leuversion",":formFieldId"],"variable":[{"key":"formFieldId"}]}},"status":"Service Unavailable","code":503,"_postman_previewlanguage":"text","header":[{"key":"Content-Type","value":"*/*"}],"cookie":[],"responseTime":null,"body":"{\n  \"errorMessage\": \"<string>\",\n  \"httpStatus\": \"<string>\",\n  \"path\": \"<string>\",\n  \"timestamp\": \"<dateTime>\",\n  \"errorId\": \"<string>\",\n  \"validationErrors\": [\n    {\n      \"message\": \"<string>\",\n      \"source\": \"<string>\"\n    },\n    {\n      \"message\": \"<string>\",\n      \"source\": \"<string>\"\n    }\n  ]\n}"}]}],"id":"769bc95a-7a88-4f8a-9f27-4149ffdabdde"}],"id":"ac9d353e-e000-4575-8eb1-d7a49d56fdc9"}],"id":"5cc7f4c9-6e3e-45d2-bc0a-f3be1025ae32"}],"id":"166b2073-163c-4073-80ed-494c9b3e42b8"},{"name":"mgmt","item":[{"name":"version","item":[{"name":"Get current server time and git commit sha of deployed LEU","id":"5ed1dbce-3f18-4cf9-a3ec-b0fcfef9c998","protocolProfileBehavior":{"disableBodyPruning":true},"request":{"auth":{"type":"apikey","apikey":[{"key":"key","value":"Authorization","type":"string"},{"key":"value","value":"{{apiKey}}","type":"string"},{"key":"in","value":"header","type":"string"}]},"method":"GET","header":[{"description":"(Required) The unique identifier of the company in question","key":"company-uid","value":"<string>"},{"description":"(Required) The unique identifier of the consumer making the API calls. Minimum length: 6 characters","key":"concur-correlationid","value":"<string>"},{"description":"The unique identifier of the logged in user (required when using user jwt)","key":"concur-uid","value":"<string>"},{"key":"Accept","value":"*/*"}],"url":{"raw":"{{baseUrl}}/mgmt/version","host":["{{baseUrl}}"],"path":["mgmt","version"]},"description":"/api based path requires authentication"},"response":[{"id":"36476ced-2a69-444f-acda-705c7c7ac5b4","name":"OK","originalRequest":{"method":"GET","header":[{"description":"(Required) The unique identifier of the company in question","key":"company-uid","value":"<string>"},{"description":"(Required) The unique identifier of the consumer making the API calls. Minimum length: 6 characters","key":"concur-correlationid","value":"<string>"},{"description":"The unique identifier of the logged in user (required when using user jwt)","key":"concur-uid","value":"<string>"},{"key":"Accept","value":"*/*"},{"description":"Added as a part of security scheme: apikey","key":"Authorization","value":"<API Key>"}],"url":{"raw":"{{baseUrl}}/mgmt/version","host":["{{baseUrl}}"],"path":["mgmt","version"]}},"status":"OK","code":200,"_postman_previewlanguage":"text","header":[{"key":"Content-Type","value":"*/*"}],"cookie":[],"responseTime":null,"body":"<string>"},{"id":"88dbf593-59f2-4199-ade3-a772e7e74a47","name":"Bad Request - Your request is missing parameters. Please verify and resubmit.","originalRequest":{"method":"GET","header":[{"description":"(Required) The unique identifier of the company in question","key":"company-uid","value":"<string>"},{"description":"(Required) The unique identifier of the consumer making the API calls. Minimum length: 6 characters","key":"concur-correlationid","value":"<string>"},{"description":"The unique identifier of the logged in user (required when using user jwt)","key":"concur-uid","value":"<string>"},{"key":"Accept","value":"*/*"},{"description":"Added as a part of security scheme: apikey","key":"Authorization","value":"<API Key>"}],"url":{"raw":"{{baseUrl}}/mgmt/version","host":["{{baseUrl}}"],"path":["mgmt","version"]}},"status":"Bad Request","code":400,"_postman_previewlanguage":"text","header":[{"key":"Content-Type","value":"*/*"}],"cookie":[],"responseTime":null,"body":"{\n  \"errorMessage\": \"<string>\",\n  \"httpStatus\": \"<string>\",\n  \"path\": \"<string>\",\n  \"timestamp\": \"<dateTime>\",\n  \"errorId\": \"<string>\",\n  \"validationErrors\": [\n    {\n      \"message\": \"<string>\",\n      \"source\": \"<string>\"\n    },\n    {\n      \"message\": \"<string>\",\n      \"source\": \"<string>\"\n    }\n  ]\n}"},{"id":"52504a0e-5844-42ec-bcc3-227ae0b29ae8","name":"Full authentication is required to access this resource.","originalRequest":{"method":"GET","header":[{"description":"(Required) The unique identifier of the company in question","key":"company-uid","value":"<string>"},{"description":"(Required) The unique identifier of the consumer making the API calls. Minimum length: 6 characters","key":"concur-correlationid","value":"<string>"},{"description":"The unique identifier of the logged in user (required when using user jwt)","key":"concur-uid","value":"<string>"},{"key":"Accept","value":"*/*"},{"description":"Added as a part of security scheme: apikey","key":"Authorization","value":"<API Key>"}],"url":{"raw":"{{baseUrl}}/mgmt/version","host":["{{baseUrl}}"],"path":["mgmt","version"]}},"status":"Unauthorized","code":401,"_postman_previewlanguage":"text","header":[{"key":"Content-Type","value":"*/*"}],"cookie":[],"responseTime":null,"body":"{\n  \"errorMessage\": \"<string>\",\n  \"httpStatus\": \"<string>\",\n  \"path\": \"<string>\",\n  \"timestamp\": \"<dateTime>\",\n  \"errorId\": \"<string>\",\n  \"validationErrors\": [\n    {\n      \"message\": \"<string>\",\n      \"source\": \"<string>\"\n    },\n    {\n      \"message\": \"<string>\",\n      \"source\": \"<string>\"\n    }\n  ]\n}"},{"id":"a39f9b3e-a3cf-4315-84e6-598da1526b64","name":"Unable to find resource requested.","originalRequest":{"method":"GET","header":[{"description":"(Required) The unique identifier of the company in question","key":"company-uid","value":"<string>"},{"description":"(Required) The unique identifier of the consumer making the API calls. Minimum length: 6 characters","key":"concur-correlationid","value":"<string>"},{"description":"The unique identifier of the logged in user (required when using user jwt)","key":"concur-uid","value":"<string>"},{"key":"Accept","value":"*/*"},{"description":"Added as a part of security scheme: apikey","key":"Authorization","value":"<API Key>"}],"url":{"raw":"{{baseUrl}}/mgmt/version","host":["{{baseUrl}}"],"path":["mgmt","version"]}},"status":"Not Found","code":404,"_postman_previewlanguage":"text","header":[{"key":"Content-Type","value":"*/*"}],"cookie":[],"responseTime":null,"body":"{\n  \"errorMessage\": \"<string>\",\n  \"httpStatus\": \"<string>\",\n  \"path\": \"<string>\",\n  \"timestamp\": \"<dateTime>\",\n  \"errorId\": \"<string>\",\n  \"validationErrors\": [\n    {\n      \"message\": \"<string>\",\n      \"source\": \"<string>\"\n    },\n    {\n      \"message\": \"<string>\",\n      \"source\": \"<string>\"\n    }\n  ]\n}"},{"id":"3cd4e0de-7505-4d14-b7a0-53510bf28bac","name":"Internal server error, please contact the administrator.","originalRequest":{"method":"GET","header":[{"description":"(Required) The unique identifier of the company in question","key":"company-uid","value":"<string>"},{"description":"(Required) The unique identifier of the consumer making the API calls. Minimum length: 6 characters","key":"concur-correlationid","value":"<string>"},{"description":"The unique identifier of the logged in user (required when using user jwt)","key":"concur-uid","value":"<string>"},{"key":"Accept","value":"*/*"},{"description":"Added as a part of security scheme: apikey","key":"Authorization","value":"<API Key>"}],"url":{"raw":"{{baseUrl}}/mgmt/version","host":["{{baseUrl}}"],"path":["mgmt","version"]}},"status":"Internal Server Error","code":500,"_postman_previewlanguage":"text","header":[{"key":"Content-Type","value":"*/*"}],"cookie":[],"responseTime":null,"body":"{\n  \"errorMessage\": \"<string>\",\n  \"httpStatus\": \"<string>\",\n  \"path\": \"<string>\",\n  \"timestamp\": \"<dateTime>\",\n  \"errorId\": \"<string>\",\n  \"validationErrors\": [\n    {\n      \"message\": \"<string>\",\n      \"source\": \"<string>\"\n    },\n    {\n      \"message\": \"<string>\",\n      \"source\": \"<string>\"\n    }\n  ]\n}"},{"id":"16844f43-5799-44af-9ed2-272059dfb132","name":"Service Unavailable.","originalRequest":{"method":"GET","header":[{"description":"(Required) The unique identifier of the company in question","key":"company-uid","value":"<string>"},{"description":"(Required) The unique identifier of the consumer making the API calls. Minimum length: 6 characters","key":"concur-correlationid","value":"<string>"},{"description":"The unique identifier of the logged in user (required when using user jwt)","key":"concur-uid","value":"<string>"},{"key":"Accept","value":"*/*"},{"description":"Added as a part of security scheme: apikey","key":"Authorization","value":"<API Key>"}],"url":{"raw":"{{baseUrl}}/mgmt/version","host":["{{baseUrl}}"],"path":["mgmt","version"]}},"status":"Service Unavailable","code":503,"_postman_previewlanguage":"text","header":[{"key":"Content-Type","value":"*/*"}],"cookie":[],"responseTime":null,"body":"{\n  \"errorMessage\": \"<string>\",\n  \"httpStatus\": \"<string>\",\n  \"path\": \"<string>\",\n  \"timestamp\": \"<dateTime>\",\n  \"errorId\": \"<string>\",\n  \"validationErrors\": [\n    {\n      \"message\": \"<string>\",\n      \"source\": \"<string>\"\n    },\n    {\n      \"message\": \"<string>\",\n      \"source\": \"<string>\"\n    }\n  ]\n}"}]}],"id":"f85c3562-f0b5-4e13-8dd6-b3dc06f185fd"}],"id":"ad891154-d8bf-40ae-9ced-4a269e7557e9"}],"variable":[{"id":"6275eae1-8552-4a13-ba09-719c60e8c9ad","key":"baseUrl","value":"//launchexternalurl-prod.seapr1.uscom.cnqr.delivery"}]}