{"info":{"_postman_id":"f3b39848-b23f-4691-a14c-e0b899f5d606","name":"Entry Attendee Associations","description":"Manage the relationship between the attendees and the expense report and entry, for the specified expense entry. This resource does not include the full attendee information, which can be accessed using the Attendees resource. This API provides methods to view, create, update, and delete entry attendee associations.","schema":"https://schema.getpostman.com/json/collection/v2.1.0/collection.json"},"item":[{"name":"expense","item":[{"name":"entryattendeeassociations","item":[{"name":"{id}","item":[{"name":"Get a single entry-attendee association","id":"32f69beb-1336-439e-979e-27e65c50ccfd","protocolProfileBehavior":{"disableBodyPruning":true},"request":{"method":"GET","header":[{"key":"Accept","value":"application/json"}],"url":{"raw":"{{baseUrl}}/expense/entryattendeeassociations/:id?user=<string>","host":["{{baseUrl}}"],"path":["expense","entryattendeeassociations",":id"],"query":[{"description":"The login ID of the user who owns this entry-attendee association. The user must have the Web Services Admin role to use this parameter.","key":"user","value":"<string>"}],"variable":[{"id":"4be70b15-4969-4846-8195-274fa1032c3c","key":"id","value":"<string>"}]},"description":"Gets the specified entry-attendee association."},"response":[{"id":"9a0682d0-01ee-4d1f-883a-bd3a44e387fc","name":"Success","originalRequest":{"method":"GET","header":[{"key":"Accept","value":"application/json"},{"description":"Added as a part of security scheme: oauth2","key":"Authorization","value":"<token>"}],"url":{"raw":"{{baseUrl}}/expense/entryattendeeassociations/:id?user=<string>","host":["{{baseUrl}}"],"path":["expense","entryattendeeassociations",":id"],"query":[{"description":"The login ID of the user who owns this entry-attendee association. The user must have the Web Services Admin role to use this parameter.","key":"user","value":"<string>"}],"variable":[{"key":"id"}]}},"status":"OK","code":200,"_postman_previewlanguage":"json","header":[{"key":"Content-Type","value":"application/json"}],"cookie":[],"responseTime":null,"body":"{\n  \"Amount\": \"<double>\",\n  \"AssociatedAttendeeCount\": \"<integer>\",\n  \"AttendeeID\": \"<string>\",\n  \"Custom1\": \"<string>\",\n  \"Custom2\": \"<string>\",\n  \"Custom3\": \"<string>\",\n  \"Custom4\": \"<string>\",\n  \"Custom5\": \"<string>\",\n  \"EntryID\": \"<string>\",\n  \"ID\": \"<string>\",\n  \"URI\": \"<string>\"\n}"}]},{"name":"Update an entry-attendee association","id":"66e0cfb6-62dd-4481-8572-4099eb20ac04","protocolProfileBehavior":{"disableBodyPruning":true},"request":{"method":"PUT","header":[{"key":"Content-Type","value":"application/json"},{"key":"Accept","value":"application/json"}],"body":{"mode":"raw","raw":"{\n  \"Amount\": \"<double>\",\n  \"AssociatedAttendeeCount\": \"<integer>\",\n  \"Custom1\": \"<string>\",\n  \"Custom2\": \"<string>\",\n  \"Custom3\": \"<string>\",\n  \"Custom4\": \"<string>\",\n  \"Custom5\": \"<string>\"\n}","options":{"raw":{"headerFamily":"json","language":"json"}}},"url":{"raw":"{{baseUrl}}/expense/entryattendeeassociations/:id?user=<string>","host":["{{baseUrl}}"],"path":["expense","entryattendeeassociations",":id"],"query":[{"description":"The login ID of the user who owns this entry-attendee association. The user must have the Web Services Admin role to use this parameter.","key":"user","value":"<string>"}],"variable":[{"id":"8e27a3ad-b436-48fc-8cdb-9273e94456ee","key":"id","value":"<string>"}]},"description":"Updates the specified entry-attendee association. Only the fields provided in the supplied object will be updated. Missing fields will not be altered."},"response":[{"id":"ee3dec06-ed4d-409b-a730-26e78eba1202","name":"Success","originalRequest":{"method":"PUT","header":[{"key":"Content-Type","value":"application/json"},{"key":"Accept","value":"application/json"},{"description":"Added as a part of security scheme: oauth2","key":"Authorization","value":"<token>"}],"body":{"mode":"raw","raw":"{\n  \"Amount\": \"<double>\",\n  \"AssociatedAttendeeCount\": \"<integer>\",\n  \"Custom1\": \"<string>\",\n  \"Custom2\": \"<string>\",\n  \"Custom3\": \"<string>\",\n  \"Custom4\": \"<string>\",\n  \"Custom5\": \"<string>\"\n}","options":{"raw":{"headerFamily":"json","language":"json"}}},"url":{"raw":"{{baseUrl}}/expense/entryattendeeassociations/:id?user=<string>","host":["{{baseUrl}}"],"path":["expense","entryattendeeassociations",":id"],"query":[{"description":"The login ID of the user who owns this entry-attendee association. The user must have the Web Services Admin role to use this parameter.","key":"user","value":"<string>"}],"variable":[{"key":"id"}]}},"status":"OK","code":200,"_postman_previewlanguage":"json","header":[{"key":"Content-Type","value":"application/json"}],"cookie":[],"responseTime":null,"body":"{}"},{"id":"c0b02e7a-5b0e-462b-967f-4b9b5f8d7a53","name":"Bad Request","originalRequest":{"method":"PUT","header":[{"key":"Content-Type","value":"application/json"},{"key":"Accept","value":"application/json"},{"description":"Added as a part of security scheme: oauth2","key":"Authorization","value":"<token>"}],"body":{"mode":"raw","raw":"{\n  \"Amount\": \"<double>\",\n  \"AssociatedAttendeeCount\": \"<integer>\",\n  \"Custom1\": \"<string>\",\n  \"Custom2\": \"<string>\",\n  \"Custom3\": \"<string>\",\n  \"Custom4\": \"<string>\",\n  \"Custom5\": \"<string>\"\n}","options":{"raw":{"headerFamily":"json","language":"json"}}},"url":{"raw":"{{baseUrl}}/expense/entryattendeeassociations/:id?user=<string>","host":["{{baseUrl}}"],"path":["expense","entryattendeeassociations",":id"],"query":[{"description":"The login ID of the user who owns this entry-attendee association. The user must have the Web Services Admin role to use this parameter.","key":"user","value":"<string>"}],"variable":[{"key":"id"}]}},"status":"Bad Request","code":400,"_postman_previewlanguage":"json","header":[{"key":"Content-Type","value":"application/json"}],"cookie":[],"responseTime":null,"body":"{}"}]},{"name":"Delete an entry-attendee association","id":"f203b86b-4109-483c-97bc-71fb7a14b9d3","protocolProfileBehavior":{"disableBodyPruning":true},"request":{"method":"DELETE","header":[{"key":"Accept","value":"application/json"}],"url":{"raw":"{{baseUrl}}/expense/entryattendeeassociations/:id?user=<string>","host":["{{baseUrl}}"],"path":["expense","entryattendeeassociations",":id"],"query":[{"description":"The login ID of the user who owns this entry-attendee association. The user must have the Web Services Admin role to use this parameter.","key":"user","value":"<string>"}],"variable":[{"id":"f466b62a-639e-40af-8b06-ad0213201436","key":"id","value":"<string>"}]},"description":"Deletes the specified entry-attendee association."},"response":[{"id":"a17d61fd-7983-46e7-9a69-d726dbf217e2","name":"Success","originalRequest":{"method":"DELETE","header":[{"key":"Accept","value":"application/json"},{"description":"Added as a part of security scheme: oauth2","key":"Authorization","value":"<token>"}],"url":{"raw":"{{baseUrl}}/expense/entryattendeeassociations/:id?user=<string>","host":["{{baseUrl}}"],"path":["expense","entryattendeeassociations",":id"],"query":[{"description":"The login ID of the user who owns this entry-attendee association. The user must have the Web Services Admin role to use this parameter.","key":"user","value":"<string>"}],"variable":[{"key":"id"}]}},"status":"OK","code":200,"_postman_previewlanguage":"json","header":[{"key":"Content-Type","value":"application/json"}],"cookie":[],"responseTime":null,"body":"{}"},{"id":"7adb33cc-92e7-430f-a19e-841027a90a57","name":"Bad Request","originalRequest":{"method":"DELETE","header":[{"key":"Accept","value":"application/json"},{"description":"Added as a part of security scheme: oauth2","key":"Authorization","value":"<token>"}],"url":{"raw":"{{baseUrl}}/expense/entryattendeeassociations/:id?user=<string>","host":["{{baseUrl}}"],"path":["expense","entryattendeeassociations",":id"],"query":[{"description":"The login ID of the user who owns this entry-attendee association. The user must have the Web Services Admin role to use this parameter.","key":"user","value":"<string>"}],"variable":[{"key":"id"}]}},"status":"Bad Request","code":400,"_postman_previewlanguage":"json","header":[{"key":"Content-Type","value":"application/json"}],"cookie":[],"responseTime":null,"body":"{}"}]}],"id":"5d6ae08a-cb15-45ef-8d6a-0cf1c7ade20d"},{"name":"Get all entry-attendee associations","id":"c4d7ced6-6b0c-4eb6-962a-72c365174bf2","protocolProfileBehavior":{"disableBodyPruning":true},"request":{"method":"GET","header":[{"key":"Accept","value":"application/json"}],"url":{"raw":"{{baseUrl}}/expense/entryattendeeassociations","host":["{{baseUrl}}"],"path":["expense","entryattendeeassociations"],"query":[{"key":"entryID","value":"<string>","description":"The ID of the entry for which to retrieve entry-attendee associations.","disabled":true},{"key":"offset","value":"<string>","description":"The starting point of the next set of results, after the limit specified in the limit field has been reached.","disabled":true},{"key":"limit","value":"<integer>","description":"The number of records to return. Default value: 25","disabled":true},{"key":"user","value":"<string>","description":"The login ID of the user who owns this entry-attendee association. The user must have the Web Services Admin role to use this parameter.","disabled":true}]},"description":"Gets all entry-attendee associations owned by the user. These are the associations between an expense entry and an attendee."},"response":[{"id":"7a2e840f-df07-4e51-8640-3e83ef6dcd85","name":"Success","originalRequest":{"method":"GET","header":[{"key":"Accept","value":"application/json"},{"description":"Added as a part of security scheme: oauth2","key":"Authorization","value":"<token>"}],"url":{"raw":"{{baseUrl}}/expense/entryattendeeassociations?entryID=<string>&offset=<string>&limit=<integer>&user=<string>","host":["{{baseUrl}}"],"path":["expense","entryattendeeassociations"],"query":[{"description":"The ID of the entry for which to retrieve entry-attendee associations.","key":"entryID","value":"<string>"},{"description":"The starting point of the next set of results, after the limit specified in the limit field has been reached.","key":"offset","value":"<string>"},{"description":"The number of records to return. Default value: 25","key":"limit","value":"<integer>"},{"description":"The login ID of the user who owns this entry-attendee association. The user must have the Web Services Admin role to use this parameter.","key":"user","value":"<string>"}]}},"status":"OK","code":200,"_postman_previewlanguage":"json","header":[{"key":"Content-Type","value":"application/json"}],"cookie":[],"responseTime":null,"body":"{\n  \"Items\": {\n    \"Amount\": \"<double>\",\n    \"AssociatedAttendeeCount\": \"<integer>\",\n    \"AttendeeID\": \"<string>\",\n    \"Custom1\": \"<string>\",\n    \"Custom2\": \"<string>\",\n    \"Custom3\": \"<string>\",\n    \"Custom4\": \"<string>\",\n    \"Custom5\": \"<string>\",\n    \"EntryID\": \"<string>\",\n    \"ID\": \"<string>\",\n    \"URI\": \"<string>\"\n  },\n  \"NextPage\": \"<string>\"\n}"}]},{"name":"Create entry-attendee association","id":"d14da3bb-f348-4e28-8112-33e35690c760","protocolProfileBehavior":{"disableBodyPruning":true},"request":{"method":"POST","header":[{"key":"Content-Type","value":"application/json"},{"key":"Accept","value":"application/json"}],"body":{"mode":"raw","raw":"{\n  \"Amount\": \"<double>\",\n  \"AssociatedAttendeeCount\": \"<integer>\",\n  \"AttendeeID\": \"<string>\",\n  \"Custom1\": \"<string>\",\n  \"Custom2\": \"<string>\",\n  \"Custom3\": \"<string>\",\n  \"Custom4\": \"<string>\",\n  \"Custom5\": \"<string>\",\n  \"EntryID\": \"<string>\"\n}","options":{"raw":{"headerFamily":"json","language":"json"}}},"url":{"raw":"{{baseUrl}}/expense/entryattendeeassociations?user=<string>","host":["{{baseUrl}}"],"path":["expense","entryattendeeassociations"],"query":[{"description":"The login ID of the user who owns this entry-attendee association. The user must have the Web Services Admin role to use this parameter.","key":"user","value":"<string>"}]},"description":"Creates a new association between an expense entry and an attendee."},"response":[{"id":"05cd1454-02eb-4ba8-a978-137af8726b5e","name":"Success","originalRequest":{"method":"POST","header":[{"key":"Content-Type","value":"application/json"},{"key":"Accept","value":"application/json"},{"description":"Added as a part of security scheme: oauth2","key":"Authorization","value":"<token>"}],"body":{"mode":"raw","raw":"{\n  \"Amount\": \"<double>\",\n  \"AssociatedAttendeeCount\": \"<integer>\",\n  \"AttendeeID\": \"<string>\",\n  \"Custom1\": \"<string>\",\n  \"Custom2\": \"<string>\",\n  \"Custom3\": \"<string>\",\n  \"Custom4\": \"<string>\",\n  \"Custom5\": \"<string>\",\n  \"EntryID\": \"<string>\"\n}","options":{"raw":{"headerFamily":"json","language":"json"}}},"url":{"raw":"{{baseUrl}}/expense/entryattendeeassociations?user=<string>","host":["{{baseUrl}}"],"path":["expense","entryattendeeassociations"],"query":[{"description":"The login ID of the user who owns this entry-attendee association. The user must have the Web Services Admin role to use this parameter.","key":"user","value":"<string>"}]}},"status":"OK","code":200,"_postman_previewlanguage":"json","header":[{"key":"Content-Type","value":"application/json"}],"cookie":[],"responseTime":null,"body":"{\n  \"ID\": \"<string>\",\n  \"URI\": \"<string>\"\n}"},{"id":"0f257f94-b319-4897-b0b3-f1a00c5ba73b","name":"Bad Request","originalRequest":{"method":"POST","header":[{"key":"Content-Type","value":"application/json"},{"key":"Accept","value":"application/json"},{"description":"Added as a part of security scheme: oauth2","key":"Authorization","value":"<token>"}],"body":{"mode":"raw","raw":"{\n  \"Amount\": \"<double>\",\n  \"AssociatedAttendeeCount\": \"<integer>\",\n  \"AttendeeID\": \"<string>\",\n  \"Custom1\": \"<string>\",\n  \"Custom2\": \"<string>\",\n  \"Custom3\": \"<string>\",\n  \"Custom4\": \"<string>\",\n  \"Custom5\": \"<string>\",\n  \"EntryID\": \"<string>\"\n}","options":{"raw":{"headerFamily":"json","language":"json"}}},"url":{"raw":"{{baseUrl}}/expense/entryattendeeassociations?user=<string>","host":["{{baseUrl}}"],"path":["expense","entryattendeeassociations"],"query":[{"description":"The login ID of the user who owns this entry-attendee association. The user must have the Web Services Admin role to use this parameter.","key":"user","value":"<string>"}]}},"status":"Bad Request","code":400,"_postman_previewlanguage":"json","header":[{"key":"Content-Type","value":"application/json"}],"cookie":[],"responseTime":null,"body":"{}"}]}],"id":"f27a5fa2-c7ab-41f1-b70a-0fae4b15b98b"}],"id":"864bc046-7c88-404c-a7a0-6c131412a263"}],"auth":{"type":"bearer","bearer":[{"key":"token","value":"{{accessToken}}","type":"string"}]},"event":[{"listen":"prerequest","script":{"id":"800f71a5-5183-48db-ba2f-d73692591654","type":"text/javascript","exec":[""]}},{"listen":"test","script":{"id":"be018d04-027a-4906-a619-8fa84204036f","type":"text/javascript","exec":[""]}}],"variable":[{"id":"0c2faf00-680e-481f-976a-ff2a2c4a00c9","key":"baseUrl","value":"https://www.concursolutions.com/api/v3.0"}]}