{"info":{"_postman_id":"f817f167-8e22-4f86-8b47-368c96829237","name":"VendorBank","description":"An invoice is a bill of sale for goods or services provided by a vendor. This API provides methods to create or update banking information for the specified invoice vendor.","schema":"https://schema.getpostman.com/json/collection/v2.1.0/collection.json"},"item":[{"name":"invoice","item":[{"name":"vendor","item":[{"name":"banks","item":[{"name":"Updates/creates vendor banking information.","id":"996d5583-8dcf-45a5-a474-24e230348329","protocolProfileBehavior":{"disableBodyPruning":true},"request":{"method":"PUT","header":[{"key":"Content-Type","value":"application/json"},{"key":"Accept","value":"application/json"}],"body":{"mode":"raw","raw":"{\n  \"VendorBank\": {\n    \"AccountNumber\": \"<string>\",\n    \"AccountType\": \"<string>\",\n    \"AddressCode\": \"<string>\",\n    \"BankCode\": \"<string>\",\n    \"BankName\": \"<string>\",\n    \"BranchCode\": \"<string>\",\n    \"BranchLocation\": \"<string>\",\n    \"CountryCode\": \"<string>\",\n    \"CurrencyAlphaCode\": \"<string>\",\n    \"ID\": \"<string>\",\n    \"IsActive\": \"<string>\",\n    \"NameOnAccount\": \"<string>\",\n    \"RoutingNumber\": \"<string>\",\n    \"StatusList\": {\n      \"Code\": \"<integer>\",\n      \"Message\": \"<string>\",\n      \"RecordNumber\": \"<integer>\",\n      \"Type\": \"<string>\"\n    },\n    \"TransType\": \"<string>\",\n    \"URI\": \"<string>\",\n    \"VendorCode\": \"<string>\"\n  },\n  \"NextPage\": \"<string>\",\n  \"RequestRunSummary\": \"<string>\",\n  \"TotalCount\": \"<integer>\",\n  \"Items\": {}\n}","options":{"raw":{"headerFamily":"json","language":"json"}}},"url":{"raw":"{{baseUrl}}/invoice/vendor/banks","host":["{{baseUrl}}"],"path":["invoice","vendor","banks"]},"description":"Updates/creates vendor banking information."},"response":[{"id":"3c26ada2-93a7-4888-8eb5-b8c99c2caf60","name":"Success","originalRequest":{"method":"PUT","header":[{"key":"Content-Type","value":"application/json"},{"key":"Accept","value":"application/json"}],"body":{"mode":"raw","raw":"{\n  \"VendorBank\": {\n    \"AccountNumber\": \"<string>\",\n    \"AccountType\": \"<string>\",\n    \"AddressCode\": \"<string>\",\n    \"BankCode\": \"<string>\",\n    \"BankName\": \"<string>\",\n    \"BranchCode\": \"<string>\",\n    \"BranchLocation\": \"<string>\",\n    \"CountryCode\": \"<string>\",\n    \"CurrencyAlphaCode\": \"<string>\",\n    \"ID\": \"<string>\",\n    \"IsActive\": \"<string>\",\n    \"NameOnAccount\": \"<string>\",\n    \"RoutingNumber\": \"<string>\",\n    \"StatusList\": {\n      \"Code\": \"<integer>\",\n      \"Message\": \"<string>\",\n      \"RecordNumber\": \"<integer>\",\n      \"Type\": \"<string>\"\n    },\n    \"TransType\": \"<string>\",\n    \"URI\": \"<string>\",\n    \"VendorCode\": \"<string>\"\n  },\n  \"NextPage\": \"<string>\",\n  \"RequestRunSummary\": \"<string>\",\n  \"TotalCount\": \"<integer>\",\n  \"Items\": {}\n}","options":{"raw":{"headerFamily":"json","language":"json"}}},"url":{"raw":"{{baseUrl}}/invoice/vendor/banks","host":["{{baseUrl}}"],"path":["invoice","vendor","banks"]}},"status":"OK","code":200,"_postman_previewlanguage":"json","header":[{"key":"Content-Type","value":"application/json"}],"cookie":[],"responseTime":null,"body":"{\n  \"VendorBank\": {\n    \"AccountNumber\": \"<string>\",\n    \"AccountType\": \"<string>\",\n    \"AddressCode\": \"<string>\",\n    \"BankCode\": \"<string>\",\n    \"BankName\": \"<string>\",\n    \"BranchCode\": \"<string>\",\n    \"BranchLocation\": \"<string>\",\n    \"CountryCode\": \"<string>\",\n    \"CurrencyAlphaCode\": \"<string>\",\n    \"ID\": \"<string>\",\n    \"IsActive\": \"<string>\",\n    \"NameOnAccount\": \"<string>\",\n    \"RoutingNumber\": \"<string>\",\n    \"StatusList\": {\n      \"Code\": \"<integer>\",\n      \"Message\": \"<string>\",\n      \"RecordNumber\": \"<integer>\",\n      \"Type\": \"<string>\"\n    },\n    \"TransType\": \"<string>\",\n    \"URI\": \"<string>\",\n    \"VendorCode\": \"<string>\"\n  },\n  \"NextPage\": \"<string>\",\n  \"RequestRunSummary\": \"<string>\",\n  \"TotalCount\": \"<integer>\",\n  \"Items\": {}\n}"}]}],"id":"1d3db80a-7828-4c92-b82c-c2d8593e7291"}],"id":"894b2eb4-a9c6-4d4a-82ee-f5a5619d471c"}],"id":"37cc5904-b780-4878-8d4d-a93891427c46"}],"variable":[{"id":"ebba6ccb-d89e-4c40-8cf9-831b85654afb","key":"baseUrl","value":"https://www.concursolutions.com/api/v3.0"}]}