{"info":{"_postman_id":"fe5671a0-d802-4428-a281-7efb281f8f06","name":"Expense Report Form Fields","description":"Returns the configured fields for the specified expense form.","schema":"https://schema.getpostman.com/json/collection/v2.1.0/collection.json"},"item":[{"name":"expense","item":[{"name":"expensereport","item":[{"name":"v1.1","item":[{"name":"report","item":[{"name":"Forms","item":[{"name":"{FormId}","item":[{"name":"Fields","item":[{"name":"Get form fields","id":"b8537c65-cbe1-4524-bd92-5b4c2a42dc58","protocolProfileBehavior":{"disableBodyPruning":true},"request":{"method":"GET","header":[{"key":"Accept","value":"application/xml"}],"url":{"raw":"{{baseUrl}}/expense/expensereport/v1.1/report/Forms/:FormId/Fields","host":["{{baseUrl}}"],"path":["expense","expensereport","v1.1","report","Forms",":FormId","Fields"],"variable":[{"id":"75eb8042-c29b-41cf-9cd5-fad0cd86dc84","key":"FormId","value":"<string>"}]},"description":"Retrieves the list of configured form fields for the specified form."},"response":[{"id":"59f55962-30f8-4bfd-b7c4-d9821e8628fd","name":"OK","originalRequest":{"method":"GET","header":[{"key":"Accept","value":"application/xml"},{"description":"Added as a part of security scheme: oauth2","key":"Authorization","value":"<token>"}],"url":{"raw":"{{baseUrl}}/expense/expensereport/v1.1/report/Forms/:FormId/Fields","host":["{{baseUrl}}"],"path":["expense","expensereport","v1.1","report","Forms",":FormId","Fields"],"variable":[{"key":"FormId"}]}},"status":"OK","code":200,"_postman_previewlanguage":"xml","header":[{"key":"Content-Type","value":"application/xml"}],"cookie":[],"responseTime":null,"body":"<?xml version=\"1.0\" encoding=\"UTF-8\"?>\n<element>\n  <FormField>\n    <Id>(string)</Id>\n    <Label>(string)</Label>\n    <ControlType>(string)</ControlType>\n    <DataType>(string)</DataType>\n    <MaxLength>(integer)</MaxLength>\n    <Required>(string)</Required>\n    <Cols>(integer)</Cols>\n    <Access>(string)</Access>\n    <Width>(integer)</Width>\n    <Custom>(string)</Custom>\n    <Sequence>(integer)</Sequence>\n  </FormField>\n  <FormField>\n    <Id>(string)</Id>\n    <Label>(string)</Label>\n    <ControlType>(string)</ControlType>\n    <DataType>(string)</DataType>\n    <MaxLength>(integer)</MaxLength>\n    <Required>(string)</Required>\n    <Cols>(integer)</Cols>\n    <Access>(string)</Access>\n    <Width>(integer)</Width>\n    <Custom>(string)</Custom>\n    <Sequence>(integer)</Sequence>\n  </FormField>\n</element>"},{"id":"38b61ce2-1585-4edc-9b86-3b7d2027f496","name":"Invalid request","originalRequest":{"method":"GET","header":[{"description":"Added as a part of security scheme: oauth2","key":"Authorization","value":"<token>"}],"url":{"raw":"{{baseUrl}}/expense/expensereport/v1.1/report/Forms/:FormId/Fields","host":["{{baseUrl}}"],"path":["expense","expensereport","v1.1","report","Forms",":FormId","Fields"],"variable":[{"key":"FormId"}]}},"status":"Bad Request","code":400,"_postman_previewlanguage":"text","header":[],"cookie":[],"responseTime":null,"body":""},{"id":"0161dde8-74e9-4888-9240-eaa7b16d3b11","name":"Unauthorized","originalRequest":{"method":"GET","header":[{"description":"Added as a part of security scheme: oauth2","key":"Authorization","value":"<token>"}],"url":{"raw":"{{baseUrl}}/expense/expensereport/v1.1/report/Forms/:FormId/Fields","host":["{{baseUrl}}"],"path":["expense","expensereport","v1.1","report","Forms",":FormId","Fields"],"variable":[{"key":"FormId"}]}},"status":"Unauthorized","code":401,"_postman_previewlanguage":"text","header":[],"cookie":[],"responseTime":null,"body":""},{"id":"ef0d9126-e54c-4e16-a4ac-6c4f1554f0f2","name":"Forbidden","originalRequest":{"method":"GET","header":[{"description":"Added as a part of security scheme: oauth2","key":"Authorization","value":"<token>"}],"url":{"raw":"{{baseUrl}}/expense/expensereport/v1.1/report/Forms/:FormId/Fields","host":["{{baseUrl}}"],"path":["expense","expensereport","v1.1","report","Forms",":FormId","Fields"],"variable":[{"key":"FormId"}]}},"status":"Forbidden","code":403,"_postman_previewlanguage":"text","header":[],"cookie":[],"responseTime":null,"body":""},{"id":"b1aa23c2-9afc-46ce-ac72-0f5092647e28","name":"Not Found","originalRequest":{"method":"GET","header":[{"description":"Added as a part of security scheme: oauth2","key":"Authorization","value":"<token>"}],"url":{"raw":"{{baseUrl}}/expense/expensereport/v1.1/report/Forms/:FormId/Fields","host":["{{baseUrl}}"],"path":["expense","expensereport","v1.1","report","Forms",":FormId","Fields"],"variable":[{"key":"FormId"}]}},"status":"Not Found","code":404,"_postman_previewlanguage":"text","header":[],"cookie":[],"responseTime":null,"body":""},{"id":"317e1e1d-b8bc-4a3e-a325-f00c93551b68","name":"Internal error","originalRequest":{"method":"GET","header":[{"description":"Added as a part of security scheme: oauth2","key":"Authorization","value":"<token>"}],"url":{"raw":"{{baseUrl}}/expense/expensereport/v1.1/report/Forms/:FormId/Fields","host":["{{baseUrl}}"],"path":["expense","expensereport","v1.1","report","Forms",":FormId","Fields"],"variable":[{"key":"FormId"}]}},"status":"Internal Server Error","code":500,"_postman_previewlanguage":"text","header":[],"cookie":[],"responseTime":null,"body":""}]}],"id":"09cf8006-ff26-4df7-9a20-a486209e46e4"}],"id":"d1e5df32-9377-4665-a642-c4be350f1711"}],"id":"26dfe969-3ba3-48b4-af69-33bac66d5ea1"}],"id":"731bed6a-9199-4a45-99de-ca5a855f47a2"}],"id":"c94899c5-bcc1-4d39-b855-714cbd268432"}],"id":"9c8879ff-265c-4a50-86fc-a9e3d2c01e17"}],"id":"5f00e51b-5d76-47b4-b908-a2e388deecfd"}],"auth":{"type":"bearer","bearer":[{"key":"token","value":"{{accessToken}}","type":"string"}]},"event":[{"listen":"prerequest","script":{"id":"27739830-844d-4f41-8c77-a33eb0b2630d","type":"text/javascript","exec":[""]}},{"listen":"test","script":{"id":"92eaa003-cf20-421d-9695-03d9db1f5518","type":"text/javascript","exec":[""]}}],"variable":[{"id":"b3cc9ef0-6ddd-4893-a9d2-4dcaab57052c","key":"baseUrl","value":"https://www.concursolutions.com/api/expense/expensereport/v1.1"}]}